EEG 1, EEG 2, EEG 3, EEG 4, EEG 5, EEG 6, EEG 7, EEG 8, TRIG
0.000,0.000,0.000,0.000,0.000,0.000,0.000,0.000,0.000
0.000,0.000,0.000,0.000,0.000,0.000,0.000,0.000,0.000
0.000,0.000,0.000,0.000,0.000,0.000,0.000,0.000,0.000
0.000,0.000,0.000,0.000,0.000,0.000,0.000,0.000,0.000
0.000,0.000,0.000,0.000,0.000,0.000,0.000,0.000,0.000
0.000,0.000,0.000,0.000,0.000,0.000,0.000,0.000,0.000
0.000,0.000,0.000,0.000,0.000,0.000,0.000,0.000,0.000
0.000,0.000,0.000,0.000,0.000,0.000,0.000,0.000,0.000
0.000,0.000,0.000,0.000,0.000,0.000,0.000,0.000,0.000
0.000,0.000,0.000,0.000,0.000,0.000,0.000,0.000,0.000
0.000,0.000,0.000,0.000,0.000,0.000,0.000,0.000,0.000
0.000,0.000,0.000,0.000,0.000,0.000,0.000,0.000,0.000
0.000,0.000,0.000,0.000,0.000,0.000,0.000,0.000,0.000
0.000,0.000,0.000,0.000,0.000,0.000,0.000,0.000,0.000
0.000,0.000,0.000,0.000,0.000,0.000,0.000,0.000,0.000
0.000,0.000,0.000,0.000,0.000,0.000,0.000,0.000,0.000
0.000,0.000,0.000,0.000,0.000,0.000,0.000,0.000,0.000
0.000,0.000,0.000,0.000,0.000,0.000,0.000,0.000,0.000
0.000,0.000,0.000,0.000,0.000,0.000,0.000,0.000,0.000
0.000,0.000,0.000,0.000,0.000,0.000,0.000,0.000,0.000
0.000,0.000,0.000,0.000,0.000,0.000,0.000,0.000,0.000
0.000,0.000,0.000,0.000,0.000,0.000,0.000,0.000,0.000
0.000,0.000,0.000,0.000,0.000,0.000,0.000,0.000,0.000
0.000,0.000,0.000,0.000,0.000,0.000,0.000,0.000,0.000
0.000,0.000,0.000,0.000,0.000,0.000,0.000,0.000,0.000
0.000,0.000,0.000,0.000,0.000,0.000,0.000,0.000,0.000
0.000,0.000,0.000,0.000,0.000,0.000,0.000,0.000,0.000
0.000,0.000,0.000,0.000,0.000,0.000,0.000,0.000,0.000
0.000,0.000,0.000,0.000,0.000,0.000,0.000,0.000,0.000
0.000,0.000,0.000,0.000,0.000,0.000,0.000,0.000,0.000
0.000,0.000,0.000,0.000,0.000,0.000,0.000,0.000,0.000
0.000,0.000,0.000,0.000,0.000,0.000,0.000,0.000,0.000
0.000,0.000,0.000,0.000,0.000,0.000,0.000,0.000,0.000
0.000,0.000,0.000,0.000,0.000,0.000,0.000,0.000,0.000
0.000,0.000,0.000,0.000,0.000,0.000,0.000,0.000,0.000
0.000,0.000,0.000,0.000,0.000,0.000,0.000,0.000,0.000
0.000,0.000,0.000,0.000,0.000,0.000,0.000,0.000,0.000
0.000,0.000,0.000,0.000,0.000,0.000,0.000,0.000,0.000
0.000,0.000,0.000,0.000,0.000,0.000,0.000,0.000,0.000
0.000,0.000,0.000,0.000,0.000,0.000,0.000,0.000,0.000
0.000,0.000,0.000,0.000,0.000,0.000,0.000,0.000,0.000
0.000,0.000,0.000,0.000,0.000,0.000,0.000,0.000,0.000
0.000,0.000,0.000,0.000,0.000,0.000,0.000,0.000,0.000
0.000,0.000,0.000,0.000,0.000,0.000,0.000,0.000,0.000
0.000,0.000,0.000,0.000,0.000,0.000,0.000,0.000,0.000
0.000,0.000,0.000,0.000,0.000,0.000,0.000,0.000,0.000
0.000,0.000,0.000,0.000,0.000,0.000,0.000,0.000,0.000
0.000,0.000,0.000,0.000,0.000,0.000,0.000,0.000,0.000
0.000,0.000,0.000,0.000,0.000,0.000,0.000,0.000,0.000
0.000,0.000,0.000,0.000,0.000,0.000,0.000,0.000,0.000
0.000,0.000,0.000,0.000,0.000,0.000,0.000,0.000,0.000
0.000,0.000,0.000,0.000,0.000,0.000,0.000,0.000,0.000
0.000,0.000,0.000,0.000,0.000,0.000,0.000,0.000,0.000
0.000,0.000,0.000,0.000,0.000,0.000,0.000,0.000,0.000
0.000,0.000,0.000,0.000,0.000,0.000,0.000,0.000,0.000
0.000,0.000,0.000,0.000,0.000,0.000,0.000,0.000,0.000
0.000,0.000,0.000,0.000,0.000,0.000,0.000,0.000,0.000
0.000,0.000,0.000,0.000,0.000,0.000,0.000,0.000,0.000
0.000,0.000,0.000,0.000,0.000,0.000,0.000,0.000,0.000
0.000,0.000,0.000,0.000,0.000,0.000,0.000,0.000,0.000
0.000,0.000,0.000,0.000,0.000,0.000,0.000,0.000,0.000
0.000,0.000,0.000,0.000,0.000,0.000,0.000,0.000,0.000
0.000,0.000,0.000,0.000,0.000,0.000,0.000,0.000,0.000
0.000,0.000,0.000,0.000,0.000,0.000,0.000,0.000,0.000
0.000,0.000,0.000,0.000,0.000,0.000,0.000,0.000,0.000
0.000,0.000,0.000,0.000,0.000,0.000,0.000,0.000,0.000
0.000,0.000,0.000,0.000,0.000,0.000,0.000,0.000,0.000
0.000,0.000,0.000,0.000,0.000,0.000,0.000,0.000,0.000
0.000,0.000,0.000,0.000,0.000,0.000,0.000,0.000,0.000
0.000,0.000,0.000,0.000,0.000,0.000,0.000,0.000,0.000
0.000,0.000,0.000,0.000,0.000,0.000,0.000,0.000,0.000
0.000,0.000,0.000,0.000,0.000,0.000,0.000,0.000,0.000
0.000,0.000,0.000,0.000,0.000,0.000,0.000,0.000,0.000
0.000,0.000,0.000,0.000,0.000,0.000,0.000,0.000,0.000
0.000,0.000,0.000,0.000,0.000,0.000,0.000,0.000,0.000
0.000,0.000,0.000,0.000,0.000,0.000,0.000,0.000,0.000
0.000,0.000,0.000,0.000,0.000,0.000,0.000,0.000,0.000
0.000,0.000,0.000,0.000,0.000,0.000,0.000,0.000,0.000
0.000,0.000,0.000,0.000,0.000,0.000,0.000,0.000,0.000
0.000,0.000,0.000,0.000,0.000,0.000,0.000,0.000,0.000
0.000,0.000,0.000,0.000,0.000,0.000,0.000,0.000,0.000
0.000,0.000,0.000,0.000,0.000,0.000,0.000,0.000,0.000
0.000,0.000,0.000,0.000,0.000,0.000,0.000,0.000,0.000
0.000,0.000,0.000,0.000,0.000,0.000,0.000,0.000,0.000
0.000,0.000,0.000,0.000,0.000,0.000,0.000,0.000,0.000
0.000,0.000,0.000,0.000,0.000,0.000,0.000,0.000,0.000
0.000,0.000,0.000,0.000,0.000,0.000,0.000,0.000,0.000
0.000,0.000,0.000,0.000,0.000,0.000,0.000,0.000,0.000
0.000,0.000,0.000,0.000,0.000,0.000,0.000,0.000,0.000
0.000,0.000,0.000,0.000,0.000,0.000,0.000,0.000,0.000
0.000,0.000,0.000,0.000,0.000,0.000,0.000,0.000,0.000
0.000,0.000,0.000,0.000,0.000,0.000,0.000,0.000,0.000
0.000,0.000,0.000,0.000,0.000,0.000,0.000,0.000,0.000
0.000,0.000,0.000,0.000,0.000,0.000,0.000,0.000,0.000
0.000,0.000,0.000,0.000,0.000,0.000,0.000,0.000,0.000
0.000,0.000,0.000,0.000,0.000,0.000,0.000,0.000,0.000
0.000,0.000,0.000,0.000,0.000,0.000,0.000,0.000,0.000
0.000,0.000,0.000,0.000,0.000,0.000,0.000,0.000,0.000
0.000,0.000,0.000,0.000,0.000,0.000,0.000,0.000,0.000
0.000,0.000,0.000,0.000,0.000,0.000,0.000,0.000,0.000
0.000,0.000,0.000,0.000,0.000,0.000,0.000,0.000,0.000
0.000,0.000,0.000,0.000,0.000,0.000,0.000,0.000,0.000
0.000,0.000,0.000,0.000,0.000,0.000,0.000,0.000,0.000
0.000,0.000,0.000,0.000,0.000,0.000,0.000,0.000,0.000
0.000,0.000,0.000,0.000,0.000,0.000,0.000,0.000,0.000
0.000,0.000,0.000,0.000,0.000,0.000,0.000,0.000,0.000
0.000,0.000,0.000,0.000,0.000,0.000,0.000,0.000,0.000
0.000,0.000,0.000,0.000,0.000,0.000,0.000,0.000,0.000
0.000,0.000,0.000,0.000,0.000,0.000,0.000,0.000,0.000
0.000,0.000,0.000,0.000,0.000,0.000,0.000,0.000,0.000
0.000,0.000,0.000,0.000,0.000,0.000,0.000,0.000,0.000
0.000,0.000,0.000,0.000,0.000,0.000,0.000,0.000,0.000
0.000,0.000,0.000,0.000,0.000,0.000,0.000,0.000,0.000
0.000,0.000,0.000,0.000,0.000,0.000,0.000,0.000,0.000
0.000,0.000,0.000,0.000,0.000,0.000,0.000,0.000,0.000
0.000,0.000,0.000,0.000,0.000,0.000,0.000,0.000,0.000
0.000,0.000,0.000,0.000,0.000,0.000,0.000,0.000,0.000
0.000,0.000,0.000,0.000,0.000,0.000,0.000,0.000,0.000
0.000,0.000,0.000,0.000,0.000,0.000,0.000,0.000,0.000
0.000,0.000,0.000,0.000,0.000,0.000,0.000,0.000,0.000
0.000,0.000,0.000,0.000,0.000,0.000,0.000,0.000,0.000
0.000,0.000,0.000,0.000,0.000,0.000,0.000,0.000,0.000
0.000,0.000,0.000,0.000,0.000,0.000,0.000,0.000,0.000
0.000,0.000,0.000,0.000,0.000,0.000,0.000,0.000,0.000
0.000,0.000,0.000,0.000,0.000,0.000,0.000,0.000,0.000
0.000,0.000,0.000,0.000,0.000,0.000,0.000,0.000,0.000
0.000,0.000,0.000,0.000,0.000,0.000,0.000,0.000,0.000
0.000,0.000,0.000,0.000,0.000,0.000,0.000,0.000,0.000
0.000,0.000,0.000,0.000,0.000,0.000,0.000,0.000,0.000
0.000,0.000,0.000,0.000,0.000,0.000,0.000,0.000,0.000
0.000,0.000,0.000,0.000,0.000,0.000,0.000,0.000,0.000
0.000,0.000,0.000,0.000,0.000,0.000,0.000,0.000,0.000
0.000,0.000,0.000,0.000,0.000,0.000,0.000,0.000,0.000
0.000,0.000,0.000,0.000,0.000,0.000,0.000,0.000,0.000
0.000,0.000,0.000,0.000,0.000,0.000,0.000,0.000,0.000
0.000,0.000,0.000,0.000,0.000,0.000,0.000,0.000,0.000
0.000,0.000,0.000,0.000,0.000,0.000,0.000,0.000,0.000
0.000,0.000,0.000,0.000,0.000,0.000,0.000,0.000,0.000
0.000,0.000,0.000,0.000,0.000,0.000,0.000,0.000,0.000
0.000,0.000,0.000,0.000,0.000,0.000,0.000,0.000,0.000
0.000,0.000,0.000,0.000,0.000,0.000,0.000,0.000,0.000
0.000,0.000,0.000,0.000,0.000,0.000,0.000,0.000,0.000
0.000,0.000,0.000,0.000,0.000,0.000,0.000,0.000,0.000
0.000,0.000,0.000,0.000,0.000,0.000,0.000,0.000,0.000
0.000,0.000,0.000,0.000,0.000,0.000,0.000,0.000,0.000
0.000,0.000,0.000,0.000,0.000,0.000,0.000,0.000,0.000
0.000,0.000,0.000,0.000,0.000,0.000,0.000,0.000,0.000
0.000,0.000,0.000,0.000,0.000,0.000,0.000,0.000,0.000
0.000,0.000,0.000,0.000,0.000,0.000,0.000,0.000,0.000
0.000,0.000,0.000,0.000,0.000,0.000,0.000,0.000,0.000
0.000,0.000,0.000,0.000,0.000,0.000,0.000,0.000,0.000
0.000,0.000,0.000,0.000,0.000,0.000,0.000,0.000,0.000
0.000,0.000,0.000,0.000,0.000,0.000,0.000,0.000,0.000
0.000,0.000,0.000,0.000,0.000,0.000,0.000,0.000,0.000
0.000,0.000,0.000,0.000,0.000,0.000,0.000,0.000,0.000
0.000,0.000,0.000,0.000,0.000,0.000,0.000,0.000,0.000
0.000,0.000,0.000,0.000,0.000,0.000,0.000,0.000,0.000
0.000,0.000,0.000,0.000,0.000,0.000,0.000,0.000,0.000
0.000,0.000,0.000,0.000,0.000,0.000,0.000,0.000,0.000
0.000,0.000,0.000,0.000,0.000,0.000,0.000,0.000,0.000
0.000,0.000,0.000,0.000,0.000,0.000,0.000,0.000,0.000
0.000,0.000,0.000,0.000,0.000,0.000,0.000,0.000,0.000
0.000,0.000,0.000,0.000,0.000,0.000,0.000,0.000,0.000
0.000,0.000,0.000,0.000,0.000,0.000,0.000,0.000,0.000
0.000,0.000,0.000,0.000,0.000,0.000,0.000,0.000,0.000
0.000,0.000,0.000,0.000,0.000,0.000,0.000,0.000,0.000
0.000,0.000,0.000,0.000,0.000,0.000,0.000,0.000,0.000
0.000,0.000,0.000,0.000,0.000,0.000,0.000,0.000,0.000
0.000,0.000,0.000,0.000,0.000,0.000,0.000,0.000,0.000
0.000,0.000,0.000,0.000,0.000,0.000,0.000,0.000,0.000
0.000,0.000,0.000,0.000,0.000,0.000,0.000,0.000,0.000
0.000,0.000,0.000,0.000,0.000,0.000,0.000,0.000,0.000
0.000,0.000,0.000,0.000,0.000,0.000,0.000,0.000,0.000
0.000,0.000,0.000,0.000,0.000,0.000,0.000,0.000,0.000
0.000,0.000,0.000,0.000,0.000,0.000,0.000,0.000,0.000
0.000,0.000,0.000,0.000,0.000,0.000,0.000,0.000,0.000
0.000,0.000,0.000,0.000,0.000,0.000,0.000,0.000,0.000
0.000,0.000,0.000,0.000,0.000,0.000,0.000,0.000,0.000
0.000,0.000,0.000,0.000,0.000,0.000,0.000,0.000,0.000
0.000,0.000,0.000,0.000,0.000,0.000,0.000,0.000,0.000
0.000,0.000,0.000,0.000,0.000,0.000,0.000,0.000,0.000
0.000,0.000,0.000,0.000,0.000,0.000,0.000,0.000,0.000
0.000,0.000,0.000,0.000,0.000,0.000,0.000,0.000,0.000
0.000,0.000,0.000,0.000,0.000,0.000,0.000,0.000,0.000
0.000,0.000,0.000,0.000,0.000,0.000,0.000,0.000,0.000
0.000,0.000,0.000,0.000,0.000,0.000,0.000,0.000,0.000
0.000,0.000,0.000,0.000,0.000,0.000,0.000,0.000,0.000
0.000,0.000,0.000,0.000,0.000,0.000,0.000,0.000,0.000
0.000,0.000,0.000,0.000,0.000,0.000,0.000,0.000,0.000
0.000,0.000,0.000,0.000,0.000,0.000,0.000,0.000,0.000
0.000,0.000,0.000,0.000,0.000,0.000,0.000,0.000,0.000
0.000,0.000,0.000,0.000,0.000,0.000,0.000,0.000,0.000
0.000,0.000,0.000,0.000,0.000,0.000,0.000,0.000,0.000
0.000,0.000,0.000,0.000,0.000,0.000,0.000,0.000,0.000
0.000,0.000,0.000,0.000,0.000,0.000,0.000,0.000,0.000
0.000,0.000,0.000,0.000,0.000,0.000,0.000,0.000,0.000
0.000,0.000,0.000,0.000,0.000,0.000,0.000,0.000,0.000
0.000,0.000,0.000,0.000,0.000,0.000,0.000,0.000,0.000
0.000,0.000,0.000,0.000,0.000,0.000,0.000,0.000,0.000
0.000,0.000,0.000,0.000,0.000,0.000,0.000,0.000,0.000
0.000,0.000,0.000,0.000,0.000,0.000,0.000,0.000,0.000
0.000,0.000,0.000,0.000,0.000,0.000,0.000,0.000,0.000
0.000,0.000,0.000,0.000,0.000,0.000,0.000,0.000,0.000
0.000,0.000,0.000,0.000,0.000,0.000,0.000,0.000,0.000
0.000,0.000,0.000,0.000,0.000,0.000,0.000,0.000,0.000
0.000,0.000,0.000,0.000,0.000,0.000,0.000,0.000,0.000
0.000,0.000,0.000,0.000,0.000,0.000,0.000,0.000,0.000
0.000,0.000,0.000,0.000,0.000,0.000,0.000,0.000,0.000
0.000,0.000,0.000,0.000,0.000,0.000,0.000,0.000,0.000
0.000,0.000,0.000,0.000,0.000,0.000,0.000,0.000,0.000
0.000,0.000,0.000,0.000,0.000,0.000,0.000,0.000,0.000
0.000,0.000,0.000,0.000,0.000,0.000,0.000,0.000,0.000
0.000,0.000,0.000,0.000,0.000,0.000,0.000,0.000,0.000
0.000,0.000,0.000,0.000,0.000,0.000,0.000,0.000,0.000
0.000,0.000,0.000,0.000,0.000,0.000,0.000,0.000,0.000
0.000,0.000,0.000,0.000,0.000,0.000,0.000,0.000,0.000
0.000,0.000,0.000,0.000,0.000,0.000,0.000,0.000,0.000
0.000,0.000,0.000,0.000,0.000,0.000,0.000,0.000,0.000
0.000,0.000,0.000,0.000,0.000,0.000,0.000,0.000,0.000
0.000,0.000,0.000,0.000,0.000,0.000,0.000,0.000,0.000
0.000,0.000,0.000,0.000,0.000,0.000,0.000,0.000,0.000
0.000,0.000,0.000,0.000,0.000,0.000,0.000,0.000,0.000
0.000,0.000,0.000,0.000,0.000,0.000,0.000,0.000,0.000
0.000,0.000,0.000,0.000,0.000,0.000,0.000,0.000,0.000
0.000,0.000,0.000,0.000,0.000,0.000,0.000,0.000,0.000
0.000,0.000,0.000,0.000,0.000,0.000,0.000,0.000,0.000
0.000,0.000,0.000,0.000,0.000,0.000,0.000,0.000,0.000
0.000,0.000,0.000,0.000,0.000,0.000,0.000,0.000,0.000
0.000,0.000,0.000,0.000,0.000,0.000,0.000,0.000,0.000
0.000,0.000,0.000,0.000,0.000,0.000,0.000,0.000,0.000
0.000,0.000,0.000,0.000,0.000,0.000,0.000,0.000,0.000
0.000,0.000,0.000,0.000,0.000,0.000,0.000,0.000,0.000
0.000,0.000,0.000,0.000,0.000,0.000,0.000,0.000,0.000
0.000,0.000,0.000,0.000,0.000,0.000,0.000,0.000,0.000
0.000,0.000,0.000,0.000,0.000,0.000,0.000,0.000,0.000
0.000,0.000,0.000,0.000,0.000,0.000,0.000,0.000,0.000
0.000,0.000,0.000,0.000,0.000,0.000,0.000,0.000,0.000
0.001,0.000,0.000,0.000,0.000,0.000,0.000,0.000,0.000
0.006,-0.003,-0.003,0.000,0.000,0.004,0.000,-0.003,0.000
0.035,-0.015,-0.015,0.000,0.001,0.020,0.000,-0.019,0.000
0.122,-0.052,-0.052,0.000,0.002,0.068,-0.001,-0.065,0.000
0.300,-0.128,-0.128,0.001,0.004,0.159,-0.001,-0.156,0.000
0.556,-0.236,-0.235,0.015,0.006,0.264,0.007,-0.277,0.000
0.821,-0.343,-0.342,0.058,0.004,0.300,0.038,-0.372,0.000
0.999,-0.406,-0.415,0.156,-0.014,0.179,0.103,-0.378,0.000
1.038,-0.402,-0.463,0.329,-0.075,-0.078,0.194,-0.280,0.000
0.947,-0.342,-0.566,0.588,-0.230,-0.303,0.271,-0.139,0.000
0.771,-0.256,-0.826,0.937,-0.531,-0.272,0.287,-0.049,0.000
0.539,-0.178,-1.299,1.349,-0.976,0.133,0.216,-0.053,0.000
0.233,-0.139,-1.961,1.765,-1.495,0.845,0.073,-0.114,0.000
-0.189,-0.148,-2.735,2.122,-1.978,1.673,-0.098,-0.139,0.000
-0.735,-0.163,-3.508,2.395,-2.329,2.374,-0.236,-0.020,0.000
-1.356,-0.079,-4.149,2.623,-2.478,2.686,-0.261,0.339,0.000
-1.945,0.218,-4.536,2.887,-2.393,2.441,-0.109,0.976,0.000
-2.344,0.755,-4.605,3.285,-2.105,1.760,0.209,1.771,0.000
-2.330,1.428,-4.350,3.926,-1.710,1.134,0.596,2.400,0.000
-1.707,2.044,-3.804,4.876,-1.355,1.162,0.931,2.503,0.000
-0.471,2.360,-3.027,6.051,-1.249,2.140,1.196,1.950,0.000
1.125,2.104,-2.100,7.170,-1.672,3.889,1.523,0.956,0.000
2.701,1.111,-1.120,7.869,-2.865,5.940,2.103,-0.067,0.000
3.909,-0.381,-0.226,7.887,-4.786,7.772,3.013,-0.726,0.000
4.500,-1.603,0.384,7.125,-7.010,8.935,4.142,-0.744,0.000
4.357,-1.648,0.500,5.634,-8.914,9.144,5.288,-0.050,0.000
3.571,-0.116,0.005,3.649,-9.927,8.420,6.329,1.031,0.000
2.456,2.612,-1.094,1.592,-9.622,7.107,7.304,1.717,0.000
1.414,5.674,-2.710,-0.084,-7.840,5.649,8.343,1.150,0.000
0.773,8.124,-4.691,-1.110,-4.987,4.300,9.520,-0.953,0.000
0.741,9.117,-6.834,-1.458,-2.148,3.012,10.768,-4.045,0.000
1.382,8.090,-8.926,-1.263,-0.589,1.594,11.910,-7.123,0.000
2.533,5.089,-10.756,-0.729,-1.013,0.002,12.690,-9.258,0.000
3.787,0.834,-12.099,-0.067,-3.265,-1.502,12.793,-9.830,0.000
4.669,-3.660,-12.752,0.549,-6.612,-2.514,11.964,-8.628,0.000
4.894,-7.491,-12.620,1.028,-10.041,-2.791,10.241,-6.062,0.000
4.457,-10.014,-11.734,1.360,-12.425,-2.393,8.042,-3.189,0.000
3.539,-10.932,-10.233,1.606,-12.882,-1.576,5.942,-1.209,0.000
2.398,-10.515,-8.404,1.917,-11.354,-0.619,4.364,-0.735,0.000
1.302,-9.636,-6.702,2.546,-8.772,0.267,3.466,-1.525,0.000
0.458,-9.337,-5.604,3.742,-6.478,0.994,3.196,-2.871,0.000
-0.075,-10.206,-5.376,5.538,-5.405,1.646,3.369,-4.160,0.000
-0.392,-12.139,-5.991,7.668,-5.742,2.476,3.732,-5.158,0.000
-0.611,-14.623,-7.214,9.717,-7.124,3.752,4.036,-5.937,0.000
-0.673,-17.156,-8.634,11.329,-8.902,5.503,4.074,-6.661,0.000
-0.246,-19.456,-9.695,12.289,-10.320,7.405,3.678,-7.431,0.000
1.067,-21.440,-9.890,12.544,-10.745,8.955,2.760,-8.210,0.000
3.308,-23.071,-9.079,12.263,-9.955,9.699,1.446,-8.749,0.000
5.982,-24.240,-7.583,11.830,-8.191,9.332,0.128,-8.567,0.000
8.334,-24.812,-5.888,11.623,-5.933,7.749,-0.725,-7.190,0.000
9.792,-24.810,-4.172,11.668,-3.659,5.207,-0.880,-4.562,0.000
10.153,-24.507,-2.104,11.499,-1.745,2.373,-0.474,-1.206,0.000
9.543,-24.270,0.833,10.475,-0.406,0.020,0.112,2.078,0.000
8.375,-24.297,4.661,8.352,0.397,-1.383,0.394,4.627,0.000
7.302,-24.485,8.579,5.535,0.959,-1.824,-0.135,6.087,0.000
6.936,-24.540,11.430,2.760,1.640,-1.615,-1.837,6.406,0.000
7.465,-24.146,12.508,0.595,2.596,-1.231,-4.612,5.852,0.000
8.513,-23.059,11.919,-0.797,3.659,-1.223,-7.795,4.966,0.000
9.426,-21.196,10.341,-1.548,4.505,-2.044,-10.533,4.289,0.000
9.681,-18.825,8.683,-1.882,4.921,-3.802,-12.363,3.975,0.000
9.058,-16.626,7.887,-1.952,4.932,-6.187,-13.434,3.653,0.000
7.610,-15.363,8.641,-1.807,4.700,-8.657,-14.240,2.756,0.000
5.624,-15.362,10.956,-1.397,4.321,-10.624,-15.183,1.085,0.000
3.573,-16.303,14.055,-0.605,3.723,-11.530,-16.327,-0.929,0.000
1.899,-17.492,16.845,0.681,2.771,-11.029,-17.450,-2.541,0.000
0.712,-18.229,18.532,2.476,1.531,-9.371,-18.143,-3.232,0.000
-0.302,-17.982,18.862,4.663,0.406,-7.526,-17.891,-2.962,0.000
-1.625,-16.483,17.977,7.076,-0.068,-6.660,-16.303,-2.059,0.000
-3.482,-13.906,16.218,9.584,0.398,-7.274,-13.535,-1.031,0.000
-5.640,-10.891,13.978,12.126,1.686,-8.853,-10.438,-0.449,0.000
-7.603,-8.236,11.584,14.655,3.374,-10.318,-8.104,-0.764,0.000
-8.930,-6.483,9.219,17.019,4.869,-10.745,-7.168,-2.053,0.000
-9.379,-5.779,6.945,18.878,5.474,-9.698,-7.532,-3.953,0.000
-8.916,-5.929,4.791,19.819,4.654,-7.270,-8.620,-5.885,0.000
-7.740,-6.400,2.913,19.564,2.511,-4.160,-9.767,-7.312,0.000
-6.254,-6.348,1.677,18.039,-0.053,-1.645,-10.413,-7.835,0.000
-4.902,-4.982,1.454,15.353,-1.827,-0.957,-10.209,-7.237,0.000
-3.990,-2.174,2.213,11.849,-2.040,-2.297,-9.112,-5.589,0.000
-3.636,1.317,3.343,8.120,-0.660,-4.457,-7.366,-3.265,0.000
-3.823,4.348,3.998,4.823,1.825,-5.646,-5.347,-0.780,0.000
-4.441,6.159,3.637,2.464,4.696,-4.796,-3.442,1.360,0.000
-5.322,6.701,2.259,1.344,7.175,-2.134,-2.018,2.697,0.000
-6.262,6.419,0.218,1.531,8.659,1.268,-1.345,2.923,0.000
-6.989,5.890,-2.056,2.698,9.032,4.209,-1.451,2.093,0.000
-7.136,5.616,-4.218,4.082,8.728,5.739,-2.090,0.692,0.000
-6.367,5.902,-6.042,4.792,8.425,5.361,-2.897,-0.616,0.000
-4.661,6.755,-7.389,4.259,8.642,3.279,-3.612,-1.319,0.000
-2.418,7.898,-8.130,2.393,9.567,0.397,-4.167,-1.184,0.000
-0.249,8.954,-8.167,-0.548,11.090,-2.192,-4.670,-0.252,0.000
1.318,9.650,-7.553,-4.079,12.810,-3.870,-5.364,1.126,0.000
1.945,9.888,-6.548,-7.572,14.067,-4.734,-6.595,2.298,0.000
1.525,9.678,-5.525,-10.462,14.224,-5.245,-8.622,2.591,0.000
0.260,9.036,-4.848,-12.524,13.125,-5.654,-11.259,1.753,0.000
-1.336,7.922,-4.832,-13.929,11.255,-5.708,-13.722,0.106,0.000
-2.656,6.309,-5.638,-15.012,9.376,-4.930,-15.050,-1.732,0.000
-3.278,4.385,-7.063,-15.914,7.980,-3.234,-14.798,-3.247,0.000
-3.062,2.653,-8.466,-16.407,7.044,-1.237,-13.316,-4.205,0.000
-2.106,1.726,-9.075,-16.071,6.211,0.107,-11.406,-4.590,0.000
-0.766,1.974,-8.470,-14.656,5.127,0.139,-9.795,-4.453,0.000
0.361,3.381,-6.769,-12.237,3.622,-1.207,-8.878,-3.807,0.000
0.663,5.605,-4.417,-9.130,1.717,-3.547,-8.690,-2.652,0.000
-0.125,7.976,-1.897,-5.777,-0.413,-6.252,-8.899,-1.150,0.000
-1.798,9.499,0.404,-2.686,-2.489,-8.573,-8.863,0.268,0.000
-3.888,9.244,2.203,-0.274,-4.251,-9.887,-7.956,1.062,0.000
-5.907,7.000,3.210,1.348,-5.612,-9.994,-6.074,0.839,0.000
-7.467,3.517,3.024,2.426,-6.702,-9.186,-3.822,-0.543,0.000
-8.306,0.014,1.300,3.346,-7.749,-7.977,-2.097,-2.953,0.000
-8.287,-2.495,-1.813,4.329,-8.903,-6.774,-1.433,-5.842,0.000
-7.356,-3.488,-5.483,5.285,-10.166,-5.725,-1.722,-8.199,0.000
-5.531,-2.935,-8.565,5.958,-11.413,-4.775,-2.425,-8.986,0.000
-3.013,-1.328,-10.161,6.181,-12.443,-3.764,-2.906,-7.861,0.000
-0.238,0.375,-9.836,5.993,-12.999,-2.506,-2.605,-5.448,0.000
2.265,1.192,-7.610,5.537,-12.873,-0.901,-1.179,-2.825,0.000
4.082,0.741,-4.056,4.834,-12.114,0.869,1.308,-0.769,0.000
4.975,-0.543,-0.283,3.663,-11.092,2.266,4.345,0.587,0.000
4.885,-1.842,2.492,1.744,-10.281,2.703,7.225,1.541,0.000
3.993,-2.621,3.520,-0.867,-9.913,2.080,9.316,2.388,0.000
2.715,-2.927,2.701,-3.585,-9.831,1.005,10.141,3.157,0.000
1.506,-3.165,0.417,-5.618,-9.684,0.397,9.437,3.655,0.000
0.596,-3.635,-2.574,-6.524,-9.273,0.817,7.323,3.641,0.000
-0.106,-4.289,-5.214,-6.450,-8.713,2.178,4.330,2.943,0.000
-0.834,-4.817,-6.504,-5.912,-8.302,3.935,1.143,1.539,0.000
-1.673,-4.866,-6.022,-5.460,-8.248,5.390,-1.688,-0.308,0.000
-2.406,-4.158,-4.093,-5.488,-8.526,5.859,-3.855,-2.004,0.000
-2.675,-2.565,-1.491,-6.180,-8.910,4.889,-5.251,-2.915,0.000
-2.277,-0.195,0.882,-7.457,-9.017,2.612,-5.902,-2.817,0.000
-1.316,2.594,2.133,-9.007,-8.348,-0.162,-5.905,-2.057,0.000
-0.097,5.382,1.623,-10.440,-6.478,-2.384,-5.393,-1.279,0.000
1.026,7.915,-0.622,-11.464,-3.399,-3.386,-4.613,-0.992,0.000
1.724,10.175,-3.789,-11.931,0.356,-3.124,-3.968,-1.384,0.000
1.773,12.249,-6.735,-11.834,4.003,-2.010,-3.873,-2.371,0.000
1.146,14.081,-8.584,-11.351,6.908,-0.701,-4.496,-3.700,0.000
0.027,15.340,-8.955,-10.856,8.726,0.017,-5.658,-5.026,0.000
-1.283,15.599,-7.901,-10.754,9.388,-0.477,-6.958,-6.025,0.000
-2.436,14.706,-5.864,-11.233,9.090,-2.212,-7.943,-6.501,0.000
-3.043,12.936,-3.599,-12.175,8.234,-4.479,-8.172,-6.398,0.000
-2.752,10.801,-1.842,-13.245,7.245,-6.306,-7.334,-5.751,0.000
-1.386,8.758,-0.882,-14.010,6.348,-7.153,-5.461,-4.672,0.000
1.025,7.077,-0.418,-13.972,5.504,-7.209,-2.977,-3.336,0.000
4.269,5.845,0.137,-12.732,4.542,-7.042,-0.460,-1.931,0.000
7.848,5.012,1.176,-10.258,3.395,-6.992,1.688,-0.617,0.000
10.930,4.458,2.679,-6.980,2.213,-6.856,3.349,0.472,0.000
12.640,4.088,4.312,-3.605,1.253,-6.110,4.575,1.239,0.000
12.528,3.941,5.593,-0.931,0.669,-4.397,5.346,1.643,0.000
10.732,4.228,5.980,0.194,0.409,-1.771,5.431,1.689,0.000
7.788,5.167,5.077,-0.839,0.254,1.389,4.526,1.410,0.000
4.467,6.660,2.980,-3.826,-0.130,4.518,2.590,0.874,0.000
1.701,8.154,0.394,-7.551,-1.159,6.948,0.002,0.182,0.000
0.305,8.946,-1.722,-10.439,-3.144,8.121,-2.636,-0.535,0.000
0.577,8.699,-2.646,-11.559,-5.922,7.887,-4.791,-1.108,0.000
2.190,7.660,-2.078,-11.016,-8.719,6.578,-6.120,-1.304,0.000
4.465,6.421,-0.107,-9.533,-10.550,4.755,-6.510,-0.924,0.000
6.660,5.528,2.753,-7.770,-10.861,2.902,-6.154,0.007,0.000
8.099,5.296,5.588,-5.957,-9.793,1.310,-5.538,1.170,0.000
8.285,5.766,7.425,-3.972,-7.941,0.138,-5.179,2.131,0.000
7.095,6.640,7.710,-1.639,-6.030,-0.408,-5.240,2.628,0.000
4.794,7.301,6.457,1.075,-4.756,0.043,-5.384,2.694,0.000
1.886,7.139,4.077,4.047,-4.617,1.842,-5.064,2.557,0.000
-0.982,6.078,1.248,7.037,-5.704,4.868,-4.009,2.482,0.000
-3.029,4.773,-1.162,9.726,-7.675,8.321,-2.457,2.691,0.000
-3.575,4.185,-2.381,11.814,-9.976,11.132,-0.976,3.326,0.000
-2.426,4.884,-2.150,13.108,-12.058,12.611,-0.181,4.425,0.000
-0.005,6.745,-0.858,13.527,-13.451,12.710,-0.611,5.931,0.000
2.918,9.195,0.771,13.076,-13.822,11.834,-2.574,7.734,0.000
5.529,11.583,2.048,11.873,-13.071,10.566,-5.865,9.671,0.000
7.086,13.374,2.487,10.151,-11.335,9.490,-9.684,11.501,0.000
7.086,14.229,1.853,8.144,-8.874,8.998,-13.030,12.950,0.000
5.542,14.058,0.228,5.921,-6.012,9.035,-15.231,13.733,0.000
3.048,12.971,-1.993,3.322,-3.114,9.044,-16.132,13.546,0.000
0.402,11.190,-4.287,0.127,-0.509,8.339,-15.912,12.159,0.000
-1.905,9.046,-6.144,-3.606,1.595,6.714,-14.813,9.650,0.000
-3.886,7.003,-7.105,-7.364,3.114,4.695,-12.974,6.490,0.000
-5.826,5.543,-6.868,-10.442,4.042,3.138,-10.472,3.338,0.000
-7.853,5.005,-5.534,-12.357,4.401,2.570,-7.556,0.778,0.000
-9.697,5.543,-3.691,-13.023,4.205,2.888,-4.791,-0.765,0.000
-10.874,7.106,-2.132,-12.653,3.471,3.581,-2.828,-1.083,0.000
-11.066,9.311,-1.482,-11.644,2.277,4.107,-1.981,-0.322,0.000
-10.295,11.401,-2.064,-10.485,0.801,4.100,-2.049,1.003,0.000
-8.822,12.605,-3.915,-9.631,-0.735,3.403,-2.533,2.249,0.000
-6.983,12.737,-6.760,-9.367,-2.128,2.075,-2.948,2.960,0.000
-5.089,12.427,-10.047,-9.802,-3.211,0.337,-2.991,2.978,0.000
-3.349,12.674,-13.162,-10.913,-3.870,-1.536,-2.577,2.373,0.000
-1.815,14.105,-15.693,-12.534,-4.071,-3.269,-1.879,1.369,0.000
-0.398,16.649,-17.497,-14.359,-3.858,-4.584,-1.303,0.282,0.000
1.012,19.741,-18.603,-16.030,-3.345,-5.263,-1.249,-0.591,0.000
2.343,22.634,-19.091,-17.218,-2.762,-5.284,-1.735,-1.104,0.000
3.263,24.571,-19.008,-17.643,-2.474,-4.862,-2.254,-1.289,0.000
3.382,25.021,-18.399,-17.110,-2.838,-4.366,-2.129,-1.285,0.000
2.640,24.012,-17.463,-15.645,-3.925,-4.230,-1.122,-1.253,0.000
1.473,22.219,-16.628,-13.513,-5.410,-4.925,0.293,-1.330,0.000
0.518,20.528,-16.358,-11.047,-6.773,-6.770,1.295,-1.586,0.000
0.131,19.430,-16.777,-8.415,-7.593,-9.552,1.325,-1.941,0.000
0.167,18.776,-17.515,-5.529,-7.672,-12.373,0.368,-2.140,0.000
0.226,18.058,-17.933,-2.213,-7.063,-14.099,-1.189,-1.891,0.000
0.098,16.895,-17.459,1.434,-6.136,-14.060,-2.797,-1.108,0.000
-0.008,15.291,-15.745,4.847,-5.588,-12.329,-3.889,-0.010,0.000
0.338,13.537,-12.694,7.218,-6.097,-9.493,-4.057,1.038,0.000
1.366,12.038,-8.573,7.880,-7.741,-6.379,-3.295,1.762,0.000
2.889,11.200,-4.024,6.442,-9.768,-3.891,-2.053,2.085,0.000
4.456,11.252,0.182,2.856,-11.017,-2.710,-0.955,2.089,0.000
5.597,11.958,3.406,-2.346,-10.582,-2.818,-0.429,1.936,0.000
5.958,12.519,5.209,-7.983,-8.072,-3.366,-0.559,1.816,0.000
5.381,12.029,5.393,-12.698,-3.608,-3.213,-1.168,1.898,0.000
4.032,10.233,4.168,-15.610,2.094,-1.747,-1.927,2.289,0.000
2.423,7.843,2.189,-16.518,7.728,0.764,-2.422,3.030,0.000
1.126,6.038,0.282,-15.700,11.945,3.524,-2.296,4.082,0.000
0.368,5.663,-0.882,-13.685,14.134,5.750,-1.453,5.234,0.000
-0.131,6.867,-0.892,-11.095,14.692,6.936,-0.117,6.064,0.000
-0.906,9.247,0.354,-8.485,14.540,6.881,1.291,6.152,0.000
-2.340,12.040,2.499,-6.231,14.438,5.680,2.288,5.481,0.000
-4.471,14.265,4.690,-4.541,14.653,3.649,2.370,4.606,0.000
-7.061,15.087,5.954,-3.462,15.073,1.206,1.185,4.296,0.000
-9.684,14.342,5.745,-2.808,15.496,-1.143,-1.122,4.953,0.000
-11.779,12.701,4.145,-2.144,15.820,-2.768,-3.775,6.343,0.000
-12.894,11.204,1.623,-1.008,16.081,-3.098,-5.773,7.827,0.000
-13.059,10.622,-1.254,0.706,16.408,-1.997,-6.472,8.708,0.000
-12.920,11.181,-3.977,2.585,16.981,0.105,-5.820,8.412,0.000
-13.324,12.654,-6.159,3.969,17.921,2.504,-4.169,6.663,0.000
-14.665,14.453,-7.541,4.391,19.125,4.606,-2.019,3.821,0.000
-16.587,15.713,-7.928,3.767,20.205,6.095,0.138,0.978,0.000
-18.293,15.617,-7.216,2.347,20.694,6.897,1.931,-0.582,0.000
-19.005,13.850,-5.556,0.682,20.376,7.077,3.210,-0.198,0.000
-18.187,10.757,-3.434,-0.415,19.415,6.746,4.029,1.845,0.000
-15.658,7.067,-1.483,-0.201,18.178,5.989,4.540,4.657,0.000
-11.814,3.615,-0.248,1.470,16.966,4.845,4.898,7.185,0.000
-7.678,1.230,-0.103,3.960,15.888,3.317,5.205,8.422,0.000
-4.440,0.526,-1.196,6.294,14.891,1.428,5.483,7.664,0.000
-2.820,1.536,-3.283,7.809,13.860,-0.659,5.599,4.921,0.000
-2.850,3.627,-5.690,8.436,12.678,-2.575,5.243,1.000,0.000
-4.071,5.860,-7.634,8.511,11.236,-3.908,4.091,-2.985,0.000
-5.764,7.441,-8.663,8.439,9.408,-4.459,2.126,-6.251,0.000
-7.069,7.903,-8.818,8.503,7.023,-4.338,-0.230,-8.603,0.000
-7.241,7.121,-8.437,8.813,3.964,-3.833,-2.314,-10.260,0.000
-5.993,5.408,-7.856,9.315,0.435,-3.214,-3.514,-11.593,0.000
-3.581,3.491,-7.252,9.837,-2.911,-2.642,-3.372,-12.938,0.000
-0.564,2.152,-6.661,10.199,-5.277,-2.164,-1.683,-14.473,0.000
2.426,1.699,-6.077,10.340,-6.228,-1.745,1.273,-16.081,0.000
4.791,1.772,-5.532,10.362,-5.885,-1.297,4.670,-17.311,0.000
6.108,1.690,-5.085,10.436,-4.731,-0.729,7.520,-17.619,0.000
6.363,1.005,-4.769,10.657,-3.347,0.018,9.213,-16.747,0.000
6.001,-0.242,-4.546,10.984,-2.268,0.963,9.711,-14.862,0.000
5.639,-1.672,-4.323,11.303,-1.868,2.097,9.366,-12.387,0.000
5.668,-2.852,-3.963,11.542,-2.224,3.394,8.668,-9.786,0.000
6.079,-3.456,-3.307,11.732,-3.107,4.807,8.108,-7.475,0.000
6.626,-3.356,-2.296,11.976,-4.134,6.289,8.007,-5.754,0.000
7.095,-2.766,-1.239,12.409,-4.916,7.797,8.314,-4.753,0.000
7.452,-2.267,-0.929,13.160,-5.107,9.290,8.544,-4.462,0.000
7.817,-2.513,-2.225,14.283,-4.464,10.680,8.081,-4.796,0.000
8.383,-3.793,-5.289,15.593,-2.975,11.731,6.638,-5.634,0.000
9.358,-5.856,-9.265,16.590,-0.897,11.984,4.454,-6.832,0.000
10.858,-8.129,-12.795,16.666,1.388,10.972,2.076,-8.247,0.000
12.729,-9.993,-14.818,15.419,3.518,8.625,0.057,-9.713,0.000
14.478,-10.909,-14.907,12.774,5.195,5.445,-1.182,-11.031,0.000
15.539,-10.530,-13.250,8.922,6.212,2.247,-1.444,-12.044,0.000
15.706,-8.900,-10.667,4.338,6.487,-0.188,-0.904,-12.787,0.000
15.309,-6.485,-8.557,-0.223,6.034,-1.248,-0.127,-13.550,0.000
14.939,-3.915,-8.249,-3.973,4.919,-0.622,0.216,-14.685,0.000
15.017,-1.648,-9.997,-6.418,3.237,1.405,-0.234,-16.275,0.000
15.589,0.145,-12.606,-7.440,1.109,3.889,-1.368,-17.981,0.000
16.425,1.510,-14.291,-7.199,-1.347,5.713,-2.783,-19.246,0.000
17.209,2.573,-14.036,-6.069,-4.021,6.303,-4.021,-19.621,0.000
17.641,3.450,-12.191,-4.588,-6.795,5.913,-4.685,-18.897,0.000
17.547,4.243,-9.915,-3.290,-9.503,5.266,-4.516,-17.096,0.000
17.006,5.098,-8.229,-2.522,-11.825,5.002,-3.511,-14.468,0.000
16.374,6.248,-7.522,-2.395,-13.205,5.402,-1.922,-11.466,0.000
16.039,7.914,-7.584,-2.823,-13.079,6.395,-0.115,-8.570,0.000
16.035,10.084,-7.765,-3.504,-11.329,7.598,1.582,-6.096,0.000
15.866,12.402,-7.137,-3.916,-8.447,8.386,2.922,-4.154,0.000
14.835,14.343,-4.915,-3.536,-5.245,8.178,3.738,-2.750,0.000
12.594,15.458,-1.117,-2.182,-2.449,6.862,3.921,-1.956,0.000
9.397,15.475,3.217,-0.136,-0.528,4.941,3.384,-1.997,0.000
5.849,14.342,6.661,2.068,0.362,3.178,2.103,-3.076,0.000
2.547,12.365,8.362,3.952,0.483,2.065,0.294,-4.932,0.000
-0.107,10.239,8.432,5.220,0.501,1.603,-1.515,-6.639,0.000
-1.976,8.712,7.595,5.765,1.119,1.505,-2.720,-7.051,0.000
-3.295,8.072,6.646,5.663,2.505,1.565,-3.035,-5.554,0.000
-4.652,7.952,6.157,5.131,4.070,1.858,-2.649,-2.387,0.000
-6.641,7.635,6.399,4.414,4.895,2.621,-2.010,1.648,0.000
-9.288,6.536,7.324,3.692,4.442,3.932,-1.490,5.557,0.000
-11.817,4.424,8.627,3.056,2.866,5.538,-1.223,8.337,0.000
-13.121,1.417,9.914,2.540,0.764,6.965,-1.136,9.254,0.000
-12.546,-1.993,10.842,2.182,-1.233,7.701,-1.039,8.276,0.000
-10.226,-4.956,11.151,2.062,-2.672,7.281,-0.685,6.161,0.000
-6.822,-6.571,10.700,2.258,-3.322,5.459,0.152,3.979,0.000
-3.172,-6.326,9.575,2.740,-3.183,2.549,1.622,2.454,0.000
-0.092,-4.232,8.125,3.331,-2.419,-0.443,3.793,1.701,0.000
1.872,-0.705,6.790,3.820,-1.267,-2.346,6.628,1.389,0.000
2.784,3.444,5.861,4.179,-0.017,-2.628,9.850,0.994,0.000
3.400,7.022,5.391,4.655,0.977,-1.721,12.873,-0.041,0.000
4.657,8.898,5.253,5.607,1.364,-0.559,15.024,-2.098,0.000
6.877,8.722,5.222,7.198,0.934,0.148,15.909,-5.058,0.000
9.433,7.174,5.032,9.249,-0.345,0.263,15.535,-8.194,0.000
11.250,5.460,4.470,11.343,-2.327,0.060,14.184,-10.556,0.000
11.663,4.598,3.528,12.944,-4.595,-0.127,12.266,-11.528,0.000
10.803,5.109,2.441,13.444,-6.412,-0.125,10.237,-11.040,0.000
9.324,7.052,1.515,12.394,-7.004,0.047,8.464,-9.429,0.000
7.944,10.088,0.857,9.921,-6.020,0.222,7.075,-7.281,0.000
7.184,13.573,0.261,6.882,-3.690,0.143,5.929,-5.337,0.000
7.228,16.797,-0.621,4.389,-0.600,-0.400,4.776,-4.292,0.000
7.742,19.164,-1.975,3.096,2.577,-1.354,3.482,-4.561,0.000
7.855,20.216,-3.674,2.910,5.207,-2.344,2.128,-6.234,0.000
6.643,19.700,-5.397,3.254,6.817,-2.905,0.902,-9.105,0.000
3.898,17.797,-6.797,3.465,7.274,-2.871,-0.099,-12.535,0.000
0.449,15.200,-7.594,3.007,6.793,-2.541,-0.972,-15.380,0.000
-2.391,12.773,-7.632,1.634,5.783,-2.433,-1.924,-16.438,0.000
-3.658,11.083,-6.983,-0.373,4.724,-2.883,-3.123,-15.171,0.000
-3.103,10.216,-5.954,-2.154,4.118,-3.863,-4.613,-11.962,0.000
-1.068,9.924,-4.929,-2.757,4.342,-5.106,-6.304,-7.746,0.000
1.650,9.838,-4.157,-1.907,5.370,-6.337,-7.915,-3.542,0.000
3.920,9.605,-3.678,-0.321,6.688,-7.397,-8.963,-0.236,0.000
4.688,8.978,-3.385,0.813,7.618,-8.248,-8.987,1.600,0.000
3.566,7.911,-3.129,0.657,7.824,-8.927,-7.942,1.957,0.000
1.002,6.564,-2.772,-0.904,7.538,-9.485,-6.357,1.410,0.000
-2.088,5.182,-2.237,-3.436,7.322,-9.948,-5.019,0.768,0.000
-4.757,3.973,-1.557,-6.204,7.699,-10.262,-4.510,0.643,0.000
-6.216,3.058,-0.899,-8.344,8.962,-10.286,-5.004,1.287,0.000
-5.960,2.458,-0.486,-9.165,11.107,-9.901,-6.318,2.631,0.000
-3.995,2.046,-0.510,-8.583,13.698,-9.222,-7.944,4.300,0.000
-0.864,1.540,-1.098,-7.237,15.830,-8.687,-9.100,5.646,0.000
2.639,0.649,-2.278,-6.053,16.549,-8.807,-9.034,6.000,0.000
5.728,-0.686,-3.874,-5.628,15.521,-9.715,-7.494,5.038,0.000
7.716,-2.192,-5.466,-5.972,13.280,-10.978,-4.885,2.896,0.000
8.156,-3.445,-6.594,-6.712,10.818,-11.871,-1.935,0.008,0.000
7.138,-4.171,-7.106,-7.418,9.006,-11.827,0.751,-3.056,0.000
5.359,-4.374,-7.285,-7.785,8.337,-10.630,2.881,-5.662,0.000
3.714,-4.250,-7.632,-7.679,8.930,-8.389,4.419,-7.320,0.000
2.702,-4.054,-8.519,-7.159,10.548,-5.527,5.427,-8.000,0.000
2.186,-4.019,-10.022,-6.432,12.665,-2.734,5.949,-8.225,0.000
1.671,-4.299,-11.970,-5.724,14.672,-0.707,6.027,-8.708,0.000
0.798,-4.901,-14.009,-5.102,16.037,0.222,5.863,-9.786,0.000
-0.404,-5.685,-15.644,-4.423,16.326,0.195,5.912,-11.169,0.000
-1.604,-6.465,-16.401,-3.472,15.270,-0.391,6.690,-12.199,0.000
-2.344,-7.137,-16.049,-2.213,12.943,-1.155,8.422,-12.269,0.000
-2.147,-7.727,-14.650,-0.908,9.829,-1.873,10.889,-11.026,0.000
-0.712,-8.313,-12.460,0.044,6.564,-2.486,13.578,-8.411,0.000
1.747,-8.879,-9.869,0.373,3.624,-3.070,15.880,-4.769,0.000
4.380,-9.240,-7.372,0.064,1.208,-3.784,17.169,-0.859,0.000
6.142,-9.163,-5.404,-0.699,-0.675,-4.732,17.015,2.463,0.000
6.464,-8.623,-4.099,-1.596,-2.054,-5.713,15.554,4.634,0.000
5.520,-7.904,-3.210,-2.208,-2.874,-6.117,13.609,5.508,0.000
3.939,-7.397,-2.325,-2.130,-3.044,-5.222,12.238,5.241,0.000
2.410,-7.235,-1.189,-1.120,-2.591,-2.737,12.055,4.203,0.000
1.469,-7.121,0.148,0.869,-1.748,0.976,12.959,2.902,0.000
1.385,-6.542,1.419,3.699,-0.871,5.153,14.377,1.838,0.000
2.017,-5.155,2.288,6.949,-0.343,8.918,15.621,1.337,0.000
2.799,-2.974,2.429,9.855,-0.518,11.416,16.070,1.519,0.000
3.060,-0.308,1.649,11.600,-1.583,12.047,15.339,2.324,0.000
2.477,2.285,0.121,11.758,-3.238,10.858,13.502,3.479,0.000
1.241,4.031,-1.544,10.452,-4.577,8.658,11.147,4.478,0.000
-0.174,4.238,-2.627,8.137,-4.540,6.551,9.026,4.785,0.000
-1.365,2.781,-2.826,5.348,-2.665,5.326,7.606,4.122,0.000
-2.164,0.262,-2.469,2.569,0.605,5.202,6.893,2.575,0.000
-2.578,-2.394,-2.240,0.151,4.296,5.956,6.594,0.474,0.000
-2.633,-4.525,-2.757,-1.741,7.411,7.076,6.372,-1.722,0.000
-2.263,-5.975,-4.367,-3.088,9.162,7.881,5.983,-3.479,0.000
-1.377,-6.926,-7.052,-3.894,9.106,7.789,5.344,-4.346,0.000
-0.046,-7.581,-10.195,-4.037,7.335,6.711,4.597,-4.185,0.000
1.387,-7.974,-12.520,-3.185,4.479,5.177,4.113,-3.232,0.000
2.467,-8.006,-12.702,-1.031,1.326,3.962,4.277,-1.927,0.000
2.907,-7.627,-10.409,2.202,-1.639,3.533,5.129,-0.707,0.000
2.697,-6.938,-6.702,5.539,-4.398,3.807,6.223,0.065,0.000
2.017,-6.098,-3.306,7.741,-7.168,4.341,6.889,0.126,0.000
1.106,-5.132,-1.489,8.125,-9.960,4.619,6.640,-0.673,0.000
0.181,-3.828,-1.575,6.899,-12.341,4.217,5.357,-2.403,0.000
-0.595,-1.900,-3.130,4.819,-13.673,2.936,3.233,-5.024,0.000
-1.118,0.662,-5.257,2.690,-13.593,1.028,0.768,-8.203,0.000
-1.306,3.423,-6.822,1.099,-12.225,-0.747,-1.264,-11.223,0.000
-1.125,5.746,-6.898,0.314,-10.016,-1.542,-2.105,-13.250,0.000
-0.680,7.210,-5.411,0.196,-7.515,-1.111,-1.455,-13.757,0.000
-0.255,7.786,-3.329,0.231,-5.249,-0.081,0.385,-12.678,0.000
-0.185,7.699,-2.002,-0.156,-3.598,0.505,2.815,-10.313,0.000
-0.635,7.203,-2.156,-1.167,-2.654,-0.061,5.318,-7.300,0.000
-1.509,6.438,-3.461,-2.467,-2.216,-1.814,7.644,-4.581,0.000
-2.514,5.414,-4.947,-3.485,-1.968,-4.274,9.743,-3.092,0.000
-3.229,4.072,-5.656,-3.904,-1.717,-6.671,11.590,-3.312,0.000
-3.132,2.339,-4.971,-3.880,-1.487,-8.089,13.052,-5.133,0.000
-1.790,0.208,-2.726,-3.858,-1.402,-7.788,13.918,-8.046,0.000
0.794,-2.117,0.635,-4.235,-1.455,-5.708,14.028,-11.275,0.000
4.051,-4.157,4.053,-5.191,-1.392,-2.621,13.324,-13.837,0.000
7.123,-5.374,6.358,-6.657,-0.834,0.332,11.892,-14.811,0.000
9.216,-5.533,6.981,-8.276,0.487,2.262,10.088,-13.727,0.000
9.715,-4.839,6.203,-9.401,2.617,2.786,8.576,-10.666,0.000
8.284,-3.760,4.789,-9.382,5.390,1.962,8.036,-6.114,0.000
5.098,-2.808,3.461,-8.005,8.364,0.255,8.645,-0.950,0.000
0.895,-2.434,2.654,-5.657,10.799,-1.543,9.883,3.557,0.000
-3.337,-2.923,2.532,-3.012,11.972,-2.655,10.904,6.176,0.000
-6.680,-4.228,3.112,-0.590,11.690,-2.794,11.120,6.398,0.000
-8.390,-5.929,4.371,1.427,10.475,-2.327,10.452,4.647,0.000
-8.032,-7.440,6.219,3.093,9.175,-1.947,9.217,1.857,0.000
-5.827,-8.257,8.270,4.459,8.383,-2.190,7.930,-1.076,0.000
-2.744,-8.040,9.707,5.415,8.173,-3.215,7.181,-3.542,0.000
-0.025,-6.679,9.644,5.752,8.264,-4.844,7.363,-5.270,0.000
1.454,-4.461,7.773,5.341,8.312,-6.597,8.235,-6.323,0.000
1.423,-2.126,4.642,4.233,8.086,-7.741,8.759,-7.016,0.000
0.066,-0.534,1.275,2.652,7.500,-7.578,7.665,-7.686,0.000
-2.180,-0.178,-1.363,1.035,6.590,-5.894,4.363,-8.399,0.000
-4.761,-1.011,-2.601,0.041,5.471,-3.111,-0.671,-8.828,0.000
-7.186,-2.622,-2.183,0.234,4.282,0.009,-6.290,-8.477,0.000
-9.181,-4.458,-0.485,1.506,3.182,2.735,-11.188,-7.065,0.000
-10.698,-5.941,1.458,2.841,2.374,4.519,-14.131,-4.690,0.000
-11.805,-6.620,2.445,2.909,2.032,5.044,-14.270,-1.746,0.000
-12.543,-6.355,1.799,1.039,2.173,4.302,-11.675,1.135,0.000
-12.856,-5.345,-0.386,-2.368,2.600,2.564,-7.465,3.118,0.000
-12.655,-3.948,-3.542,-6.253,3.015,0.253,-3.195,3.487,0.000
-11.975,-2.484,-7.024,-9.515,3.189,-2.093,-0.094,2.225,0.000
-11.060,-1.149,-10.303,-11.314,3.035,-3.815,1.218,0.217,0.000
-10.232,-0.035,-13.036,-11.223,2.599,-4.327,0.698,-1.266,0.000
-9.683,0.824,-15.039,-9.457,2.069,-3.461,-1.117,-1.328,0.000
-9.396,1.399,-16.208,-6.880,1.762,-1.589,-3.178,0.221,0.000
-9.222,1.698,-16.498,-4.584,1.979,0.632,-4.395,3.002,0.000
-9.050,1.891,-15.979,-3.413,2.779,2.572,-4.285,6.204,0.000
-8.880,2.371,-14.872,-3.790,3.893,3.760,-3.188,8.682,0.000
-8.797,3.585,-13.458,-5.742,4.882,3.967,-1.874,9.373,0.000
-8.866,5.721,-11.986,-8.803,5.371,3.345,-0.938,7.888,0.000
-9.078,8.577,-10.626,-12.012,5.137,2.440,-0.530,4.698,0.000
-9.349,11.695,-9.441,-14.318,4.162,1.880,-0.461,0.768,0.000
-9.514,14.514,-8.309,-15.140,2.759,1.906,-0.455,-2.845,0.000
-9.333,16.424,-6.920,-14.560,1.609,2.196,-0.315,-5.149,0.000
-8.599,16.979,-4.986,-13.053,1.410,2.166,-0.006,-5.453,0.000
-7.334,16.255,-2.643,-11.131,2.293,1.498,0.245,-3.757,0.000
-5.866,14.963,-0.623,-9.153,3.583,0.381,-0.057,-0.840,0.000
-4.633,13.999,0.152,-7.328,4.238,-0.718,-1.416,2.181,0.000
-3.873,13.728,-0.721,-5.833,3.544,-1.458,-3.884,4.425,0.000
-3.493,13.689,-2.820,-4.926,1.420,-1.830,-6.872,5.455,0.000
-3.191,13.037,-5.243,-4.892,-1.724,-2.045,-9.487,5.226,0.000
-2.654,11.338,-7.102,-5.858,-5.165,-2.283,-11.012,4.007,0.000
-1.660,8.945,-7.755,-7.709,-7.989,-2.541,-11.111,2.295,0.000
-0.138,6.675,-6.907,-10.115,-9.392,-2.694,-9.835,0.633,0.000
1.712,5.230,-4.745,-12.477,-9.113,-2.646,-7.717,-0.552,0.000
3.389,4.912,-1.934,-13.894,-7.550,-2.425,-5.772,-0.966,0.000
4.326,5.627,0.772,-13.525,-5.444,-2.148,-5.077,-0.455,0.000
4.263,6.918,3.027,-11.242,-3.523,-1.929,-6.150,0.911,0.000
3.380,8.039,5.081,-7.868,-2.350,-1.821,-8.736,2.836,0.000
2.134,8.289,7.434,-4.682,-2.251,-1.778,-12.111,4.943,0.000
1.064,7.498,10.210,-2.709,-3.205,-1.584,-15.462,6.962,0.000
0.696,6.192,12.846,-2.416,-4.851,-0.837,-18.057,8.794,0.000
1.396,5.172,14.426,-3.731,-6.671,0.830,-19.386,10.480,0.000
3.118,4.877,14.268,-6.007,-8.171,3.316,-19.336,12.127,0.000
5.333,5.099,12.187,-8.066,-8.930,5.874,-18.183,13.857,0.000
7.333,5.275,8.467,-8.691,-8.703,7.517,-16.360,15.718,0.000
8.654,5.001,3.905,-7.328,-7.634,7.687,-14.188,17.516,0.000
9.240,4.298,-0.199,-4.329,-6.319,6.520,-11.777,18.739,0.000
9.317,3.465,-2.525,-0.605,-5.472,4.577,-9.111,18.796,0.000
9.201,2.797,-2.446,2.768,-5.400,2.428,-6.258,17.421,0.000
9.172,2.413,-0.250,4.735,-5.789,0.432,-3.495,14.833,0.000
9.386,2.276,3.195,4.577,-6.014,-1.279,-1.179,11.575,0.000
9.748,2.281,6.812,2.477,-5.641,-2.729,0.496,8.353,0.000
9.883,2.328,9.481,-0.315,-4.674,-3.999,1.603,5.966,0.000
9.363,2.354,10.322,-2.183,-3.378,-5.151,2.374,5.075,0.000
8.067,2.330,9.125,-2.188,-1.954,-6.142,3.031,5.830,0.000
6.341,2.237,6.444,-0.489,-0.354,-6.810,3.698,7.762,0.000
4.769,2.017,3.232,2.087,1.615,-6.986,4.418,10.127,0.000
3.861,1.491,0.440,4.705,4.003,-6.705,5.224,12.337,0.000
3.904,0.330,-1.136,6.866,6.548,-6.294,6.194,14.144,0.000
4.922,-1.736,-1.017,8.388,8.792,-6.174,7.421,15.556,0.000
6.553,-4.474,0.654,9.212,10.276,-6.538,8.909,16.655,0.000
8.026,-6.960,3.047,9.224,10.626,-7.208,10.526,17.467,0.000
8.534,-8.061,5.104,8.291,9.693,-7.801,12.052,17.989,0.000
7.833,-7.274,6.188,6.477,7.854,-8.000,13.268,18.335,0.000
6.457,-5.073,6.329,4.171,6.109,-7.680,13.974,18.812,0.000
5.297,-2.491,5.953,1.915,5.564,-6.883,14.031,19.770,0.000
4.910,-0.500,5.444,0.160,6.571,-5.771,13.425,21.269,0.000
5.207,0.287,4.908,-0.851,8.389,-4.579,12.277,22.934,0.000
5.680,-0.297,4.232,-1.107,9.730,-3.526,10.790,24.188,0.000
5.800,-1.859,3.307,-0.905,9.634,-2.735,9.217,24.628,0.000
5.230,-3.462,2.151,-0.854,7.871,-2.213,7.871,24.186,0.000
3.863,-4.079,0.881,-1.581,4.806,-1.908,7.031,23.014,0.000
1.836,-3.229,-0.415,-3.287,1.224,-1.765,6.800,21.293,0.000
-0.513,-1.216,-1.741,-5.565,-1.809,-1.759,7.065,19.110,0.000
-2.788,1.196,-3.171,-7.687,-3.327,-1.876,7.605,16.465,0.000
-4.650,3.197,-4.750,-9.005,-2.983,-2.042,8.252,13.402,0.000
-5.828,4.119,-6.432,-9.116,-1.196,-2.094,8.954,10.094,0.000
-6.147,3.575,-8.077,-7.907,1.177,-1.842,9.742,6.813,0.000
-5.608,1.670,-9.420,-5.650,3.199,-1.198,10.643,3.899,0.000
-4.406,-0.962,-10.059,-3.000,3.997,-0.232,11.615,1.757,0.000
-2.838,-3.467,-9.626,-0.682,2.957,0.889,12.564,0.698,0.000
-1.230,-5.137,-8.111,0.937,0.075,1.966,13.354,0.635,0.000
0.090,-5.525,-5.988,1.993,-3.955,2.792,13.819,0.981,0.000
0.851,-4.474,-3.952,2.890,-8.109,3.170,13.797,0.976,0.000
0.941,-2.224,-2.556,3.917,-11.467,2.903,13.182,0.201,0.000
0.430,0.572,-2.067,5.048,-13.362,1.770,11.932,-1.204,0.000
-0.480,3.102,-2.512,6.038,-13.471,-0.381,10.045,-2.758,0.000
-1.434,4.681,-3.749,6.598,-12.030,-3.380,7.578,-3.979,0.000
-1.913,4.831,-5.533,6.502,-9.858,-6.622,4.654,-4.556,0.000
-1.433,3.364,-7.593,5.654,-7.960,-9.331,1.446,-4.410,0.000
0.102,0.637,-9.618,4.228,-7.005,-10.948,-1.758,-3.784,0.000
2.267,-2.364,-11.219,2.692,-7.135,-11.280,-4.515,-3.235,0.000
4.384,-4.473,-12.000,1.581,-8.112,-10.407,-6.380,-3.332,0.000
5.906,-5.000,-11.675,1.154,-9.498,-8.601,-7.158,-4.162,0.000
6.576,-3.971,-10.099,1.269,-10.779,-6.248,-6.997,-5.141,0.000
6.390,-1.935,-7.325,1.594,-11.521,-3.728,-6.228,-5.429,0.000
5.536,0.253,-3.826,1.939,-11.569,-1.354,-5.166,-4.618,0.000
4.328,1.552,-0.593,2.421,-11.082,0.613,-4.006,-3.038,0.000
3.091,1.089,1.259,3.293,-10.392,1.985,-2.829,-1.427,0.000
2.075,-1.271,1.116,4.563,-9.845,2.694,-1.651,-0.369,0.000
1.444,-4.753,-0.907,5.804,-9.724,2.809,-0.471,-0.028,0.000
1.288,-8.179,-4.196,6.393,-10.151,2.506,0.716,-0.230,0.000
1.596,-10.683,-7.866,5.944,-10.868,2.117,1.952,-0.667,0.000
2.257,-11.999,-10.886,4.506,-11.161,2.142,3.324,-1.034,0.000
3.131,-12.299,-12.373,2.438,-10.248,3.039,4.916,-1.138,0.000
4.123,-11.922,-12.028,0.234,-7.969,4.813,6.677,-1.005,0.000
5.208,-11.184,-10.236,-1.575,-5.068,6.854,8.357,-0.884,0.000
6.389,-10.275,-7.718,-2.561,-2.728,8.312,9.617,-1.081,0.000
7.583,-9.224,-5.108,-2.579,-1.851,8.682,10.207,-1.719,0.000
8.554,-7.919,-2.767,-1.794,-2.729,8.056,10.025,-2.636,0.000
9.031,-6.249,-0.799,-0.506,-5.089,6.920,9.105,-3.523,0.000
8.922,-4.344,0.878,1.038,-8.070,5.842,7.616,-4.135,0.000
8.400,-2.671,2.448,2.729,-10.269,5.308,5.845,-4.383,0.000
7.792,-1.785,4.081,4.525,-10.338,5.576,4.070,-4.314,0.000
7.401,-1.889,5.799,6.284,-7.941,6.477,2.387,-4.077,0.000
7.428,-2.653,7.432,7.658,-4.096,7.375,0.663,-3.898,0.000
7.931,-3.464,8.745,8.255,-0.440,7.528,-1.302,-4.026,0.000
8.761,-3.821,9.642,7.959,1.846,6.645,-3.460,-4.700,0.000
9.547,-3.515,10.244,7.070,2.511,5.108,-5.357,-6.142,0.000
9.872,-2.594,10.763,6.098,1.999,3.650,-6.362,-8.443,0.000
9.530,-1.308,11.269,5.464,1.056,2.858,-6.061,-11.236,0.000
8.631,-0.048,11.570,5.362,0.479,2.954,-4.426,-13.547,0.000
7.478,0.822,11.331,5.763,0.840,3.875,-1.751,-14.216,0.000
6.441,1.169,10.289,6.425,2.177,5.434,1.359,-12.579,0.000
5.886,1.152,8.353,6.922,3.924,7.441,4.008,-8.749,0.000
6.059,1.052,5.628,6.809,5.288,9.741,5.362,-3.409,0.000
6.875,1.025,2.504,5.840,5.752,12.130,5.203,2.319,0.000
7.847,0.993,-0.307,4.042,5.283,14.282,4.121,6.957,0.000
8.350,0.748,-2.104,1.628,4.183,15.836,3.087,9.169,0.000
8.011,0.164,-2.730,-1.031,2.907,16.546,2.837,8.545,0.000
6.867,-0.696,-2.781,-3.428,1.949,16.335,3.596,5.842,0.000
5.245,-1.645,-3.176,-5.071,1.692,15.251,5.194,2.384,0.000
3.602,-2.497,-4.463,-5.703,2.197,13.443,7.246,-0.734,0.000
2.446,-3.124,-6.509,-5.359,3.152,11.128,9.281,-2.995,0.000
2.164,-3.499,-8.739,-4.261,4.125,8.543,10.903,-4.361,0.000
2.761,-3.744,-10.513,-2.719,4.920,5.938,11.940,-5.051,0.000
3.785,-4.139,-11.337,-1.083,5.736,3.609,12.457,-5.352,0.000
4.591,-4.952,-10.992,0.348,6.959,1.855,12.608,-5.529,0.000
4.729,-6.144,-9.730,1.410,8.788,0.911,12.448,-5.838,0.000
4.093,-7.244,-8.309,2.086,11.043,0.946,11.828,-6.576,0.000
2.830,-7.603,-7.610,2.422,13.324,2.021,10.492,-7.983,0.000
1.224,-6.816,-8.079,2.431,15.272,3.941,8.280,-9.984,0.000
-0.391,-4.899,-9.512,2.035,16.697,6.191,5.209,-12.078,0.000
-1.727,-2.179,-11.293,1.126,17.571,8.144,1.462,-13.575,0.000
-2.654,0.812,-12.695,-0.297,18.007,9.322,-2.565,-13.979,0.000
-3.206,3.408,-13.021,-2.053,18.202,9.487,-6.240,-13.141,0.000
-3.494,5.011,-11.795,-3.853,18.338,8.627,-8.913,-11.187,0.000
-3.584,5.389,-9.081,-5.358,18.463,6.990,-10.252,-8.472,0.000
-3.440,4.743,-5.566,-6.210,18.454,5.072,-10.346,-5.523,0.000
-2.975,3.507,-2.180,-6.141,18.120,3.402,-9.571,-2.869,0.000
-2.156,2.097,0.412,-5.192,17.374,2.264,-8.478,-0.875,0.000
-1.054,0.803,1.993,-3.784,16.300,1.601,-7.730,0.285,0.000
0.178,-0.252,2.637,-2.470,15.078,1.206,-7.910,0.587,0.000
1.347,-1.152,2.435,-1.570,13.843,1.016,-9.225,0.148,0.000
2.219,-2.172,1.323,-1.023,12.631,1.273,-11.419,-0.796,0.000
2.590,-3.606,-0.826,-0.544,11.433,2.355,-13.974,-1.955,0.000
2.371,-5.486,-3.858,0.090,10.326,4.420,-16.312,-3.032,0.000
1.615,-7.466,-7.164,0.892,9.551,7.231,-17.882,-3.718,0.000
0.450,-9.037,-9.904,1.699,9.360,10.261,-18.269,-3.794,0.000
-0.999,-9.879,-11.357,2.246,9.701,12.795,-17.395,-3.334,0.000
-2.632,-10.007,-11.052,2.222,10.074,13.968,-15.546,-2.776,0.000
-4.368,-9.648,-8.854,1.412,9.805,13.068,-13.182,-2.671,0.000
-6.084,-9.055,-5.205,-0.054,8.508,10.082,-10.723,-3.273,0.000
-7.570,-8.393,-1.191,-1.598,6.291,5.888,-8.477,-4.370,0.000
-8.596,-7.706,1.976,-2.470,3.597,1.768,-6.653,-5.492,0.000
-9.045,-6.907,3.698,-2.144,1.002,-1.250,-5.442,-6.257,0.000
-8.960,-5.808,4.273,-0.474,-0.896,-2.648,-5.087,-6.534,0.000
-8.481,-4.272,4.481,2.361,-1.656,-2.389,-5.789,-6.433,0.000
-7.760,-2.502,4.948,5.847,-1.271,-0.907,-7.421,-6.272,0.000
-6.926,-1.170,5.830,9.150,-0.239,0.956,-9.411,-6.533,0.000
-6.054,-1.064,6.922,11.409,0.732,2.299,-11.017,-7.623,0.000
-5.164,-2.466,7.918,12.140,1.128,2.566,-11.763,-9.465,0.000
-4.229,-4.897,8.570,11.351,0.785,1.671,-11.613,-11.346,0.000
-3.222,-7.460,8.737,9.400,-0.201,-0.131,-10.836,-12.326,0.000
-2.187,-9.340,8.382,6.880,-1.592,-2.357,-9.808,-11.916,0.000
-1.278,-10.033,7.521,4.557,-3.092,-4.356,-8.889,-10.349,0.000
-0.700,-9.372,6.197,3.089,-4.438,-5.526,-8.323,-8.287,0.000
-0.635,-7.568,4.529,2.607,-5.459,-5.621,-8.104,-6.368,0.000
-1.200,-5.168,2.735,2.584,-6.069,-4.837,-7.968,-4.981,0.000
-2.390,-2.797,1.035,2.251,-6.248,-3.612,-7.580,-4.259,0.000
-3.880,-0.892,-0.517,1.273,-6.044,-2.382,-6.818,-4.141,0.000
-4.954,0.383,-2.108,0.053,-5.567,-1.476,-5.901,-4.466,0.000
-4.841,1.056,-4.010,-0.637,-4.917,-1.072,-5.216,-5.089,0.000
-3.314,1.265,-6.285,-0.293,-4.080,-1.161,-5.065,-5.971,0.000
-0.924,1.191,-8.648,1.004,-2.881,-1.566,-5.539,-7.202,0.000
1.395,0.995,-10.637,2.758,-1.135,-2.078,-6.512,-8.849,0.000
2.946,0.771,-11.906,4.322,1.057,-2.623,-7.580,-10.658,0.000
3.548,0.535,-12.341,5.058,3.157,-3.327,-8.053,-11.906,0.000
3.431,0.287,-12.025,4.530,4.447,-4.356,-7.254,-11.756,0.000
3.081,0.103,-11.160,2.788,4.448,-5.613,-5.036,-9.896,0.000
3.107,0.180,-10.008,0.442,3.083,-6.584,-1.976,-6.795,0.000
4.029,0.714,-8.797,-1.678,0.604,-6.597,0.978,-3.338,0.000
5.980,1.636,-7.627,-2.965,-2.458,-5.289,3.010,-0.280,0.000
8.620,2.501,-6.460,-3.200,-5.337,-2.807,3.642,1.995,0.000
11.357,2.774,-5.213,-2.494,-7.278,0.367,2.755,3.445,0.000
13.585,2.337,-3.921,-1.253,-7.879,3.608,0.659,4.260,0.000
14.771,1.714,-2.822,-0.128,-7.168,6.252,-1.935,4.744,0.000
14.594,1.682,-2.219,0.251,-5.468,7.744,-4.253,5.188,0.000
13.211,2.595,-2.244,-0.333,-3.268,7.829,-5.888,5.757,0.000
11.346,4.055,-2.753,-1.554,-1.164,6.568,-6.951,6.475,0.000
9.923,5.244,-3.439,-2.793,0.314,4.260,-7.828,7.303,0.000
9.551,5.473,-3.978,-3.483,0.941,1.470,-8.798,8.244,0.000
10.316,4.451,-4.103,-3.263,0.861,-0.950,-9.841,9.395,0.000
11.879,2.291,-3.674,-2.006,0.431,-2.167,-10.718,10.866,0.000
13.548,-0.447,-2.789,0.100,0.061,-1.882,-11.142,12.626,0.000
14.338,-2.793,-1.812,2.567,0.138,-0.508,-10.869,14.418,0.000
13.372,-3.752,-1.195,4.834,0.927,1.201,-9.772,15.876,0.000
10.547,-2.870,-1.212,6.556,2.393,2.700,-7.952,16.715,0.000
6.772,-0.429,-1.858,7.706,4.154,3.898,-5.766,16.791,0.000
3.402,2.858,-2.915,8.453,5.684,4.993,-3.689,16.083,0.000
1.394,6.168,-4.010,9.015,6.585,6.116,-2.171,14.684,0.000
0.961,8.722,-4.649,9.561,6.687,7.111,-1.607,12.771,0.000
1.741,9.978,-4.400,10.194,6.075,7.646,-2.271,10.543,0.000
3.045,9.929,-3.216,10.946,5.175,7.463,-4.161,8.198,0.000
4.034,9.163,-1.536,11.799,4.789,6.505,-6.962,5.936,0.000
4.001,8.497,-0.028,12.675,5.737,4.887,-10.167,3.901,0.000
2.747,8.469,0.799,13.361,8.280,2.829,-13.154,2.079,0.000
0.664,9.127,0.743,13.468,11.889,0.615,-15.194,0.264,0.000
-1.609,10.160,-0.128,12.646,15.620,-1.486,-15.659,-1.807,0.000
-3.670,11.076,-1.530,11.015,18.622,-3.273,-14.407,-4.224,0.000
-5.554,11.310,-3.010,9.354,20.355,-4.596,-11.905,-6.789,0.000
-7.517,10.396,-4.134,8.673,20.615,-5.343,-8.929,-9.131,0.000
-9.611,8.237,-4.713,9.507,19.573,-5.463,-6.204,-10.867,0.000
-11.443,5.168,-4.875,11.612,17.718,-4.958,-4.258,-11.672,0.000
-12.399,1.743,-4.887,14.261,15.623,-3.918,-3.366,-11.391,0.000
-12.077,-1.514,-4.905,16.675,13.711,-2.644,-3.458,-10.306,0.000
-10.478,-4.189,-4.850,18.241,12.184,-1.713,-4.145,-9.210,0.000
-7.903,-6.016,-4.548,18.632,11.053,-1.700,-4.939,-8.980,0.000
-4.820,-6.922,-4.006,17.967,10.175,-2.677,-5.522,-9.865,0.000
-1.784,-6.989,-3.556,16.805,9.272,-4.019,-5.843,-11.189,0.000
0.689,-6.376,-3.642,15.815,8.048,-4.848,-6.029,-11.854,0.000
2.240,-5.286,-4.400,15.332,6.322,-4.798,-6.235,-11.173,0.000
2.651,-3.947,-5.463,15.182,4.081,-4.342,-6.558,-9.244,0.000
1.875,-2.594,-6.199,14.916,1.465,-4.366,-7.001,-6.673,0.000
0.196,-1.485,-6.103,14.185,-1.188,-5.383,-7.418,-4.110,0.000
-1.696,-0.931,-4.974,12.911,-3.316,-7.153,-7.507,-1.989,0.000
-2.987,-1.226,-2.904,11.230,-4.367,-8.967,-6.972,-0.469,0.000
-3.148,-2.496,-0.279,9.358,-4.196,-10.151,-5.823,0.578,0.000
-2.082,-4.658,2.243,7.514,-3.217,-10.325,-4.490,1.498,0.000
-0.047,-7.461,3.972,5.860,-2.098,-9.408,-3.589,2.632,0.000
2.395,-10.477,4.500,4.475,-1.330,-7.554,-3.537,4.001,0.000
4.410,-13.074,3.778,3.376,-1.028,-5.063,-4.395,5.185,0.000
5.218,-14.619,1.995,2.568,-1.049,-2.238,-5.937,5.619,0.000
4.563,-14.776,-0.552,2.116,-1.233,0.695,-7.717,5.077,0.000
2.887,-13.594,-3.517,2.177,-1.539,3.574,-9.122,3.888,0.000
1.008,-11.374,-6.566,2.879,-2.025,6.236,-9.614,2.677,0.000
-0.271,-8.552,-9.361,4.059,-2.725,8.360,-9.104,1.968,0.000
-0.339,-5.642,-11.511,5.139,-3.570,9.388,-8.086,1.992,0.000
1.097,-3.131,-12.660,5.408,-4.408,8.803,-7.314,2.732,0.000
3.754,-1.396,-12.685,4.492,-5.062,6.730,-7.332,3.997,0.000
6.707,-0.722,-11.757,2.545,-5.355,4.183,-8.282,5.495,0.000
8.850,-1.244,-10.269,0.063,-5.153,2.511,-9.977,6.917,0.000
9.555,-2.751,-8.815,-2.351,-4.440,2.527,-11.996,7.944,0.000
8.926,-4.610,-8.189,-4.105,-3.325,4.128,-13.744,8.220,0.000
7.521,-6.066,-9.066,-4.753,-1.967,6.584,-14.632,7.425,0.000
5.992,-6.684,-11.419,-4.165,-0.495,8.928,-14.260,5.452,0.000
4.881,-6.516,-14.294,-2.547,1.018,10.180,-12.463,2.476,0.000
4.501,-5.876,-16.368,-0.298,2.507,9.656,-9.325,-1.135,0.000
4.784,-4.976,-16.795,2.091,3.794,7.472,-5.391,-4.839,0.000
5.278,-3.728,-15.568,4.070,4.514,4.674,-1.753,-7.926,0.000
5.403,-1.877,-13.225,5.191,4.283,2.621,0.400,-9.780,0.000
4.800,0.647,-10.411,5.393,3.034,2.083,0.516,-10.334,0.000
3.458,3.556,-7.629,5.092,1.164,2.872,-1.051,-10.231,0.000
1.564,6.328,-5.155,4.885,-0.670,4.191,-3.415,-10.380,0.000
-0.706,8.426,-3.054,5.115,-1.815,5.161,-5.648,-11.283,0.000
-3.300,9.384,-1.249,5.678,-1.728,5.087,-7.027,-12.723,0.000
-6.183,8.929,0.385,6.202,-0.110,3.613,-7.145,-14.046,0.000
-9.033,7.212,1.971,6.373,2.805,0.952,-6.044,-14.624,0.000
-11.066,4.864,3.612,6.095,6.162,-2.089,-4.196,-14.083,0.000
-11.388,2.678,5.396,5.464,8.881,-4.522,-2.243,-12.336,0.000
-9.670,1.183,7.377,4.686,10.177,-5.733,-0.729,-9.603,0.000
-6.414,0.487,9.569,4.013,9.757,-5.674,-0.012,-6.377,0.000
-2.584,0.433,11.933,3.632,7.727,-4.688,-0.246,-3.200,0.000
0.944,0.854,14.326,3.530,4.555,-3.264,-1.290,-0.432,0.000
3.621,1.713,16.467,3.447,1.010,-1.915,-2.706,1.804,0.000
5.294,3.043,18.055,3.083,-2.107,-1.038,-3.975,3.516,0.000
6.262,4.703,18.956,2.420,-4.253,-0.778,-4.780,4.661,0.000
7.234,6.247,19.262,1.869,-5.220,-1.020,-5.114,5.045,0.000
8.929,7.116,19.145,2.003,-5.062,-1.520,-5.159,4.437,0.000
11.464,6.992,18.618,3.088,-4.091,-2.053,-5.097,2.851,0.000
14.113,5.953,17.415,4.870,-2.848,-2.469,-5.010,0.684,0.000
15.793,4.385,15.182,6.775,-1.896,-2.686,-4.904,-1.480,0.000
15.848,2.911,11.893,8.204,-1.566,-2.652,-4.808,-3.123,0.000
14.390,2.357,8.047,8.670,-1.868,-2.305,-4.838,-3.906,0.000
12.071,3.452,4.400,7.910,-2.600,-1.583,-5.120,-3.728,0.000
9.776,6.322,1.558,6.082,-3.461,-0.490,-5.616,-2.875,0.000
8.446,10.317,-0.190,3.802,-4.114,0.876,-6.035,-2.047,0.000
8.771,14.387,-0.858,1.835,-4.307,2.360,-6.026,-2.032,0.000
10.690,17.563,-0.749,0.684,-4.059,3.774,-5.525,-3.200,0.000
13.255,19.140,-0.404,0.441,-3.721,4.896,-4.914,-5.313,0.000
15.211,18.788,-0.368,0.880,-3.782,5.529,-4.744,-7.782,0.000
15.870,16.788,-0.893,1.558,-4.599,5.580,-5.237,-10.028,0.000
15.466,14.063,-1.828,1.883,-6.283,5.074,-6.057,-11.647,0.000
14.759,11.687,-2.773,1.323,-8.706,4.106,-6.536,-12.459,0.000
14.393,10.202,-3.250,-0.268,-11.433,2.789,-6.068,-12.558,0.000
14.567,9.345,-2.780,-2.556,-13.706,1.236,-4.297,-12.272,0.000
15.122,8.411,-1.075,-4.998,-14.742,-0.458,-1.229,-11.956,0.000
15.760,6.828,1.582,-7.224,-14.210,-2.188,2.491,-11.721,0.000
16.211,4.451,4.193,-9.205,-12.394,-3.819,5.496,-11.322,0.000
16.301,1.502,5.591,-11.132,-9.909,-5.207,6.327,-10.361,0.000
16.002,-1.525,5.320,-13.163,-7.321,-6.242,4.480,-8.649,0.000
15.397,-3.945,4.008,-15.274,-4.977,-6.846,0.809,-6.369,0.000
14.578,-5.127,2.843,-17.277,-3.033,-6.943,-3.112,-3.916,0.000
13.526,-4.840,2.754,-18.848,-1.598,-6.412,-5.903,-1.657,0.000
12.061,-3.347,4.015,-19.552,-0.858,-5.053,-6.787,0.181,0.000
10.001,-1.213,6.337,-19.043,-1.025,-2.716,-5.625,1.520,0.000
7.468,0.871,8.999,-17.429,-2.155,0.386,-2.995,2.404,0.000
5.039,2.155,10.976,-15.414,-4.065,3.534,-0.124,2.945,0.000
3.438,2.010,11.381,-13.914,-6.409,5.838,1.682,3.249,0.000
3.028,0.239,10.142,-13.474,-8.758,6.797,1.800,3.330,0.000
3.604,-2.848,8.229,-14.034,-10.621,6.512,0.561,3.092,0.000
4.627,-6.640,7.010,-15.147,-11.568,5.485,-1.164,2.436,0.000
5.589,-10.411,7.262,-16.321,-11.418,4.333,-2.527,1.489,0.000
6.201,-13.391,8.748,-17.201,-10.278,3.646,-2.966,0.707,0.000
6.412,-14.970,10.602,-17.622,-8.404,3.837,-2.284,0.620,0.000
6.410,-15.062,11.948,-17.617,-6.063,4.971,-0.758,1.390,0.000
6.580,-14.196,12.215,-17.380,-3.471,6.740,0.885,2.609,0.000
7.310,-13.179,11.189,-17.132,-0.797,8.655,1.836,3.585,0.000
8.715,-12.641,9.039,-16.968,1.763,10.248,1.733,3.774,0.000
10.530,-12.841,6.242,-16.808,3.914,11.140,0.857,2.989,0.000
12.282,-13.700,3.375,-16.478,5.353,11.076,-0.178,1.353,0.000
13.488,-14.811,0.926,-15.844,5.960,10.001,-0.880,-0.741,0.000
13.745,-15.492,-0.724,-14.871,5.854,8.058,-1.093,-2.687,0.000
12.816,-15.071,-1.329,-13.614,5.302,5.496,-0.939,-3.895,0.000
10.835,-13.351,-0.848,-12.222,4.585,2.632,-0.669,-4.108,0.000
8.355,-10.766,0.539,-10.931,3.949,-0.159,-0.561,-3.491,0.000
6.082,-8.048,2.498,-9.955,3.556,-2.552,-0.805,-2.413,0.000
4.518,-5.765,4.491,-9.312,3.465,-4.422,-1.351,-1.146,0.000
3.823,-4.118,5.760,-8.760,3.630,-5.885,-1.874,0.270,0.000
3.898,-3.039,5.635,-7.964,3.945,-7.171,-1.993,1.889,0.000
4.476,-2.386,4.134,-6.790,4.240,-8.424,-1.618,3.537,0.000
5.205,-2.074,2.193,-5.428,4.281,-9.612,-1.105,4.632,0.000
5.808,-2.084,1.079,-4.233,3.841,-10.578,-0.997,4.459,0.000
6.304,-2.354,1.459,-3.451,2.834,-11.140,-1.607,2.709,0.000
7.088,-2.715,2.989,-3.084,1.365,-11.141,-2.816,-0.284,0.000
8.647,-2.976,4.712,-2.940,-0.341,-10.492,-4.228,-3.767,0.000
11.073,-3.080,5.685,-2.710,-2.010,-9.261,-5.394,-6.819,0.000
13.842,-3.190,5.298,-2.012,-3.344,-7.691,-5.932,-8.471,0.000
16.127,-3.565,3.359,-0.504,-4.078,-6.076,-5.620,-7.995,0.000
17.286,-4.339,0.213,1.946,-4.073,-4.593,-4.538,-5.406,0.000
17.077,-5.414,-3.284,5.217,-3.327,-3.240,-3.092,-1.614,0.000
15.610,-6.534,-6.149,8.992,-1.956,-1.922,-1.803,2.089,0.000
13.330,-7.399,-7.762,12.727,-0.253,-0.614,-1.023,4.698,0.000
10.958,-7.718,-8.019,15.623,1.274,0.549,-0.840,5.756,0.000
9.198,-7.301,-7.168,16.913,2.042,1.337,-1.159,5.278,0.000
8.323,-6.220,-5.632,16.380,1.571,1.547,-1.806,3.661,0.000
8.055,-4.853,-3.909,14.532,-0.465,1.055,-2.599,1.581,0.000
7.840,-3.711,-2.432,12.227,-4.143,-0.135,-3.362,-0.301,0.000
7.278,-3.207,-1.456,10.144,-8.972,-1.766,-3.878,-1.674,0.000
6.322,-3.566,-1.046,8.550,-13.760,-3.277,-3.838,-2.687,0.000
5.184,-4.780,-1.124,7.408,-17.078,-4.049,-2.942,-3.711,0.000
4.188,-6.426,-1.478,6.615,-17.954,-3.787,-1.128,-4.994,0.000
3.675,-7.619,-1.771,6.167,-16.112,-2.666,1.340,-6.486,0.000
3.879,-7.444,-1.651,6.122,-11.865,-1.177,4.005,-7.946,0.000
4.741,-5.711,-0.922,6.413,-6.148,0.061,6.372,-9.128,0.000
5.857,-3.253,0.404,6.745,-0.489,0.381,7.962,-9.872,0.000
6.708,-1.330,2.164,6.754,3.554,-0.669,8.419,-10.080,0.000
6.995,-0.648,4.069,6.335,5.170,-2.846,7.693,-9.623,0.000
6.763,-0.936,5.721,5.792,4.537,-5.039,6.079,-8.261,0.000
6.284,-1.391,6.746,5.611,2.416,-5.844,4.058,-5.770,0.000
5.857,-1.496,6.988,6.067,-0.356,-4.493,2.140,-2.247,0.000
5.712,-1.443,6.579,7.041,-3.134,-1.220,0.818,1.736,0.000
5.951,-1.853,5.826,8.161,-5.532,3.086,0.471,5.388,0.000
6.469,-3.168,5.113,9.053,-7.429,7.356,1.198,8.051,0.000
6.947,-5.322,4.854,9.471,-8.874,10.566,2.787,9.333,0.000
7.023,-7.853,5.357,9.313,-9.952,11.961,4.828,9.112,0.000
6.575,-10.120,6.585,8.622,-10.628,11.323,6.803,7.584,0.000
5.819,-11.437,8.071,7.547,-10.684,8.987,8.106,5.236,0.000
5.123,-11.286,9.137,6.264,-9.874,5.598,8.223,2.666,0.000
4.707,-9.649,9.185,4.930,-8.235,1.959,7.060,0.452,0.000
4.495,-7.090,7.810,3.689,-6.227,-1.012,5.049,-0.874,0.000
4.211,-4.414,4.854,2.667,-4.490,-2.498,2.875,-0.946,0.000
3.530,-2.246,0.616,1.985,-3.478,-2.129,1.132,0.151,0.000
2.172,-0.873,-4.096,1.774,-3.310,-0.067,0.172,1.791,0.000
0.021,-0.293,-8.280,2.101,-3.861,3.185,0.087,3.108,0.000
-2.623,-0.284,-11.121,2.800,-4.903,6.924,0.651,3.415,0.000
-4.949,-0.472,-12.113,3.390,-6.195,10.306,1.333,2.362,0.000
-6.029,-0.502,-11.115,3.311,-7.513,12.578,1.542,-0.043,0.000
-5.467,-0.251,-8.568,2.314,-8.585,13.386,0.954,-3.304,0.000
-3.652,0.105,-5.555,0.617,-9.028,12.851,-0.372,-6.420,0.000
-1.402,0.239,-3.311,-1.287,-8.431,11.397,-2.103,-8.276,0.000
0.543,-0.092,-2.523,-2.909,-6.550,9.615,-3.753,-8.221,0.000
1.766,-0.952,-3.079,-3.889,-3.376,8.198,-4.732,-6.257,0.000
2.179,-2.221,-4.356,-4.044,0.859,7.737,-4.540,-2.862,0.000
2.005,-3.568,-5.614,-3.434,5.525,8.396,-3.076,1.146,0.000
1.697,-4.449,-6.211,-2.341,9.518,9.816,-0.745,4.683,0.000
1.686,-4.329,-5.738,-1.154,11.714,11.365,1.811,6.762,0.000
2.014,-3.065,-4.214,-0.255,11.712,12.436,4.029,7.021,0.000
2.211,-1.046,-2.096,0.000,10.107,12.578,5.562,5.883,0.000
1.661,1.059,-0.002,-0.609,7.986,11.575,6.283,4.165,0.000
0.253,2.631,1.644,-1.929,6.207,9.613,6.291,2.567,0.000
-1.328,3.242,2.734,-3.335,5.058,7.321,5.862,1.444,0.000
-2.030,2.725,3.392,-4.011,4.393,5.490,5.298,0.871,0.000
-1.172,1.302,3.823,-3.356,3.928,4.705,4.738,0.810,0.000
1.238,-0.394,4.226,-1.136,3.448,5.226,4.100,1.253,0.000
4.698,-1.615,4.707,2.525,2.912,7.011,3.201,2.220,0.000
8.487,-1.901,5.171,7.049,2.549,9.658,1.990,3.661,0.000
11.833,-1.220,5.286,11.381,2.858,12.405,0.656,5.379,0.000
14.116,0.153,4.676,14.410,4.301,14.415,-0.476,7.092,0.000
15.105,1.781,3.262,15.596,6.745,15.141,-1.109,8.529,0.000
14.982,3.145,1.401,15.175,9.231,14.449,-1.051,9.454,0.000
14.113,3.822,-0.345,13.829,10.506,12.547,-0.268,9.709,0.000
12.811,3.735,-1.554,12.251,9.908,10.009,0.985,9.288,0.000
11.225,3.225,-2.092,10.929,7.726,7.764,2.129,8.339,0.000
9.403,2.800,-2.052,10.105,4.835,6.693,2.550,7.111,0.000
7.475,2.763,-1.648,9.784,2.145,6.995,2.086,5.928,0.000
5.759,3.054,-1.133,9.803,0.323,7.943,1.215,5.196,0.000
4.658,3.391,-0.677,9.953,-0.318,8.369,0.690,5.259,0.000
4.447,3.520,-0.225,10.086,0.055,7.393,0.939,6.131,0.000
5.200,3.342,0.551,10.148,0.833,4.739,1.789,7.387,0.000
6.798,2.918,2.007,10.162,1.320,0.647,2.660,8.407,0.000
8.890,2.442,4.072,10.219,1.240,-4.217,2.890,8.707,0.000
10.884,2.216,6.056,10.464,0.920,-8.849,1.901,8.083,0.000
12.175,2.499,7.051,11.026,0.974,-12.275,-0.597,6.585,0.000
12.474,3.274,6.626,11.878,1.762,-14.031,-4.221,4.515,0.000
11.925,4.163,5.126,12.781,3.148,-14.294,-7.790,2.397,0.000
10.954,4.664,3.327,13.412,4.684,-13.616,-9.904,0.777,0.000
10.089,4.544,1.891,13.565,5.933,-12.621,-9.836,-0.053,0.000
9.878,3.999,1.105,13.231,6.630,-11.854,-7.877,-0.126,0.000
10.696,3.427,0.961,12.560,6.702,-11.656,-4.934,0.329,0.000
12.392,3.044,1.367,11.815,6.250,-12.003,-1.979,1.051,0.000
14.175,2.701,2.307,11.339,5.506,-12.476,0.226,1.833,0.000
15.052,2.087,3.811,11.408,4.733,-12.547,1.239,2.523,0.000
14.541,1.161,5.745,11.973,4.163,-12.015,1.038,2.973,0.000
12.953,0.372,7.697,12.563,3.987,-11.174,-0.025,2.983,0.000
11.062,0.397,9.129,12.542,4.333,-10.542,-1.456,2.357,0.000
9.598,1.634,9.657,11.517,5.175,-10.373,-2.827,1.047,0.000
9.000,3.973,9.166,9.497,6.307,-10.428,-3.844,-0.781,0.000
9.375,6.950,7.793,6.778,7.414,-10.189,-4.343,-2.803,0.000
10.471,9.954,5.963,3.800,8.136,-9.237,-4.291,-4.555,0.000
11.728,12.337,4.376,1.068,8.089,-7.450,-3.756,-5.428,0.000
12.563,13.578,3.692,-0.990,7.008,-4.998,-2.868,-4.896,0.000
12.781,13.495,4.018,-2.195,5.058,-2.363,-1.834,-2.944,0.000
12.707,12.276,4.721,-2.650,2.956,-0.319,-0.959,-0.221,0.000
12.873,10.339,4.910,-2.620,1.596,0.410,-0.597,2.300,0.000
13.484,8.258,4.233,-2.442,1.457,-0.282,-1.118,3.804,0.000
14.183,6.736,3.230,-2.469,2.369,-1.674,-2.908,3.809,0.000
14.345,6.368,2.841,-2.990,3.754,-2.653,-6.202,2.190,0.000
13.633,7.215,3.512,-4.070,4.972,-2.353,-10.665,-0.744,0.000
12.256,8.646,4.777,-5.520,5.502,-0.425,-15.205,-4.266,0.000
10.726,9.733,5.677,-7.028,5.031,3.010,-18.468,-7.515,0.000
9.420,9.832,5.560,-8.356,3.562,7.360,-19.592,-9.799,0.000
8.355,8.831,4.475,-9.407,1.409,11.602,-18.501,-10.682,0.000
7.306,7.047,2.990,-10.187,-0.968,14.673,-15.707,-9.983,0.000
6.078,5.099,1.874,-10.717,-3.085,15.981,-12.133,-7.890,0.000
4.667,3.810,1.897,-10.975,-4.462,15.551,-8.980,-4.961,0.000
3.281,3.901,3.537,-10.932,-4.744,13.817,-7.280,-1.871,0.000
2.340,5.502,6.511,-10.682,-3.954,11.408,-7.206,0.891,0.000
2.469,7.995,9.619,-10.504,-2.566,9.035,-7.864,3.111,0.000
4.210,10.425,11.398,-10.718,-1.270,7.311,-7.934,4.759,0.000
7.492,12.063,11.129,-11.429,-0.652,6.533,-6.680,5.818,0.000
11.425,12.645,9.228,-12.406,-1.071,6.656,-4.385,6.164,0.000
14.761,12.300,6.746,-13.252,-2.657,7.442,-1.948,5.630,0.000
16.572,11.462,4.614,-13.665,-5.266,8.612,-0.215,4.195,0.000
16.512,10.776,3.260,-13.568,-8.491,9.925,0.354,2.083,0.000
14.745,10.810,2.653,-13.085,-11.819,11.173,-0.324,-0.327,0.000
11.897,11.621,2.429,-12.525,-14.740,12.108,-2.036,-2.592,0.000
8.982,12.604,2.036,-12.359,-16.760,12.380,-4.395,-4.233,0.000
6.983,12.887,1.022,-12.996,-17.508,11.682,-6.976,-4.876,0.000
6.266,11.946,-0.560,-14.432,-16.961,10.074,-9.368,-4.481,0.000
6.390,9.863,-2.012,-16.107,-15.508,8.126,-11.137,-3.413,0.000
6.542,7.101,-2.450,-17.251,-13.732,6.617,-11.910,-2.213,0.000
6.209,4.159,-1.551,-17.410,-12.127,6.067,-11.555,-1.318,0.000
5.483,1.388,0.125,-16.675,-10.993,6.553,-10.238,-0.942,0.000
4.840,-1.007,1.577,-15.472,-10.439,7.835,-8.286,-1.097,0.000
4.710,-2.868,2.075,-14.253,-10.405,9.554,-6.038,-1.627,0.000
5.262,-3.966,1.488,-13.324,-10.701,11.345,-3.777,-2.248,0.000
6.424,-4.080,0.128,-12.795,-11.098,12.883,-1.715,-2.669,0.000
7.965,-3.239,-1.530,-12.555,-11.381,13.851,-0.028,-2.736,0.000
9.576,-1.824,-3.021,-12.299,-11.358,13.859,1.086,-2.479,0.000
10.946,-0.413,-4.006,-11.697,-10.893,12.574,1.451,-2.055,0.000
11.790,0.438,-4.328,-10.616,-9.976,10.018,1.044,-1.692,0.000
11.823,0.285,-3.988,-9.203,-8.741,6.698,0.050,-1.667,0.000
10.839,-1.082,-3.096,-7.761,-7.366,3.344,-1.214,-2.174,0.000
8.937,-3.372,-1.909,-6.572,-5.915,0.546,-2.354,-3.084,0.000
6.604,-5.705,-0.870,-5.825,-4.274,-1.384,-2.921,-3.849,0.000
4.474,-7.060,-0.458,-5.601,-2.281,-2.400,-2.551,-3.808,0.000
2.943,-6.959,-0.974,-5.837,0.004,-2.696,-1.229,-2.701,0.000
2.021,-5.739,-2.453,-6.342,2.166,-2.647,0.630,-0.895,0.000
1.466,-4.197,-4.701,-6.870,3.602,-2.651,2.405,0.903,0.000
0.994,-3.062,-7.233,-7.196,3.818,-2.949,3.591,2.069,0.000
0.411,-2.744,-9.260,-7.139,2.531,-3.566,3.916,2.255,0.000
-0.351,-3.323,-9.982,-6.600,-0.291,-4.383,3.323,1.411,0.000
-1.199,-4.575,-9.077,-5.673,-4.273,-5.195,1.961,-0.181,0.000
-1.887,-6.032,-6.861,-4.684,-8.594,-5.743,0.148,-1.943,0.000
-2.142,-7.177,-4.016,-4.031,-12.297,-5.781,-1.740,-3.251,0.000
-1.817,-7.632,-1.248,-3.950,-14.701,-5.175,-3.333,-3.770,0.000
-0.951,-7.205,0.865,-4.411,-15.520,-3.925,-4.270,-3.559,0.000
0.318,-5.908,1.965,-5.176,-14.801,-2.155,-4.281,-2.922,0.000
1.848,-4.094,2.035,-5.827,-12.915,-0.177,-3.392,-2.232,0.000
3.532,-2.508,1.387,-5.785,-10.517,1.474,-1.982,-1.835,0.000
5.272,-1.940,0.470,-4.549,-8.300,2.241,-0.612,-1.945,0.000
6.853,-2.662,-0.348,-2.126,-6.694,1.879,0.214,-2.471,0.000
7.875,-4.194,-0.852,0.805,-5.789,0.569,0.128,-2.967,0.000
7.941,-5.656,-0.976,3.312,-5.463,-1.250,-1.044,-2.878,0.000
7.041,-6.280,-0.813,4.845,-5.560,-3.092,-3.134,-1.927,0.000
5.711,-5.645,-0.593,5.500,-5.996,-4.517,-5.607,-0.269,0.000
4.674,-3.729,-0.592,5.752,-6.736,-5.229,-7.796,1.658,0.000
4.260,-1.038,-1.032,6.002,-7.667,-5.224,-9.225,3.334,0.000
4.140,1.381,-2.054,6.334,-8.520,-4.803,-9.708,4.247,0.000
3.664,2.411,-3.712,6.599,-8.945,-4.367,-9.287,4.064,0.000
2.462,1.561,-5.926,6.643,-8.650,-4.126,-8.167,2.933,0.000
0.748,-0.772,-8.462,6.445,-7.449,-3.978,-6.659,1.574,0.000
-0.895,-3.646,-10.980,6.092,-5.300,-3.649,-5.076,0.909,0.000
-1.903,-5.978,-13.024,5.658,-2.429,-2.946,-3.656,1.498,0.000
-1.933,-6.731,-13.989,5.129,0.621,-1.874,-2.560,3.316,0.000
-0.938,-5.232,-13.308,4.415,3.215,-0.593,-1.897,5.912,0.000
0.682,-1.739,-10.823,3.409,4.926,0.663,-1.774,8.583,0.000
2.069,2.373,-6.922,2.032,5.637,1.632,-2.325,10.467,0.000
2.343,5.354,-2.311,0.297,5.468,2.120,-3.640,10.831,0.000
1.292,6.176,2.191,-1.549,4.724,2.154,-5.567,9.507,0.000
-0.360,4.966,5.732,-2.969,3.841,2.019,-7.617,7.020,0.000
-1.472,2.610,7.620,-3.407,3.230,2.102,-9.152,4.239,0.000
-1.298,0.192,7.627,-2.774,3.064,2.639,-9.655,1.943,0.000
0.143,-1.314,6.048,-1.642,3.211,3.619,-8.831,0.647,0.000
2.307,-1.284,3.456,-0.885,3.397,4.854,-6.631,0.603,0.000
4.492,0.254,0.465,-1.113,3.426,6.060,-3.393,1.811,0.000
6.048,2.573,-2.375,-2.420,3.283,6.909,0.124,4.079,0.000
6.532,4.694,-4.639,-4.489,3.066,7.145,3.037,7.085,0.000
5.871,5.952,-6.087,-6.728,2.835,6.779,4.738,10.257,0.000
4.368,6.211,-6.624,-8.353,2.531,6.153,5.018,12.701,0.000
2.502,5.677,-6.275,-8.677,2.044,5.759,3.995,13.548,0.000
0.760,4.632,-5.237,-7.522,1.372,5.985,2.071,12.603,0.000
-0.418,3.274,-3.906,-5.345,0.708,7.014,-0.104,10.594,0.000
-0.715,1.732,-2.708,-2.905,0.329,8.832,-1.874,8.684,0.000
-0.066,0.248,-1.872,-0.818,0.398,11.183,-2.871,7.731,0.000
1.302,-0.716,-1.342,0.625,0.869,13.575,-3.098,7.969,0.000
2.957,-0.672,-0.929,1.414,1.549,15.477,-2.785,9.117,0.000
4.276,0.455,-0.568,1.734,2.185,16.598,-2.200,10.580,0.000
4.430,2.152,-0.448,1.876,2.508,16.976,-1.563,11.583,0.000
2.715,3.617,-0.866,2.084,2.328,16.853,-1.032,11.453,0.000
-0.807,4.245,-1.915,2.370,1.672,16.519,-0.771,10.012,0.000
-5.061,3.829,-3.334,2.442,0.830,16.227,-0.996,7.677,0.000
-8.522,2.503,-4.669,1.896,0.182,16.142,-1.884,5.133,0.000
-10.055,0.644,-5.524,0.521,-0.058,16.283,-3.321,2.904,0.000
-9.247,-1.198,-5.690,-1.567,0.049,16.519,-4.787,1.181,0.000
-6.305,-2.492,-5.172,-4.018,0.260,16.652,-5.613,-0.091,0.000
-2.003,-2.926,-4.284,-6.333,0.272,16.495,-5.404,-1.025,0.000
2.418,-2.455,-3.658,-7.902,-0.209,15.901,-4.203,-1.660,0.000
5.698,-1.223,-3.961,-8.211,-1.353,14.777,-2.330,-1.959,0.000
7.135,0.446,-5.445,-7.192,-2.982,13.133,-0.148,-1.860,0.000
6.741,2.066,-7.777,-5.339,-4.496,11.093,2.071,-1.317,0.000
4.995,3.166,-10.309,-3.380,-5.172,8.849,4.172,-0.360,0.000
2.605,3.575,-12.438,-1.826,-4.655,6.635,6.083,0.777,0.000
0.375,3.508,-13.764,-0.769,-3.151,4.730,7.751,1.608,0.000
-1.035,3.386,-14.119,0.003,-1.179,3.372,9.105,1.622,0.000
-1.431,3.558,-13.600,0.828,0.779,2.591,10.030,0.692,0.000
-1.162,4.171,-12.534,2.044,2.452,2.159,10.344,-0.765,0.000
-0.814,5.197,-11.304,3.863,3.729,1.737,9.882,-2.075,0.000
-0.760,6.473,-10.172,6.156,4.509,1.083,8.652,-2.756,0.000
-0.961,7.742,-9.219,8.387,4.568,0.146,6.894,-2.716,0.000
-1.103,8.766,-8.437,9.854,3.662,-1.018,4.960,-2.180,0.000
-0.825,9.470,-7.874,10.037,1.803,-2.401,3.161,-1.581,0.000
0.149,9.979,-7.731,8.716,-0.610,-4.130,1.708,-1.480,0.000
1.916,10.503,-8.255,5.975,-2.981,-6.389,0.710,-2.308,0.000
4.224,11.149,-9.508,2.326,-4.791,-9.228,0.160,-3.951,0.000
6.422,11.840,-11.261,-1.252,-5.709,-12.459,-0.032,-5.596,0.000
7.785,12.390,-13.095,-3.679,-5.621,-15.731,0.006,-6.222,0.000
8.009,12.639,-14.504,-4.294,-4.697,-18.595,0.151,-5.411,0.000
7.409,12.516,-14.937,-3.032,-3.384,-20.525,0.292,-3.684,0.000
6.639,12.006,-13.933,-0.292,-2.205,-21.071,0.350,-2.057,0.000
6.299,11.091,-11.379,3.093,-1.516,-20.146,0.300,-1.318,0.000
6.738,9.718,-7.585,5.896,-1.428,-18.107,0.175,-1.685,0.000
8.042,7.876,-3.124,6.927,-1.832,-15.558,0.016,-2.881,0.000
9.990,5.835,1.263,5.711,-2.373,-13.143,-0.212,-4.266,0.000
12.083,4.268,4.687,2.702,-2.454,-11.469,-0.661,-4.951,0.000
13.737,3.936,6.383,-1.115,-1.478,-10.957,-1.489,-4.157,0.000
14.505,5.121,6.195,-4.707,0.740,-11.573,-2.647,-1.763,0.000
14.132,7.396,4.730,-7.202,3.817,-12.748,-3.774,1.513,0.000
12.552,9.952,2.964,-8.035,7.035,-13.690,-4.370,4.585,0.000
9.988,12.072,1.729,-7.156,9.606,-13.791,-4.085,6.661,0.000
6.967,13.351,1.492,-5.033,10.776,-12.783,-2.831,7.510,0.000
4.111,13.720,2.332,-2.366,10.009,-10.660,-0.775,7.342,0.000
1.873,13.467,3.888,0.194,7.317,-7.582,1.617,6.620,0.000
0.452,13.186,5.393,2.145,3.349,-3.794,3.564,5.918,0.000
-0.172,13.491,6.042,3.201,-0.941,0.403,4.273,5.704,0.000
-0.230,14.604,5.545,3.429,-4.650,4.534,3.418,6.056,0.000
-0.127,16.212,4.332,3.259,-7.048,7.854,1.303,6.579,0.000
-0.285,17.761,3.193,3.232,-7.699,9.641,-1.387,6.708,0.000
-0.918,18.897,2.748,3.633,-6.704,9.758,-3.870,6.147,0.000
-1.965,19.659,3.215,4.342,-4.740,8.868,-5.397,5.072,0.000
-3.212,20.294,4.460,4.989,-2.734,8.004,-5.426,3.924,0.000
-4.460,20.868,6.087,5.205,-1.457,7.908,-3.918,3.095,0.000
-5.597,21.071,7.524,4.738,-1.389,8.735,-1.397,2.770,0.000
-6.579,20.451,8.283,3.518,-2.686,10.172,1.368,2.925,0.000
-7.338,18.919,8.344,1.781,-5.058,11.626,3.766,3.356,0.000
-7.718,17.001,8.283,0.099,-7.760,12.347,5.492,3.721,0.000
-7.550,15.522,8.868,-0.867,-9.932,11.695,6.498,3.688,0.000
-6.826,15.085,10.387,-0.731,-11.039,9.533,6.901,3.155,0.000
-5.779,15.830,12.350,0.494,-11.034,6.331,6.896,2.318,0.000
-4.773,17.519,13.887,2.521,-10.242,2.860,6.663,1.534,0.000
-4.141,19.634,14.400,4.907,-9.263,-0.172,6.307,1.133,0.000
-4.125,21.464,13.870,7.117,-8.905,-2.269,5.846,1.351,0.000
-4.826,22.367,12.692,8.646,-9.884,-3.197,5.276,2.273,0.000
-6.092,22.119,11.389,9.126,-12.326,-3.094,4.679,3.736,0.000
-7.497,21.016,10.436,8.335,-15.594,-2.470,4.277,5.295,0.000
-8.567,19.600,10.138,6.223,-18.678,-1.967,4.316,6.447,0.000
-9.114,18.299,10.498,3.090,-20.734,-2.079,4.834,6.954,0.000
-9.374,17.263,11.204,-0.329,-21.296,-3.048,5.573,6.962,0.000
-9.775,16.432,11.806,-3.133,-20.288,-4.868,6.149,6.825,0.000
-10.555,15.679,11.899,-4.593,-18.084,-7.212,6.344,6.810,0.000
-11.582,14.900,11.185,-4.267,-15.479,-9.418,6.234,6.958,0.000
-12.493,14.055,9.526,-2.084,-13.381,-10.749,6.092,7.131,0.000
-12.938,13.175,7.097,1.364,-12.432,-10.766,6.219,7.113,0.000
-12.707,12.355,4.441,4.729,-12.903,-9.450,6.853,6.677,0.000
-11.778,11.696,2.235,6.516,-14.710,-7.103,8.094,5.713,0.000
-10.414,11.235,0.976,6.037,-17.311,-4.295,9.752,4.452,0.000
-9.169,10.917,0.868,3.785,-19.676,-1.824,11.299,3.548,0.000
-8.601,10.621,1.826,0.930,-20.697,-0.439,12.127,3.759,0.000
-8.810,10.174,3.404,-1.371,-19.793,-0.396,11.938,5.396,0.000
-9.258,9.351,4.781,-2.307,-17.124,-1.319,10.893,8.102,0.000
-9.152,7.949,5.130,-1.547,-13.329,-2.473,9.433,11.126,0.000
-8.095,5.911,4.195,0.541,-9.247,-3.102,8.047,13.692,0.000
-6.368,3.376,2.511,2.895,-5.773,-2.573,7.151,15.154,0.000
-4.632,0.595,1.002,4.300,-3.608,-0.567,6.991,15.125,0.000
-3.424,-2.149,0.377,4.150,-2.910,2.565,7.478,13.676,0.000
-2.906,-4.571,0.864,2.733,-3.219,5.674,8.159,11.350,0.000
-2.918,-6.465,2.279,0.847,-3.808,7.385,8.498,8.856,0.000
-3.113,-7.835,4.132,-0.745,-4.151,6.961,8.305,6.682,0.000
-3.055,-8.932,5.721,-1.581,-4.127,4.649,7.901,4.945,0.000
-2.390,-10.049,6.397,-1.505,-3.875,1.339,7.814,3.488,0.000
-1.064,-11.199,5.934,-0.625,-3.538,-1.863,8.240,2.032,0.000
0.611,-11.965,4.638,0.776,-3.106,-3.831,8.786,0.272,0.000
2.186,-11.780,3.063,2.339,-2.466,-3.705,8.742,-1.972,0.000
3.381,-10.456,1.643,3.658,-1.576,-1.270,7.582,-4.513,0.000
4.209,-8.409,0.517,4.245,-0.556,2.965,5.202,-6.696,0.000
4.881,-6.365,-0.396,3.663,0.407,8.084,1.876,-7.744,0.000
5.631,-4.864,-1.261,1.798,1.266,13.040,-1.750,-7.325,0.000
6.625,-4.035,-2.228,-1.044,2.210,16.724,-4.688,-5.771,0.000
7.926,-3.677,-3.348,-4.328,3.525,18.227,-5.985,-3.735,0.000
9.459,-3.412,-4.472,-7.518,5.315,17.269,-5.311,-1.665,0.000
11.005,-2.804,-5.209,-10.166,7.357,14.298,-3.148,0.455,0.000
12.294,-1.541,-5.124,-11.971,9.237,10.164,-0.431,2.892,0.000
13.107,0.285,-4.064,-12.856,10.552,5.777,1.897,5.698,0.000
13.311,2.085,-2.293,-12.942,10.999,1.977,3.073,8.447,0.000
12.898,3.137,-0.311,-12.417,10.450,-0.592,2.659,10.472,0.000
12.108,3.149,1.361,-11.402,9.091,-1.635,0.782,11.337,0.000
11.485,2.499,2.276,-9.888,7.451,-1.192,-1.827,11.037,0.000
11.603,1.877,2.143,-7.863,6.123,0.478,-4.194,9.858,0.000
12.623,1.718,0.964,-5.583,5.349,2.891,-5.553,8.133,0.000
14.106,1.918,-0.945,-3.719,4.858,5.332,-5.505,6.093,0.000
15.304,2.060,-3.098,-3.031,4.117,7.069,-3.994,3.853,0.000
15.622,1.822,-4.946,-3.772,2.753,7.658,-1.366,1.495,0.000
14.807,1.201,-5.903,-5.436,0.754,7.035,1.660,-0.849,0.000
12.928,0.435,-5.518,-7.107,-1.562,5.427,4.266,-2.990,0.000
10.344,-0.192,-3.819,-7.978,-3.565,3.332,5.885,-4.713,0.000
7.663,-0.465,-1.428,-7.580,-4.335,1.485,6.302,-5.771,0.000
5.518,-0.328,0.788,-5.823,-3.061,0.584,5.610,-5.986,0.000
4.299,-0.014,2.208,-3.062,0.222,0.854,4.242,-5.423,0.000
4.085,-0.081,2.658,-0.088,4.356,1.899,2.956,-4.465,0.000
4.699,-1.119,2.311,2.221,7.738,3.010,2.506,-3.629,0.000
5.676,-3.275,1.539,3.321,9.342,3.578,3.132,-3.346,0.000
6.270,-6.054,0.804,3.140,9.144,3.292,4.371,-3.869,0.000
5.747,-8.629,0.481,1.930,7.802,2.161,5.420,-5.253,0.000
3.870,-10.279,0.617,0.114,6.147,0.586,5.694,-7.261,0.000
1.087,-10.575,0.869,-1.795,4.902,-0.644,5.068,-9.342,0.000
-1.804,-9.417,0.763,-3.342,4.518,-0.724,3.768,-10.854,0.000
-4.107,-7.144,0.122,-4.274,5.044,0.579,2.185,-11.370,0.000
-5.427,-4.534,-0.748,-4.563,6.152,2.708,0.755,-10.772,0.000
-5.661,-2.476,-1.289,-4.320,7.340,4.734,-0.186,-9.178,0.000
-4.981,-1.536,-1.058,-3.736,8.115,5.989,-0.537,-6.885,0.000
-3.768,-1.821,0.103,-3.044,8.046,6.349,-0.458,-4.324,0.000
-2.458,-3.081,2.072,-2.472,6.839,6.090,-0.221,-1.932,0.000
-1.427,-4.801,4.441,-2.214,4.504,5.633,-0.020,-0.036,0.000
-0.969,-6.254,6.530,-2.439,1.413,5.390,0.098,1.159,0.000
-1.234,-6.787,7.675,-3.247,-1.883,5.615,0.181,1.552,0.000
-2.063,-6.247,7.657,-4.560,-4.838,6.244,0.273,1.160,0.000
-2.918,-5.133,6.854,-6.065,-6.972,6.863,0.354,0.106,0.000
-3.134,-4.224,5.939,-7.368,-7.957,6.969,0.375,-1.407,0.000
-2.289,-4.049,5.450,-8.201,-7.785,6.357,0.344,-3.032,0.000
-0.349,-4.640,5.603,-8.497,-6.800,5.282,0.373,-4.240,0.000
2.413,-5.687,6.340,-8.370,-5.516,4.196,0.597,-4.501,0.000
5.491,-6.766,7.433,-8.092,-4.436,3.326,1.010,-3.595,0.000
8.176,-7.475,8.558,-8.083,-3.989,2.478,1.384,-1.728,0.000
9.791,-7.530,9.420,-8.748,-4.457,1.258,1.398,0.613,0.000
10.014,-6.849,9.865,-10.227,-5.825,-0.488,0.855,2.797,0.000
8.964,-5.539,9.900,-12.306,-7.755,-2.446,-0.215,4.105,0.000
7.042,-3.793,9.602,-14.555,-9.766,-4.037,-1.624,3.925,0.000
4.785,-1.808,9.021,-16.476,-11.450,-4.771,-3.101,2.095,0.000
2.809,0.247,8.120,-17.554,-12.544,-4.412,-4.334,-1.007,0.000
1.639,2.230,6.836,-17.392,-12.906,-3.002,-5.070,-4.714,0.000
1.481,4.001,5.229,-15.955,-12.473,-0.925,-5.244,-8.336,0.000
2.160,5.391,3.552,-13.637,-11.206,1.095,-5.011,-11.262,0.000
3.290,6.263,2.148,-11.063,-9.099,2.301,-4.607,-13.042,0.000
4.444,6.660,1.275,-8.883,-6.315,2.344,-4.161,-13.494,0.000
5.230,6.851,1.040,-7.696,-3.248,1.438,-3.609,-12.691,0.000
5.385,7.148,1.393,-7.881,-0.374,0.087,-2.827,-10.861,0.000
4.910,7.580,2.082,-9.247,1.962,-1.274,-1.892,-8.365,0.000
4.108,7.755,2.637,-10.913,3.620,-2.465,-1.217,-5.698,0.000
3.399,7.148,2.571,-11.775,4.610,-3.485,-1.299,-3.356,0.000
3.074,5.639,1.677,-11.194,5.018,-4.327,-2.244,-1.671,0.000
3.195,3.763,0.147,-9.275,4.936,-4.861,-3.550,-0.774,0.000
3.646,2.342,-1.578,-6.598,4.449,-4.897,-4.462,-0.641,0.000
4.185,1.849,-2.975,-3.835,3.669,-4.390,-4.560,-1.109,0.000
4.490,2.120,-3.510,-1.548,2.769,-3.539,-4.046,-1.903,0.000
4.288,2.574,-2.787,-0.059,1.944,-2.665,-3.507,-2.726,0.000
3.577,2.579,-0.820,0.701,1.347,-2.020,-3.542,-3.346,0.000
2.704,1.655,1.875,1.193,1.077,-1.698,-4.562,-3.615,0.000
2.172,-0.423,4.553,2.020,1.161,-1.670,-6.711,-3.459,0.000
2.366,-3.457,6.547,3.595,1.528,-1.865,-9.736,-2.888,0.000
3.439,-6.809,7.388,6.010,2.001,-2.227,-12.974,-1.995,0.000
5.315,-9.717,6.886,9.073,2.398,-2.755,-15.639,-0.944,0.000
7.638,-11.724,5.333,12.258,2.682,-3.530,-17.187,-0.022,0.000
9.763,-12.819,3.551,14.694,3.017,-4.716,-17.421,0.325,0.000
10.987,-13.253,2.495,15.518,3.641,-6.436,-16.452,-0.297,0.000
10.882,-13.269,2.683,14.469,4.622,-8.510,-14.713,-1.825,0.000
9.393,-12.953,3.963,12.110,5.753,-10.342,-12.955,-3.564,0.000
6.743,-12.265,5.749,9.426,6.705,-11.190,-11.967,-4.581,0.000
3.385,-11.190,7.305,7.286,7.300,-10.627,-12.193,-4.329,0.000
-0.034,-9.823,7.896,6.203,7.628,-8.717,-13.600,-2.911,0.000
-2.864,-8.360,7.023,6.299,7.931,-5.881,-15.775,-0.862,0.000
-4.700,-7.067,4.813,7.248,8.373,-2.766,-17.937,1.171,0.000
-5.429,-6.273,2.144,8.306,8.921,-0.174,-18.952,2.596,0.000
-5.143,-6.254,0.149,8.678,9.417,1.198,-17.766,3.030,0.000
-4.071,-7.027,-0.508,8.018,9.727,1.158,-14.163,2.491,0.000
-2.533,-8.274,0.075,6.611,9.821,0.133,-9.041,1.429,0.000
-0.868,-9.513,1.298,5.059,9.742,-1.107,-3.837,0.470,0.000
0.580,-10.303,2.423,3.812,9.528,-1.797,0.277,0.106,0.000
1.435,-10.332,2.770,2.952,9.160,-1.306,2.722,0.584,0.000
1.382,-9.473,1.926,2.306,8.604,0.720,3.478,1.919,0.000
0.367,-7.927,0.051,1.693,7.935,4.084,3.035,3.874,0.000
-1.335,-6.265,-2.038,1.068,7.394,7.967,2.278,5.974,0.000
-3.293,-5.144,-3.336,0.498,7.276,11.339,2.092,7.714,0.000
-5.129,-4.890,-3.336,0.043,7.686,13.554,2.834,8.835,0.000
-6.611,-5.335,-2.302,-0.312,8.443,14.554,4.162,9.417,0.000
-7.648,-6.043,-0.939,-0.665,9.212,14.663,5.388,9.716,0.000
-8.270,-6.642,0.129,-1.161,9.712,14.267,6.004,9.924,0.000
-8.580,-6.987,0.607,-1.981,9.814,13.634,5.925,10.037,0.000
-8.665,-7.138,0.488,-3.272,9.542,12.875,5.364,9.889,0.000
-8.472,-7.271,-0.071,-5.035,9.065,12.014,4.620,9.248,0.000
-7.767,-7.610,-0.865,-7.088,8.676,11.045,3.934,7.861,0.000
-6.309,-8.300,-1.705,-9.159,8.632,9.944,3.426,5.557,0.000
-4.207,-9.212,-2.401,-10.991,8.896,8.631,3.032,2.454,0.000
-2.077,-9.871,-2.733,-12.377,9.042,6.944,2.516,-0.964,0.000
-0.714,-9.710,-2.496,-13.181,8.522,4.707,1.637,-4.067,0.000
-0.516,-8.490,-1.647,-13.381,7.128,1.904,0.417,-6.369,0.000
-1.255,-6.471,-0.360,-13.061,5.196,-1.239,-0.746,-7.622,0.000
-2.334,-4.189,1.066,-12.378,3.361,-4.355,-1.327,-7.816,0.000
-3.195,-2.134,2.308,-11.559,2.193,-7.041,-1.093,-7.221,0.000
-3.521,-0.601,3.064,-10.912,2.024,-8.903,-0.282,-6.378,0.000
-3.232,0.310,3.135,-10.734,2.897,-9.675,0.600,-5.875,0.000
-2.438,0.677,2.574,-11.160,4.446,-9.476,1.102,-6.045,0.000
-1.357,0.706,1.722,-12.114,5.884,-8.883,0.983,-6.865,0.000
-0.212,0.632,0.997,-13.351,6.365,-8.591,0.235,-8.072,0.000
0.860,0.667,0.559,-14.465,5.530,-8.883,-0.891,-9.299,0.000
1.810,0.984,0.174,-14.885,3.712,-9.410,-1.893,-10.147,0.000
2.622,1.686,-0.573,-14.090,1.612,-9.515,-2.241,-10.305,0.000
3.204,2.717,-1.894,-12.016,-0.150,-8.803,-1.683,-9.740,0.000
3.333,3.832,-3.623,-9.197,-1.251,-7.414,-0.351,-8.745,0.000
2.758,4.741,-5.391,-6.457,-1.669,-5.823,1.382,-7.743,0.000
1.426,5.355,-6.937,-4.461,-1.676,-4.506,3.067,-7.020,0.000
-0.429,5.883,-8.259,-3.539,-1.787,-3.757,4.250,-6.608,0.000
-2.398,6.682,-9.517,-3.705,-2.530,-3.636,4.599,-6.362,0.000
-4.019,7.991,-10.806,-4.671,-4.120,-3.911,4.111,-6.087,0.000
-4.828,9.802,-12.024,-5.896,-6.348,-4.081,3.170,-5.608,0.000
-4.480,11.887,-12.936,-6.804,-8.738,-3.612,2.335,-4.809,0.000
-2.978,13.801,-13.315,-7.038,-10.731,-2.285,2.075,-3.678,0.000
-0.747,14.887,-13.013,-6.537,-11.757,-0.330,2.658,-2.297,0.000
1.597,14.549,-12.000,-5.453,-11.429,1.778,4.136,-0.796,0.000
3.512,12.743,-10.451,-4.092,-9.923,3.578,6.263,0.692,0.000
4.634,10.150,-8.764,-2.875,-8.114,4.728,8.479,2.035,0.000
4.816,7.749,-7.357,-2.183,-7.146,5.033,10.132,3.109,0.000
4.211,6.174,-6.374,-2.127,-7.809,4.460,10.763,3.800,0.000
3.278,5.445,-5.567,-2.470,-10.286,3.115,10.201,3.987,0.000
2.576,5.188,-4.515,-2.828,-14.207,1.214,8.548,3.598,0.000
2.500,4.999,-2.987,-2.967,-18.585,-0.805,6.258,2.746,0.000
3.184,4.665,-1.117,-2.932,-21.806,-2.215,4.160,1.792,0.000
4.513,4.155,0.721,-2.938,-22.269,-2.268,3.135,1.193,0.000
6.047,3.536,2.103,-3.149,-19.405,-0.653,3.625,1.276,0.000
7.009,2.885,2.650,-3.565,-14.048,2.320,5.451,2.152,0.000
6.642,2.267,2.113,-4.059,-7.791,5.932,8.017,3.724,0.000
4.825,1.769,0.518,-4.447,-2.171,9.256,10.496,5.639,0.000
2.321,1.533,-1.802,-4.539,1.699,11.243,11.923,7.280,0.000
0.317,1.712,-4.352,-4.157,3.289,11.044,11.511,8.028,0.000
-0.244,2.342,-6.589,-3.132,2.911,8.580,9.197,7.692,0.000
1.040,3.282,-7.944,-1.281,1.715,4.720,5.819,6.663,0.000
4.025,4.288,-7.937,1.543,1.067,0.764,2.606,5.613,0.000
7.901,5.076,-6.394,5.260,1.709,-2.237,0.477,5.060,0.000
11.188,5.363,-3.511,9.482,3.442,-3.756,-0.245,5.159,0.000
12.383,4.972,0.268,13.642,5.506,-3.743,0.267,5.763,0.000
10.958,4.054,4.276,17.113,7.132,-2.595,1.483,6.505,0.000
7.726,3.158,7.619,19.237,7.819,-1.062,2.635,6.872,0.000
4.192,2.942,9.462,19.516,7.347,0.070,3.020,6.418,0.000
1.650,3.688,9.505,18.000,5.738,0.358,2.409,5.102,0.000
0.772,5.101,8.119,15.414,3.164,-0.184,1.170,3.389,0.000
1.646,6.561,6.012,12.762,-0.144,-1.287,-0.066,1.946,0.000
3.864,7.498,3.769,10.778,-3.849,-2.691,-0.896,1.172,0.000
6.649,7.570,1.639,9.716,-7.464,-4.288,-1.348,1.011,0.000
9.175,6.714,-0.381,9.441,-10.461,-6.066,-1.687,1.152,0.000
10.867,5.253,-2.327,9.566,-12.444,-7.930,-2.030,1.385,0.000
11.462,3.896,-4.123,9.564,-13.191,-9.592,-2.135,1.791,0.000
10.947,3.396,-5.600,8.996,-12.681,-10.669,-1.597,2.618,0.000
9.532,4.030,-6.614,7.828,-11.230,-10.881,-0.275,3.985,0.000
7.628,5.394,-7.100,6.543,-9.520,-10.128,1.508,5.733,0.000
5.710,6.692,-7.077,5.817,-8.246,-8.475,3.178,7.561,0.000
4.205,7.127,-6.652,6.024,-7.536,-6.184,4.291,9.287,0.000
3.470,6.078,-6.005,7.028,-6.732,-3.707,4.705,10.982,0.000
3.707,3.282,-5.325,8.348,-4.908,-1.537,4.493,12.826,0.000
4.749,-0.767,-4.739,9.388,-1.812,-0.029,3.758,14.799,0.000
5.988,-4.687,-4.297,9.553,1.708,0.651,2.505,16.514,0.000
6.661,-6.882,-3.996,8.432,4.285,0.520,0.693,17.448,0.000
6.279,-6.602,-3.789,6.096,5.056,-0.146,-1.573,17.385,0.000
4.784,-4.352,-3.602,3.191,4.121,-0.796,-3.921,16.617,0.000
2.456,-1.374,-3.380,0.551,2.238,-0.849,-5.863,15.716,0.000
-0.187,1.082,-3.156,-1.343,0.312,-0.079,-7.039,15.150,0.000
-2.444,2.109,-3.081,-2.580,-0.891,1.227,-7.319,15.105,0.000
-3.705,1.273,-3.325,-3.567,-0.966,2.480,-6.782,15.499,0.000
-3.864,-1.220,-3.880,-4.603,-0.136,3.062,-5.704,16.041,0.000
-3.460,-4.554,-4.473,-5.655,0.711,2.458,-4.540,16.286,0.000
-3.286,-7.718,-4.708,-6.459,0.534,0.429,-3.713,15.842,0.000
-3.815,-9.998,-4.293,-6.764,-1.065,-2.610,-3.320,14.665,0.000
-4.937,-11.126,-3.138,-6.465,-3.541,-5.456,-3.029,13.160,0.000
-6.187,-11.162,-1.341,-5.627,-5.899,-6.713,-2.334,11.875,0.000
-7.117,-10.343,0.779,-4.521,-7.474,-5.742,-0.969,11.012,0.000
-7.487,-8.969,2.680,-3.607,-8.288,-3.032,0.903,10.218,0.000
-7.266,-7.352,3.818,-3.308,-8.788,0.288,2.846,8.892,0.000
-6.564,-5.853,3.974,-3.628,-9.316,3.144,4.389,6.747,0.000
-5.571,-4.938,3.375,-4.005,-9.817,4.866,5.144,4.084,0.000
-4.491,-5.038,2.505,-3.647,-9.901,5.298,4.925,1.569,0.000
-3.557,-6.251,1.887,-2.080,-9.022,4.984,3.956,-0.126,0.000
-3.046,-8.231,1.975,0.621,-6.594,5.154,2.931,-0.492,0.000
-3.159,-10.392,3.023,4.027,-2.271,7.092,2.682,0.705,0.000
-3.727,-12.178,4.825,7.624,3.475,11.102,3.668,3.219,0.000
-4.083,-13.167,6.635,10.949,9.133,16.110,5.777,6.278,0.000
-3.422,-13.139,7.513,13.649,12.868,20.400,8.516,8.930,0.000
-1.423,-12.179,6.854,15.470,13.651,22.749,11.216,10.470,0.000
1.482,-10.683,4.579,16.179,11.684,22.920,13.138,10.575,0.000
4.442,-9.164,1.016,15.577,7.934,21.404,13.671,9.231,0.000
6.695,-8.022,-3.188,13.616,3.498,19.028,12.635,6.671,0.000
7.800,-7.466,-7.129,10.443,-0.730,16.684,10.338,3.311,0.000
7.672,-7.502,-9.981,6.371,-4.223,15.021,7.333,-0.409,0.000
6.630,-7.875,-11.482,1.973,-6.918,14.095,4.139,-4.156,0.000
5.357,-8.059,-12.089,-1.873,-9.151,13.299,1.130,-7.711,0.000
4.547,-7.511,-12.595,-4.322,-11.344,11.812,-1.464,-10.945,0.000
4.409,-6.096,-13.577,-5.139,-13.596,9.305,-3.494,-13.755,0.000
4.478,-4.248,-15.141,-4.911,-15.501,6.234,-4.805,-16.007,0.000
4.017,-2.668,-17.028,-4.629,-16.411,3.509,-5.237,-17.569,0.000
2.665,-1.856,-18.772,-5.064,-15.868,1.979,-4.687,-18.410,0.000
0.744,-1.906,-19.810,-6.490,-13.787,2.201,-3.127,-18.623,0.000
-1.034,-2.607,-19.676,-8.707,-10.403,4.347,-0.643,-18.337,0.000
-2.039,-3.611,-18.296,-11.055,-6.276,7.980,2.409,-17.582,0.000
-1.956,-4.545,-16.068,-12.451,-2.278,12.012,5.331,-16.207,0.000
-0.791,-5.128,-13.614,-11.872,0.705,15.212,7.349,-13.977,0.000
1.128,-5.315,-11.484,-9.122,2.179,16.910,8.039,-10.759,0.000
3.195,-5.318,-10.039,-5.115,2.156,17.247,7.476,-6.618,0.000
4.766,-5.460,-9.441,-1.259,0.971,16.861,6.032,-1.794,0.000
5.461,-5.981,-9.632,1.457,-0.891,16.418,4.126,3.238,0.000
5.239,-6.960,-10.365,2.842,-2.899,16.379,2.086,7.724,0.000
4.307,-8.325,-11.310,3.252,-4.585,16.896,0.140,10.869,0.000
3.045,-9.833,-12.125,3.147,-5.641,17.705,-1.504,12.173,0.000
1.961,-11.061,-12.470,2.810,-5.907,18.119,-2.573,11.531,0.000
1.498,-11.573,-12.087,2.320,-5.344,17.404,-2.813,9.182,0.000
1.729,-11.168,-10.976,1.672,-4.074,15.362,-2.217,5.793,0.000
2.257,-9.964,-9.452,0.878,-2.390,12.562,-1.118,2.487,0.000
2.470,-8.260,-7.985,0.008,-0.658,9.918,-0.015,0.420,0.000
1.941,-6.355,-6.989,-0.808,0.763,8.048,0.680,0.143,0.000
0.604,-4.469,-6.746,-1.381,1.544,6.997,0.757,1.385,0.000
-1.339,-2.695,-7.378,-1.538,1.505,6.426,0.197,3.415,0.000
-3.513,-0.959,-8.773,-1.216,0.875,5.954,-0.808,5.533,0.000
-5.440,0.966,-10.576,-0.492,0.391,5.368,-1.890,7.300,0.000
-6.695,3.289,-12.336,0.461,0.895,4.638,-2.672,8.547,0.000
-7.095,5.904,-13.645,1.405,2.653,3.861,-3.011,9.275,0.000
-6.741,8.243,-14.182,2.033,5.065,3.204,-3.077,9.549,0.000
-5.860,9.579,-13.763,2.108,7.068,2.819,-3.151,9.443,0.000
-4.619,9.522,-12.494,1.703,7.757,2.773,-3.282,9.044,0.000
-3.035,8.221,-10.807,1.306,6.663,3.041,-3.127,8.480,0.000
-1.075,6.180,-9.258,1.552,3.780,3.574,-2.198,7.904,0.000
1.096,4.027,-8.256,2.797,-0.313,4.393,-0.335,7.489,0.000
2.977,2.385,-7.971,4.933,-4.460,5.633,2.066,7.424,0.000
3.980,1.674,-8.394,7.501,-7.412,7.436,4.292,7.864,0.000
3.887,1.801,-9.429,9.808,-8.506,9.711,5.681,8.827,0.000
3.032,2.070,-10.961,10.976,-7.884,12.026,5.784,10.155,0.000
2.016,1.624,-12.830,10.261,-6.159,13.791,4.440,11.586,0.000
1.211,0.134,-14.676,7.580,-3.984,14.545,1.927,12.800,0.000
0.543,-1.901,-15.841,3.698,-1.831,14.064,-1.012,13.428,0.000
-0.300,-3.565,-15.633,-0.220,0.058,12.363,-3.509,13.123,0.000
-1.421,-4.176,-13.836,-3.203,1.639,9.788,-5.002,11.680,0.000
-2.480,-3.594,-10.912,-4.708,2.981,7.023,-5.386,9.067,0.000
-2.918,-2.105,-7.681,-4.642,4.147,4.812,-4.873,5.435,0.000
-2.424,-0.242,-4.885,-3.445,5.035,3.583,-3.832,1.290,0.000
-1.157,1.347,-2.990,-2.058,5.316,3.319,-2.689,-2.429,0.000
0.389,2.149,-2.141,-1.486,4.632,3.724,-1.816,-4.744,0.000
1.594,2.130,-2.093,-2.160,2.981,4.443,-1.433,-5.292,0.000
1.824,1.830,-2.243,-3.709,0.890,5.167,-1.613,-4.577,0.000
0.644,1.975,-1.924,-5.336,-0.865,5.647,-2.339,-3.567,0.000
-1.803,2.873,-0.826,-6.367,-1.665,5.614,-3.545,-3.105,0.000
-4.684,4.149,0.862,-6.509,-1.215,4.705,-5.138,-3.644,0.000
-6.923,5.074,2.681,-5.823,0.447,2.617,-6.989,-5.223,0.000
-7.869,5.110,4.250,-4.684,2.876,-0.510,-8.842,-7.430,0.000
-7.554,4.166,5.417,-3.707,5.216,-3.916,-10.258,-9.450,0.000
-6.448,2.510,6.193,-3.487,6.551,-6.567,-10.787,-10.447,0.000
-5.107,0.616,6.587,-4.239,6.387,-7.669,-10.276,-10.122,0.000
-3.987,-0.937,6.489,-5.684,4.820,-6.873,-8.996,-8.907,0.000
-3.361,-1.693,5.728,-7.296,2.312,-4.284,-7.458,-7.571,0.000
-3.294,-1.649,4.248,-8.654,-0.569,-0.606,-6.171,-6.620,0.000
-3.675,-1.351,2.201,-9.584,-3.277,2.838,-5.544,-6.027,0.000
-4.304,-1.539,-0.113,-10.079,-5.401,4.674,-5.822,-5.453,0.000
-4.914,-2.594,-2.296,-10.125,-6.768,4.345,-6.985,-4.689,0.000
-5.168,-4.296,-3.867,-9.578,-7.428,2.427,-8.734,-3.890,0.000
-4.769,-6.057,-4.445,-8.254,-7.520,0.118,-10.609,-3.425,0.000
-3.670,-7.265,-4.052,-6.176,-7.114,-1.456,-12.033,-3.518,0.000
-2.159,-7.451,-3.228,-3.703,-6.139,-1.574,-12.309,-4.077,0.000
-0.704,-6.388,-2.679,-1.382,-4.476,0.018,-10.849,-4.805,0.000
0.232,-4.253,-2.744,0.258,-2.197,2.978,-7.637,-5.437,0.000
0.268,-1.652,-3.160,0.788,0.323,6.403,-3.403,-5.862,0.000
-0.795,0.665,-3.323,0.009,2.547,9.243,0.763,-6.120,0.000
-2.766,2.174,-2.716,-1.749,3.978,10.811,3.932,-6.350,0.000
-4.993,2.708,-1.125,-3.535,4.237,10.943,5.527,-6.734,0.000
-6.701,2.398,1.369,-4.233,3.141,9.854,5.374,-7.398,0.000
-7.481,1.666,4.367,-3.286,0.920,7.984,3.819,-8.243,0.000
-7.481,1.189,7.185,-0.983,-1.724,5.901,1.715,-8.888,0.000
-7.146,1.622,9.120,1.869,-3.897,4.152,0.047,-8.872,0.000
-6.809,3.161,9.833,4.377,-4.892,3.127,-0.560,-8.009,0.000
-6.480,5.394,9.455,5.776,-4.304,3.053,-0.007,-6.520,0.000
-5.960,7.625,8.379,5.613,-2.064,3.991,1.420,-4.862,0.000
-5.109,9.361,6.983,4.037,1.407,5.726,3.175,-3.476,0.000
-3.995,10.527,5.496,1.853,5.146,7.734,4.541,-2.671,0.000
-2.847,11.335,4.048,0.051,8.020,9.409,4.877,-2.570,0.000
-1.929,12.027,2.837,-0.858,9.182,10.389,4.000,-3.009,0.000
-1.480,12.727,2.245,-1.103,8.220,10.681,2.296,-3.526,0.000
-1.660,13.415,2.649,-1.271,5.154,10.526,0.429,-3.585,0.000
-2.481,13.950,4.007,-1.672,0.598,10.235,-1.046,-2.898,0.000
-3.801,14.110,5.671,-2.008,-4.198,10.081,-1.848,-1.550,0.000
-5.405,13.688,6.769,-1.647,-7.842,10.210,-1.939,0.121,0.000
-7.055,12.662,6.839,-0.178,-9.471,10.493,-1.446,1.660,0.000
-8.499,11.245,6.107,2.316,-8.976,10.499,-0.582,2.552,0.000
-9.509,9.769,5.192,5.377,-6.810,9.752,0.459,2.390,0.000
-9.944,8.551,4.624,8.357,-3.840,8.187,1.606,1.155,0.000
-9.749,7.835,4.588,10.524,-1.238,6.339,2.932,-0.701,0.000
-8.931,7.716,4.980,11.292,-0.068,4.974,4.557,-2.504,0.000
-7.557,7.973,5.537,10.580,-0.678,4.476,6.452,-3.672,0.000
-5.752,8.007,5.951,8.897,-2.497,4.578,8.352,-3.838,0.000
-3.682,7.148,5.990,6.985,-4.487,4.624,9.883,-2.869,0.000
-1.595,5.182,5.634,5.342,-5.728,4.019,10.761,-0.939,0.000
0.135,2.565,5.104,4.015,-5.679,2.463,10.866,1.485,0.000
1.125,0.093,4.703,2.793,-4.219,-0.010,10.202,3.853,0.000
1.176,-1.585,4.600,1.560,-1.767,-2.924,8.848,5.780,0.000
0.334,-2.191,4.737,0.491,0.733,-5.361,6.912,7.124,0.000
-1.202,-1.787,4.894,-0.077,2.245,-6.340,4.539,7.911,0.000
-3.158,-0.731,4.780,0.054,2.251,-5.401,2.016,8.222,0.000
-5.236,0.390,4.069,0.793,0.970,-2.803,-0.159,8.116,0.000
-7.187,0.989,2.493,1.817,-0.910,0.747,-1.482,7.615,0.000
-8.885,0.760,0.021,2.644,-2.565,4.386,-1.836,6.748,0.000
-10.325,-0.239,-3.088,2.675,-3.197,7.236,-1.641,5.572,0.000
-11.552,-1.738,-6.399,1.450,-2.276,8.643,-1.554,4.174,0.000
-12.551,-3.433,-9.395,-0.882,0.046,8.559,-2.001,2.678,0.000
-13.176,-5.070,-11.495,-3.386,2.805,7.638,-2.953,1.250,0.000
-13.201,-6.497,-12.223,-4.861,4.767,6.801,-4.048,0.060,0.000
-12.407,-7.698,-11.499,-4.650,5.224,6.631,-4.783,-0.766,0.000
-10.614,-8.786,-9.735,-2.975,4.310,7.110,-4.627,-1.154,0.000
-7.742,-9.916,-7.582,-0.566,2.698,7.849,-3.248,-1.077,0.000
-3.997,-11.166,-5.632,1.907,1.151,8.447,-0.925,-0.596,0.000
0.051,-12.481,-4.289,4.130,0.283,8.701,1.304,0.137,0.000
3.713,-13.722,-3.719,6.070,0.416,8.611,2.150,0.925,0.000
6.502,-14.729,-3.758,7.743,1.394,8.337,0.881,1.560,0.000
8.252,-15.337,-3.914,9.028,2.568,8.130,-2.366,1.831,0.000
9.031,-15.375,-3.661,9.716,3.153,8.189,-6.855,1.573,0.000
9.051,-14.641,-2.892,9.695,2.741,8.429,-11.566,0.775,0.000
8.585,-12.866,-2.107,9.047,1.488,8.405,-15.357,-0.386,0.000
7.867,-9.833,-2.031,7.963,-0.132,7.584,-17.318,-1.624,0.000
7.009,-5.689,-2.969,6.599,-1.698,5.812,-17.318,-2.621,0.000
5.986,-1.081,-4.509,5.004,-3.020,3.527,-16.134,-3.050,0.000
4.732,3.120,-5.810,3.164,-4.099,1.496,-14.888,-2.648,0.000
3.312,6.207,-6.087,1.159,-4.994,0.434,-14.206,-1.361,0.000
2.012,7.770,-4.824,-0.741,-5.708,0.846,-13.861,0.608,0.000
1.203,7.724,-1.879,-2.189,-6.183,2.919,-13.176,2.890,0.000
1.125,6.411,2.301,-2.981,-6.319,6.265,-11.749,4.984,0.000
1.794,4.600,6.635,-3.143,-6.001,9.864,-9.825,6.253,0.000
3.029,3.154,9.880,-2.880,-5.184,12.518,-8.020,6.137,0.000
4.431,2.580,11.296,-2.514,-4.073,13.522,-6.779,4.539,0.000
5.386,2.879,10.862,-2.447,-3.186,12.896,-6.090,1.969,0.000
5.303,3.730,9.020,-3.021,-3.086,11.128,-5.624,-0.757,0.000
4.024,4.749,6.351,-4.280,-3.897,8.833,-5.027,-2.870,0.000
1.967,5.623,3.391,-5.903,-5.100,6.574,-4.110,-3.800,0.000
-0.168,6.139,0.513,-7.402,-5.907,4.732,-2.896,-3.261,0.000
-1.807,6.163,-2.137,-8.412,-5.857,3.418,-1.682,-1.436,0.000
-2.685,5.587,-4.601,-8.803,-5.091,2.486,-1.028,0.998,0.000
-2.819,4.332,-6.971,-8.620,-4.107,1.692,-1.467,3.198,0.000
-2.483,2.442,-9.166,-7.988,-3.350,0.863,-3.009,4.574,0.000
-2.146,0.125,-10.829,-7.039,-2.989,-0.026,-4.952,4.938,0.000
-2.278,-2.308,-11.535,-5.894,-2.936,-0.885,-6.307,4.388,0.000
-3.089,-4.502,-11.180,-4.703,-2.930,-1.562,-6.448,3.158,0.000
-4.444,-6.060,-10.144,-3.685,-2.608,-1.869,-5.393,1.524,0.000
-6.019,-6.660,-9.068,-3.052,-1.670,-1.664,-3.586,-0.279,0.000
-7.493,-6.263,-8.518,-2.839,-0.099,-0.997,-1.580,-2.060,0.000
-8.636,-5.178,-8.836,-2.842,1.756,-0.166,0.146,-3.643,0.000
-9.341,-3.877,-10.078,-2.735,3.393,0.432,1.271,-4.858,0.000
-9.668,-2.753,-11.874,-2.250,4.423,0.523,1.670,-5.521,0.000
-9.830,-2.026,-13.406,-1.250,4.683,0.043,1.374,-5.416,0.000
-10.058,-1.729,-13.791,0.272,4.209,-0.911,0.507,-4.391,0.000
-10.406,-1.665,-12.703,2.189,3.225,-2.147,-0.712,-2.594,0.000
-10.670,-1.426,-10.603,4.257,2.124,-3.421,-1.954,-0.571,0.000
-10.541,-0.637,-8.345,6.207,1.312,-4.541,-2.842,0.999,0.000
-9.877,0.633,-6.595,7.847,1.024,-5.518,-3.021,1.703,0.000
-8.828,1.693,-5.569,9.080,1.256,-6.608,-2.164,1.558,0.000
-7.737,1.664,-5.146,9.863,1.830,-8.126,-0.084,0.848,0.000
-7.005,0.222,-5.124,10.147,2.420,-10.117,2.989,-0.122,0.000
-7.020,-2.070,-5.379,9.824,2.581,-12.199,6.297,-1.151,0.000
-8.002,-4.167,-5.882,8.790,1.916,-13.771,8.897,-2.148,0.000
-9.683,-5.185,-6.584,7.099,0.384,-14.325,10.171,-3.053,0.000
-11.191,-4.686,-7.339,5.027,-1.588,-13.573,10.014,-3.760,0.000
-11.492,-2.687,-7.938,2.938,-3.379,-11.472,8.699,-4.154,0.000
-10.106,0.311,-8.196,1.082,-4.577,-8.326,6.724,-4.201,0.000
-7.398,3.369,-7.992,-0.486,-5.146,-4.802,4.707,-4.005,0.000
-4.204,5.507,-7.307,-1.828,-5.306,-1.662,3.171,-3.748,0.000
-1.287,6.229,-6.318,-2.980,-5.331,0.550,2.263,-3.616,0.000
0.922,5.693,-5.422,-3.863,-5.424,1.608,1.691,-3.759,0.000
2.338,4.450,-5.033,-4.332,-5.651,1.541,1.016,-4.241,0.000
3.171,3.127,-5.242,-4.307,-5.867,0.602,0.139,-4.941,0.000
3.843,2.274,-5.682,-3.838,-5.708,-0.771,-0.485,-5.515,0.000
4.726,2.265,-5.807,-3.095,-4.792,-2.111,-0.207,-5.539,0.000
5.799,3.172,-5.369,-2.377,-3.064,-3.072,1.140,-4.725,0.000
6.506,4.762,-4.625,-2.117,-0.939,-3.462,2.922,-3.004,0.000
6.099,6.617,-4.107,-2.719,0.904,-3.240,4.131,-0.520,0.000
4.233,8.201,-4.214,-4.269,1.790,-2.557,4.112,2.261,0.000
1.204,8.870,-5.014,-6.429,1.153,-1.760,2.905,4.521,0.000
-2.278,8.090,-6.288,-8.641,-1.308,-1.259,1.042,5.457,0.000
-5.402,5.877,-7.609,-10.394,-5.276,-1.351,-0.769,4.913,0.000
-7.392,2.962,-8.404,-11.323,-9.692,-2.164,-1.837,3.627,0.000
-7.693,0.383,-8.208,-11.248,-13.275,-3.646,-1.712,2.740,0.000
-6.274,-1.090,-7.093,-10.245,-15.262,-5.480,-0.519,3.022,0.000
-3.686,-1.193,-5.823,-8.634,-15.700,-7.054,0.959,4.539,0.000
-0.732,-0.100,-5.419,-6.798,-15.173,-7.717,1.755,6.832,0.000
1.934,1.634,-6.482,-4.975,-14.435,-7.197,1.451,9.204,0.000
3.958,3.143,-8.915,-3.180,-14.197,-5.747,0.467,10.891,0.000
5.247,3.597,-12.138,-1.312,-14.884,-3.909,-0.322,11.318,0.000
5.903,2.701,-15.379,0.642,-16.272,-2.169,-0.215,10.466,0.000
6.143,0.864,-17.815,2.499,-17.378,-0.804,1.016,8.961,0.000
6.190,-1.112,-18.803,3.996,-17.022,0.117,3.140,7.677,0.000
6.172,-2.426,-18.193,5.015,-14.733,0.697,5.456,7.176,0.000
6.097,-2.452,-16.393,5.687,-11.117,1.140,6.818,7.479,0.000
5.926,-0.896,-14.079,6.288,-7.368,1.609,6.111,8.253,0.000
5.692,1.865,-11.864,7.069,-4.556,2.021,3.004,9.095,0.000
5.561,4.686,-10.164,8.162,-3.297,1.968,-1.781,9.698,0.000
5.733,6.213,-9.166,9.544,-3.701,1.001,-6.949,9.924,0.000
6.250,5.731,-8.775,10.956,-5.296,-0.844,-11.250,9.878,0.000
6.904,3.494,-8.641,11.873,-7.073,-2.810,-13.733,9.894,0.000
7.325,0.341,-8.369,11.759,-7.979,-3.864,-13.929,10.315,0.000
7.103,-2.821,-7.836,10.482,-7.626,-3.432,-12.195,11.110,0.000
5.840,-5.280,-7.309,8.482,-6.543,-1.721,-9.779,11.729,0.000
3.303,-6.664,-7.207,6.482,-5.680,0.584,-8.133,11.445,0.000
-0.225,-7.110,-7.693,5.083,-5.624,2.785,-7.916,9.957,0.000
-3.810,-7.261,-8.480,4.587,-6.236,4.408,-8.601,7.654,0.000
-6.320,-7.893,-9.075,4.980,-6.941,5.242,-9.044,5.292,0.000
-7.132,-9.402,-9.216,5.887,-7.250,5.299,-8.423,3.484,0.000
-6.404,-11.610,-9.074,6.583,-7.031,4.740,-6.681,2.462,0.000
-4.769,-14.018,-9.059,6.309,-6.410,3.795,-4.330,2.132,0.000
-2.902,-16.197,-9.438,4.735,-5.504,2.791,-2.065,2.190,0.000
-1.288,-17.963,-10.136,2.133,-4.251,2.190,-0.536,2.234,0.000
-0.179,-19.318,-10.833,-0.874,-2.503,2.478,-0.127,1.947,0.000
0.372,-20.271,-11.143,-3.618,-0.318,3.941,-0.653,1.345,0.000
0.427,-20.720,-10.707,-5.513,1.876,6.596,-1.296,0.850,0.000
0.058,-20.533,-9.311,-6.199,3.482,10.183,-1.044,1.016,0.000
-0.749,-19.808,-7.067,-5.745,4.103,14.030,0.656,2.075,0.000
-2.117,-18.993,-4.462,-4.699,3.693,16.981,3.639,3.746,0.000
-4.144,-18.657,-2.108,-3.791,2.479,17.862,7.280,5.454,0.000
-6.614,-19.080,-0.397,-3.564,0.867,16.271,10.814,6.656,0.000
-8.862,-20.067,0.634,-4.227,-0.630,12.864,13.487,6.992,0.000
-10.096,-21.131,1.204,-5.715,-1.558,8.874,14.740,6.325,0.000
-9.939,-21.760,1.688,-7.731,-1.738,5.466,14.455,4.830,0.000
-8.655,-21.551,2.544,-9.798,-1.318,3.452,12.998,2.988,0.000
-6.870,-20.315,4.147,-11.446,-0.617,3.180,10.983,1.333,0.000
-5.187,-18.257,6.507,-12.462,0.060,4.355,9.045,0.115,0.000
-3.985,-16.016,9.179,-12.950,0.503,6.047,7.763,-0.817,0.000
-3.399,-14.331,11.532,-13.137,0.601,7.172,7.521,-1.800,0.000
-3.310,-13.538,13.156,-13.051,0.352,7.148,8.269,-2.986,0.000
-3.400,-13.377,14.015,-12.366,-0.168,6.128,9.455,-4.160,0.000
-3.328,-13.257,14.317,-10.663,-0.831,4.690,10.321,-4.929,0.000
-2.934,-12.665,14.292,-7.973,-1.451,3.368,10.304,-5.076,0.000
-2.323,-11.352,14.059,-5.037,-1.764,2.410,9.197,-4.735,0.000
-1.724,-9.322,13.610,-2.871,-1.504,1.779,7.110,-4.257,0.000
-1.301,-6.801,12.850,-2.030,-0.522,1.186,4.483,-3.973,0.000
-1.066,-4.179,11.638,-2.283,1.165,0.162,2.061,-4.067,0.000
-0.951,-1.851,9.862,-2.898,3.403,-1.710,0.600,-4.533,0.000
-0.957,-0.024,7.581,-3.093,5.858,-4.389,0.426,-5.093,0.000
-1.238,1.331,5.076,-2.278,7.997,-7.228,1.294,-5.191,0.000
-1.990,2.380,2.723,-0.224,9.291,-9.337,2.607,-4.275,0.000
-3.216,3.305,0.841,2.646,9.559,-10.121,3.685,-2.280,0.000
-4.604,4.236,-0.373,5.187,9.083,-9.508,3.888,0.187,0.000
-5.679,5.217,-0.896,6.130,8.380,-7.809,2.788,2.212,0.000
-6.033,6.160,-1.050,5.024,7.887,-5.561,0.494,3.144,0.000
-5.420,6.836,-1.554,2.611,7.806,-3.420,-2.256,2.825,0.000
-3.776,6.983,-3.173,0.258,8.127,-1.933,-4.499,1.461,0.000
-1.301,6.500,-6.113,-0.897,8.676,-1.240,-5.604,-0.590,0.000
1.532,5.511,-9.760,-0.323,9.162,-0.991,-5.491,-2.944,0.000
4.170,4.264,-13.042,1.933,9.307,-0.624,-4.421,-5.283,0.000
6.204,2.993,-14.928,5.281,9.015,0.234,-2.687,-7.352,0.000
7.437,1.855,-14.632,8.687,8.424,1.591,-0.427,-8.906,0.000
7.833,0.933,-11.820,11.099,7.792,3.193,2.323,-9.743,0.000
7.476,0.279,-7.041,12.012,7.366,4.683,5.380,-9.809,0.000
6.524,-0.050,-1.866,11.637,7.319,5.686,8.260,-9.232,0.000
5.164,-0.017,1.863,10.576,7.732,5.949,10.328,-8.259,0.000
3.640,0.297,3.131,9.396,8.557,5.558,11.079,-7.206,0.000
2.281,0.645,2.166,8.415,9.617,4.994,10.237,-6.435,0.000
1.415,0.737,-0.037,7.698,10.666,4.867,7.819,-6.222,0.000
1.215,0.443,-2.383,7.091,11.433,5.487,4.331,-6.539,0.000
1.661,-0.114,-4.018,6.282,11.627,6.691,0.837,-6.975,0.000
2.583,-0.660,-4.472,4.979,11.012,8.047,-1.516,-6.993,0.000
3.698,-0.916,-3.774,3.160,9.580,9.149,-2.225,-6.353,0.000
4.622,-0.672,-2.402,1.166,7.610,9.770,-1.703,-5.286,0.000
5.005,0.110,-0.955,-0.533,5.525,9.838,-0.859,-4.285,0.000
4.731,1.090,0.238,-1.717,3.735,9.374,-0.497,-3.759,0.000
3.986,1.474,1.258,-2.574,2.581,8.416,-1.017,-3.870,0.000
3.113,0.425,2.400,-3.544,2.283,7.016,-2.416,-4.533,0.000
2.420,-2.185,3.820,-5.047,2.839,5.319,-4.285,-5.414,0.000
2.096,-5.466,5.357,-7.355,4.014,3.615,-5.875,-5.949,0.000
2.190,-8.052,6.628,-10.506,5.456,2.233,-6.442,-5.564,0.000
2.564,-8.934,7.200,-14.114,6.796,1.349,-5.744,-3.977,0.000
2.891,-7.823,6.668,-17.302,7.680,0.914,-4.219,-1.306,0.000
2.835,-5.027,4.813,-19.078,7.853,0.731,-2.666,2.069,0.000
2.319,-1.324,1.928,-18.917,7.341,0.567,-1.818,5.604,0.000
1.629,2.168,-1.064,-16.969,6.493,0.208,-2.152,8.631,0.000
1.227,4.412,-3.051,-13.826,5.755,-0.466,-3.823,10.536,0.000
1.429,5.036,-3.409,-10.273,5.315,-1.366,-6.507,11.033,0.000
2.268,4.510,-2.270,-7.162,4.953,-2.160,-9.373,10.222,0.000
3.523,3.711,-0.266,-5.199,4.252,-2.456,-11.432,8.450,0.000
4.727,3.318,1.797,-4.652,2.970,-2.097,-11.999,6.198,0.000
5.182,3.546,3.103,-5.305,1.227,-1.277,-10.842,4.031,0.000
4.251,4.253,3.033,-6.654,-0.621,-0.377,-8.097,2.455,0.000
1.876,5.152,1.441,-8.075,-2.179,0.289,-4.245,1.739,0.000
-1.234,5.958,-1.296,-8.893,-3.118,0.586,-0.073,1.888,0.000
-4.036,6.445,-4.531,-8.572,-3.255,0.520,3.586,2.737,0.000
-5.794,6.462,-7.597,-7.034,-2.670,0.140,6.157,4.035,0.000
-6.348,5.889,-9.893,-4.756,-1.726,-0.525,7.385,5.484,0.000
-5.948,4.652,-10.983,-2.451,-0.882,-1.488,7.270,6.794,0.000
-4.990,2.832,-10.770,-0.638,-0.459,-2.768,6.040,7.715,0.000
-3.851,0.716,-9.512,0.541,-0.558,-4.358,4.101,8.012,0.000
-2.787,-1.308,-7.630,1.212,-1.134,-6.155,1.916,7.536,0.000
-1.892,-2.863,-5.507,1.575,-2.112,-7.800,-0.095,6.388,0.000
-1.118,-3.631,-3.404,1.786,-3.452,-8.590,-1.558,4.991,0.000
-0.375,-3.426,-1.453,1.921,-5.139,-7.785,-2.200,3.896,0.000
0.372,-2.376,0.321,2.017,-7.076,-5.193,-1.980,3.510,0.000
1.059,-0.981,1.954,2.113,-9.018,-1.395,-1.118,3.991,0.000
1.591,0.117,3.471,2.242,-10.617,2.604,0.048,5.271,0.000
1.976,0.440,4.794,2.397,-11.448,5.836,1.227,7.036,0.000
2.382,-0.205,5.691,2.503,-11.013,7.563,2.242,8.735,0.000
3.065,-1.748,5.914,2.451,-8.926,7.415,3.022,9.798,0.000
4.244,-3.792,5.454,2.179,-5.335,5.647,3.563,9.944,0.000
6.051,-5.613,4.656,1.694,-1.080,3.189,3.892,9.277,0.000
8.487,-6.456,4.026,1.039,2.701,1.181,4.011,8.104,0.000
11.293,-5.975,3.946,0.217,5.126,0.369,3.845,6.673,0.000
13.898,-4.394,4.550,-0.844,5.783,0.873,3.210,5.056,0.000
15.645,-2.267,5.748,-2.213,4.722,2.371,1.920,3.216,0.000
16.141,-0.174,7.233,-3.770,2.545,4.305,-0.004,1.225,0.000
15.382,1.419,8.507,-5.119,0.393,6.009,-2.240,-0.619,0.000
13.641,2.215,9.066,-5.803,-0.555,6.894,-4.328,-1.913,0.000
11.385,2.144,8.674,-5.698,0.177,6.644,-5.895,-2.399,0.000
9.227,1.327,7.444,-5.184,2.094,5.245,-6.744,-2.064,0.000
7.746,-0.004,5.719,-4.868,4.212,2.886,-6.849,-1.074,0.000
7.282,-1.524,3.950,-5.126,5.769,-0.055,-6.368,0.300,0.000
7.877,-2.802,2.641,-5.887,6.555,-3.025,-5.627,1.736,0.000
9.326,-3.409,2.187,-6.799,6.791,-5.438,-5.006,2.969,0.000
11.104,-3.085,2.593,-7.505,6.868,-6.851,-4.844,3.934,0.000
12.341,-1.781,3.395,-7.802,7.179,-6.994,-5.415,4.794,0.000
12.187,0.352,3.981,-7.633,7.966,-5.805,-6.850,5.788,0.000
10.427,2.879,4.094,-7.033,9.152,-3.583,-8.945,6.969,0.000
7.721,5.055,4.059,-6.064,10.303,-1.050,-11.070,8.087,0.000
5.166,6.113,4.470,-4.798,10.902,0.961,-12.449,8.739,0.000
3.679,5.761,5.649,-3.368,10.760,1.931,-12.578,8.621,0.000
3.719,4.346,7.381,-2.016,10.172,1.805,-11.371,7.633,0.000
5.280,2.557,9.119,-1.035,9.645,0.854,-9.073,5.826,0.000
7.833,0.984,10.350,-0.677,9.446,-0.508,-6.201,3.340,0.000
10.358,-0.077,10.766,-1.126,9.392,-1.822,-3.489,0.357,0.000
11.780,-0.607,10.264,-2.438,9.070,-2.711,-1.628,-2.921,0.000
11.594,-0.812,8.908,-4.380,8.265,-3.008,-0.908,-6.190,0.000
10.067,-1.040,6.851,-6.368,7.180,-2.771,-1.102,-8.975,0.000
7.901,-1.604,4.276,-7.725,6.259,-2.207,-1.726,-10.776,0.000
5.766,-2.521,1.416,-8.074,5.872,-1.633,-2.376,-11.343,0.000
4.088,-3.427,-1.405,-7.484,6.147,-1.455,-2.882,-10.764,0.000
3.045,-3.824,-3.827,-6.304,6.976,-1.998,-3.253,-9.390,0.000
2.632,-3.497,-5.523,-4.952,8.014,-3.181,-3.526,-7.792,0.000
2.757,-2.691,-6.208,-3.806,8.713,-4.394,-3.659,-6.742,0.000
3.300,-1.904,-5.736,-3.107,8.585,-4.850,-3.540,-6.903,0.000
4.095,-1.543,-4.350,-2.865,7.640,-4.171,-3.053,-8.286,0.000
4.905,-1.770,-2.781,-2.849,6.547,-2.635,-2.114,-10.053,0.000
5.459,-2.508,-1.902,-2.779,6.198,-0.897,-0.713,-11.044,0.000
5.505,-3.458,-2.213,-2.605,6.984,0.445,1.000,-10.598,0.000
4.826,-4.131,-3.633,-2.628,8.480,1.057,2.674,-8.911,0.000
3.346,-4.059,-5.686,-3.300,9.815,0.867,3.882,-6.736,0.000
1.393,-3.109,-7.721,-4.849,10.267,0.005,4.279,-4.931,0.000
-0.188,-1.597,-9.033,-7.116,9.542,-1.278,3.660,-4.219,0.000
-0.449,-0.061,-9.060,-9.701,7.726,-2.753,2.010,-4.996,0.000
0.962,1.033,-7.697,-12.152,5.167,-4.356,-0.292,-7.030,0.000
3.511,1.421,-5.370,-14.060,2.376,-6.225,-2.399,-9.397,0.000
6.210,1.055,-2.770,-15.107,-0.193,-8.515,-3.383,-10.963,0.000
8.255,0.137,-0.562,-15.093,-2.385,-11.040,-2.853,-11.058,0.000
9.318,-0.894,0.738,-13.908,-4.395,-13.101,-1.205,-9.737,0.000
9.469,-1.558,0.876,-11.552,-6.549,-13.840,0.751,-7.539,0.000
9.001,-1.590,0.103,-8.336,-8.931,-12.851,2.321,-5.182,0.000
8.290,-1.030,-0.760,-4.968,-11.203,-10.435,3.184,-3.412,0.000
7.631,-0.098,-0.767,-2.273,-12.830,-7.293,3.327,-2.813,0.000
7.088,0.957,0.457,-0.762,-13.454,-4.090,2.893,-3.584,0.000
6.468,1.943,2.424,-0.474,-13.054,-1.235,2.050,-5.505,0.000
5.489,2.743,4.195,-1.110,-11.844,1.133,0.909,-8.120,0.000
4.057,3.306,5.003,-2.186,-10.122,3.107,-0.484,-10.887,0.000
2.377,3.622,4.548,-3.122,-8.177,4.923,-2.122,-13.228,0.000
0.819,3.680,2.970,-3.436,-6.249,6.800,-3.947,-14.684,0.000
-0.293,3.448,0.832,-2.984,-4.562,8.733,-5.671,-15.160,0.000
-0.768,2.858,-0.944,-2.033,-3.380,10.410,-6.687,-14.993,0.000
-0.558,1.874,-1.448,-1.045,-2.955,11.428,-6.358,-14.693,0.000
0.202,0.651,-0.317,-0.416,-3.393,11.638,-4.549,-14.569,0.000
1.206,-0.399,2.094,-0.364,-4.603,11.293,-1.845,-14.570,0.000
2.068,-0.806,5.048,-0.918,-6.345,10.818,0.813,-14.436,0.000
2.401,-0.400,7.868,-1.890,-8.237,10.429,2.655,-13.990,0.000
1.822,0.545,10.131,-2.883,-9.745,9.954,3.313,-13.294,0.000
0.049,1.532,11.682,-3.499,-10.345,9.007,2.800,-12.561,0.000
-2.873,2.190,12.607,-3.638,-9.771,7.356,1.507,-11.966,0.000
-6.490,2.436,13.157,-3.622,-8.086,5.093,0.150,-11.547,0.000
-10.158,2.419,13.586,-3.972,-5.570,2.530,-0.539,-11.221,0.000
-13.317,2.414,13.936,-5.054,-2.657,0.029,-0.213,-10.833,0.000
-15.576,2.746,13.965,-6.920,0.102,-2.091,0.959,-10.198,0.000
-16.730,3.670,13.334,-9.354,2.175,-3.604,2.508,-9.172,0.000
-16.774,5.201,11.943,-11.901,3.222,-4.419,3.957,-7.786,0.000
-15.871,7.056,10.081,-13.888,3.116,-4.551,4.939,-6.273,0.000
-14.263,8.820,8.247,-14.669,1.876,-4.075,5.215,-4.912,0.000
-12.265,10.141,6.859,-14.005,-0.353,-3.128,4.628,-3.766,0.000
-10.277,10.803,6.137,-12.179,-3.329,-1.917,3.044,-2.581,0.000
-8.676,10.716,6.110,-9.759,-6.723,-0.690,0.419,-0.980,0.000
-7.667,9.922,6.634,-7.311,-10.008,0.260,-2.936,1.158,0.000
-7.235,8.566,7.437,-5.274,-12.367,0.578,-6.217,3.530,0.000
-7.229,6.867,8.248,-3.919,-12.999,-0.029,-8.449,5.581,0.000
-7.461,5.153,8.947,-3.330,-11.695,-1.527,-8.988,6.792,0.000
-7.764,3.898,9.610,-3.445,-9.055,-3.451,-7.702,6.797,0.000
-8.059,3.553,10.368,-4.126,-6.129,-5.153,-4.882,5.465,0.000
-8.455,4.214,11.169,-5.180,-3.957,-6.156,-1.212,3.063,0.000
-9.287,5.516,11.641,-6.352,-3.364,-6.289,2.274,0.297,0.000
-10.902,6.899,11.280,-7.361,-4.743,-5.647,4.568,-2.028,0.000
-13.274,8.036,9.758,-7.907,-7.621,-4.545,5.222,-3.494,0.000
-15.838,9.027,7.063,-7.657,-10.519,-3.470,4.515,-4.245,0.000
-17.776,10.213,3.456,-6.341,-11.704,-2.871,3.127,-4.716,0.000
-18.471,11.828,-0.502,-3.979,-10.318,-2.858,1.728,-5.187,0.000
-17.686,13.820,-3.952,-0.964,-6.836,-3.098,0.782,-5.560,0.000
-15.548,15.904,-6.087,2.142,-2.528,-3.076,0.546,-5.496,0.000
-12.602,17.685,-6.736,4.868,1.266,-2.496,1.143,-4.717,0.000
-9.796,18.711,-6.561,6.930,3.494,-1.460,2.641,-3.166,0.000
-8.117,18.632,-6.534,8.212,3.565,-0.291,4.979,-1.015,0.000
-8.053,17.452,-7.093,8.721,1.586,0.787,7.652,1.289,0.000
-9.420,15.598,-7.754,8.529,-1.650,1.803,9.536,3.020,0.000
-11.601,13.671,-7.559,7.726,-5.108,2.935,9.406,3.468,0.000
-13.806,12.092,-5.899,6.431,-8.014,4.266,6.849,2.424,0.000
-15.202,10.974,-2.913,4.813,-10.023,5.648,2.643,0.347,0.000
-15.156,10.230,0.687,3.029,-11.125,6.790,-1.765,-1.938,0.000
-13.625,9.770,3.890,1.158,-11.501,7.447,-4.994,-3.640,0.000
-11.270,9.621,5.529,-0.832,-11.415,7.508,-6.059,-4.163,0.000
-9.052,9.873,4.690,-3.008,-11.091,7.012,-4.543,-3.203,0.000
-7.671,10.497,1.381,-5.340,-10.606,6.200,-0.920,-0.924,0.000
-7.354,11.249,-3.261,-7.619,-9.869,5.508,3.393,2.019,0.000
-7.942,11.791,-7.658,-9.567,-8.750,5.399,6.732,4.780,0.000
-9.037,11.907,-10.757,-11.023,-7.318,6.091,8.126,6.668,0.000
-10.093,11.599,-12.421,-12.021,-5.961,7.471,7.636,7.266,0.000
-10.597,11.012,-13.098,-12.712,-5.203,9.233,5.971,6.463,0.000
-10.253,10.315,-13.277,-13.256,-5.415,11.043,3.960,4.613,0.000
-9.021,9.626,-13.164,-13.750,-6.684,12.614,2.271,2.562,0.000
-7.051,8.985,-12.749,-14.199,-8.797,13.739,1.306,1.264,0.000
-4.690,8.332,-12.096,-14.479,-11.097,14.299,1.156,1.212,0.000
-2.486,7.515,-11.526,-14.334,-12.431,14.234,1.661,2.224,0.000
-1.001,6.390,-11.476,-13.528,-11.673,13.533,2.551,3.723,0.000
-0.540,4.984,-12.144,-12.136,-8.632,12.299,3.542,5.122,0.000
-1.060,3.566,-13.319,-10.665,-4.415,10.768,4.361,6.019,0.000
-2.294,2.474,-14.518,-9.748,-0.697,9.233,4.807,6.245,0.000
-3.879,1.833,-15.183,-9.638,1.395,7.937,4.859,5.896,0.000
-5.420,1.439,-14.782,-9.990,1.758,7.047,4.710,5.294,0.000
-6.587,0.982,-13.012,-10.148,0.996,6.627,4.615,4.800,0.000
-7.216,0.455,-10.181,-9.626,-0.124,6.576,4.664,4.571,0.000
-7.322,0.364,-7.346,-8.325,-1.000,6.618,4.675,4.477,0.000
-7.004,1.420,-5.768,-6.429,-1.342,6.420,4.353,4.261,0.000
-6.359,3.968,-6.057,-4.197,-1.272,5.767,3.593,3.785,0.000
-5.438,7.734,-7.830,-1.833,-1.299,4.625,2.623,3.163,0.000
-4.278,12.072,-10.116,0.548,-2.011,3.097,1.857,2.654,0.000
-3.034,16.318,-11.930,2.870,-3.647,1.391,1.651,2.489,0.000
-2.042,19.958,-12.557,5.039,-5.938,-0.195,2.182,2.781,0.000
-1.678,22.665,-11.675,6.934,-8.320,-1.349,3.405,3.509,0.000
-2.081,24.264,-9.536,8.432,-10.198,-1.822,4.930,4.462,0.000
-3.045,24.646,-6.963,9.410,-11.060,-1.434,5.987,5.239,0.000
-4.154,23.787,-4.900,9.765,-10.569,-0.113,5.759,5.459,0.000
-4.954,21.955,-3.770,9.478,-8.732,1.955,3.910,5.113,0.000
-5.038,19.796,-3.250,8.615,-5.932,4.263,0.792,4.703,0.000
-4.171,18.053,-2.689,7.309,-2.741,6.173,-2.837,4.902,0.000
-2.534,17.091,-1.826,5.781,0.221,7.157,-6.137,5.962,0.000
-0.801,16.712,-1.141,4.362,2.331,6.877,-8.333,7.459,0.000
0.230,16.384,-1.470,3.388,3.096,5.243,-8.903,8.598,0.000
0.224,15.626,-3.261,3.035,2.417,2.600,-7.911,8.745,0.000
-0.458,14.196,-6.218,3.263,0.658,-0.211,-6.071,7.653,0.000
-1.075,12.134,-9.567,3.874,-1.532,-2.239,-4.333,5.424,0.000
-1.006,9.844,-12.483,4.547,-3.360,-3.007,-3.292,2.432,0.000
0.014,8.090,-14.306,4.861,-3.937,-2.724,-2.958,-0.745,0.000
1.883,7.630,-14.668,4.449,-2.589,-1.989,-2.973,-3.535,0.000
4.091,8.599,-13.655,3.285,0.531,-1.365,-2.972,-5.580,0.000
5.748,10.271,-11.801,1.772,4.225,-1.152,-2.780,-6.770,0.000
5.980,11.506,-9.760,0.502,6.913,-1.389,-2.386,-7.158,0.000
4.558,11.399,-7.906,-0.117,7.669,-1.892,-1.829,-6.860,0.000
2.135,9.558,-6.180,-0.007,6.641,-2.322,-1.108,-6.005,0.000
-0.212,6.059,-4.323,0.661,4.660,-2.358,-0.218,-4.719,0.000
-1.629,1.441,-2.292,1.598,2.657,-1.940,0.695,-3.183,0.000
-1.769,-3.343,-0.473,2.475,1.348,-1.352,1.247,-1.681,0.000
-0.756,-7.290,0.583,3.026,1.111,-1.026,1.003,-0.529,0.000
0.843,-9.770,0.686,3.153,1.899,-1.264,-0.147,0.026,0.000
2.084,-10.649,0.243,2.940,3.288,-2.117,-1.838,-0.160,0.000
2.056,-10.147,-0.039,2.537,4.759,-3.417,-3.488,-1.117,0.000
0.491,-8.734,0.336,2.007,6.014,-4.814,-4.739,-2.666,0.000
-2.019,-7.064,1.405,1.249,7.089,-5.789,-5.650,-4.400,0.000
-4.476,-5.779,2.861,0.103,8.176,-5.872,-6.531,-5.868,0.000
-6.125,-5.310,4.248,-1.463,9.328,-4.985,-7.620,-6.855,0.000
-6.733,-5.825,5.081,-3.250,10.305,-3.567,-8.896,-7.480,0.000
-6.474,-7.258,4.996,-4.953,10.751,-2.310,-10.136,-8.026,0.000
-5.717,-9.226,3.964,-6.365,10.543,-1.777,-11.036,-8.648,0.000
-4.870,-10.999,2.338,-7.459,9.962,-2.242,-11.275,-9.228,0.000
-4.249,-11.772,0.640,-8.339,9.486,-3.691,-10.640,-9.499,0.000
-3.963,-11.060,-0.677,-9.133,9.458,-5.765,-9.222,-9.288,0.000
-3.905,-8.835,-1.323,-9.933,9.919,-7.771,-7.468,-8.639,0.000
-3.904,-5.439,-1.186,-10.770,10.698,-8.987,-5.932,-7.772,0.000
-3.932,-1.586,-0.395,-11.610,11.552,-9.106,-4.904,-7.009,0.000
-4.199,1.643,0.682,-12.351,12.260,-8.392,-4.264,-6.735,0.000
-5.006,3.202,1.589,-12.879,12.680,-7.426,-3.690,-7.231,0.000
-6.474,2.707,1.969,-13.129,12.788,-6.743,-3.016,-8.392,0.000
-8.411,0.656,1.622,-13.099,12.667,-6.666,-2.411,-9.624,0.000
-10.416,-1.980,0.531,-12.851,12.435,-7.270,-2.209,-10.183,0.000
-11.999,-4.286,-1.036,-12.515,12.159,-8.322,-2.556,-9.735,0.000
-12.624,-5.631,-2.488,-12.302,11.827,-9.285,-3.233,-8.580,0.000
-11.868,-5.732,-3.203,-12.384,11.389,-9.559,-3.780,-7.329,0.000
-9.712,-4.707,-2.991,-12.695,10.835,-8.803,-3.688,-6.379,0.000
-6.631,-3.033,-2.272,-12.837,10.246,-7.050,-2.500,-5.655,0.000
-3.346,-1.277,-1.771,-12.308,9.768,-4.595,0.067,-4.770,0.000
-0.539,0.214,-2.029,-10.900,9.606,-1.920,3.865,-3.355,0.000
1.249,1.413,-3.178,-8.862,10.020,0.347,8.235,-1.241,0.000
1.730,2.448,-4.976,-6.684,11.211,1.598,12.293,1.482,0.000
1.095,3.309,-6.808,-4.755,13.079,1.463,15.278,4.362,0.000
0.061,3.694,-7.721,-3.208,15.129,-0.135,16.650,6.558,0.000
-0.515,3.199,-6.839,-1.993,16.726,-2.980,16.148,7.254,0.000
-0.221,1.725,-4.071,-1.066,17.496,-6.382,13.943,6.348,0.000
0.681,-0.342,-0.372,-0.504,17.482,-9.094,10.659,4.714,0.000
1.571,-2.375,2.849,-0.464,16.982,-9.821,7.077,3.643,0.000
1.981,-3.920,4.609,-1.019,16.283,-8.078,3.810,3.957,0.000
1.846,-4.867,4.722,-2.074,15.515,-4.511,1.184,5.620,0.000
1.405,-5.337,3.584,-3.388,14.652,-0.383,-0.715,8.000,0.000
0.996,-5.432,1.853,-4.577,13.562,3.130,-1.987,10.274,0.000
0.930,-5.098,0.243,-5.113,12.060,5.251,-2.844,11.648,0.000
1.371,-4.208,-0.675,-4.537,10.018,5.678,-3.494,11.596,0.000
2.185,-2.854,-0.658,-2.841,7.547,4.660,-4.009,10.193,0.000
2.893,-1.485,0.206,-0.615,5.077,2.938,-4.279,8.183,0.000
2.902,-0.680,1.638,1.299,3.109,1.377,-4.118,6.547,0.000
1.816,-0.710,3.275,2.304,1.824,0.527,-3.445,5.916,0.000
-0.439,-1.349,4.709,2.259,0.932,0.479,-2.365,6.336,0.000
-3.656,-2.101,5.588,1.393,-0.068,0.991,-1.106,7.445,0.000
-7.297,-2.567,5.759,0.213,-1.421,1.636,0.065,8.716,0.000
-10.470,-2.633,5.315,-0.571,-2.902,1.887,0.869,9.588,0.000
-12.262,-2.392,4.499,-0.321,-4.024,1.349,1.097,9.612,0.000
-12.241,-1.970,3.635,1.112,-4.421,0.131,0.725,8.625,0.000
-10.621,-1.406,3.097,3.253,-4.042,-1.003,-0.050,6.771,0.000
-8.004,-0.671,3.196,5.329,-3.078,-1.072,-0.932,4.352,0.000
-5.066,0.224,4.006,6.720,-1.865,0.428,-1.686,1.694,0.000
-2.412,1.158,5.313,7.140,-0.794,3.234,-2.187,-0.900,0.000
-0.467,1.938,6.777,6.582,-0.165,6.602,-2.399,-3.189,0.000
0.632,2.389,8.146,5.235,0.028,9.704,-2.313,-5.006,0.000
1.019,2.394,9.347,3.394,0.161,11.820,-1.910,-6.222,0.000
0.950,1.920,10.441,1.348,0.736,12.483,-1.216,-6.734,0.000
0.664,1.085,11.525,-0.704,2.013,11.664,-0.484,-6.483,0.000
0.315,0.180,12.666,-2.644,3.852,9.773,-0.276,-5.444,0.000
-0.058,-0.416,13.850,-4.409,5.833,7.378,-1.200,-3.672,0.000
-0.599,-0.308,14.907,-5.923,7.417,4.874,-3.394,-1.443,0.000
-1.643,0.898,15.475,-7.056,8.014,2.362,-6.308,0.662,0.000
-3.526,3.447,15.149,-7.657,7.205,-0.230,-9.037,1.983,0.000
-6.208,7.062,13.743,-7.620,5.135,-2.882,-10.816,2.134,0.000
-9.113,10.790,11.389,-6.913,2.652,-5.333,-11.232,1.135,0.000
-11.463,13.438,8.459,-5.620,0.805,-7.175,-10.244,-0.672,0.000
-12.794,14.250,5.547,-4.099,0.052,-8.033,-8.267,-2.669,0.000
-13.177,13.159,3.469,-3.054,-0.071,-7.636,-6.155,-3.986,0.000
-13.009,10.596,2.965,-3.228,-0.470,-5.858,-4.800,-3.845,0.000
-12.673,7.282,4.195,-4.866,-1.692,-2.853,-4.575,-2.141,0.000
-12.353,4.086,6.555,-7.496,-3.523,0.917,-5.133,0.348,0.000
-12.063,1.747,9.079,-10.254,-5.282,4.838,-5.786,2.477,0.000
-11.787,0.519,10.975,-12.324,-6.364,8.274,-6.086,3.497,0.000
-11.576,0.084,11.860,-13.137,-6.521,10.585,-6.105,3.381,0.000
-11.490,-0.170,11.716,-12.446,-5.855,11.289,-6.226,2.593,0.000
-11.413,-0.784,10.835,-10.486,-4.752,10.399,-6.730,1.709,0.000
-10.945,-2.071,9.723,-7.980,-3.798,8.528,-7.578,1.182,0.000
-9.615,-4.054,8.860,-5.824,-3.500,6.556,-8.497,1.213,0.000
-7.273,-6.340,8.381,-4.700,-3.888,5.197,-9.173,1.579,0.000
-4.279,-8.075,7.979,-4.956,-4.379,4.823,-9.371,1.610,0.000
-1.274,-8.345,7.200,-6.637,-4.180,5.497,-8.972,0.538,0.000
1.136,-6.817,5.941,-9.434,-2.948,6.989,-8.026,-1.954,0.000
2.519,-3.979,4.675,-12.688,-1.071,8.844,-6.730,-5.533,0.000
2.706,-0.748,4.093,-15.627,0.672,10.593,-5.312,-9.486,0.000
1.949,2.089,4.443,-17.599,1.664,12.007,-3.892,-13.103,0.000
0.940,4.126,5.230,-18.130,1.715,13.176,-2.436,-15.831,0.000
0.445,5.302,5.607,-16.995,1.000,14.310,-0.871,-17.363,0.000
0.743,5.791,5.083,-14.442,-0.041,15.400,0.697,-17.757,0.000
1.413,5.883,3.857,-11.259,-0.797,16.047,1.873,-17.417,0.000
1.699,5.827,2.564,-8.421,-0.739,15.713,2.176,-16.847,0.000
1.112,5.673,1.820,-6.623,0.230,14.195,1.433,-16.338,0.000
-0.292,5.225,1.987,-6.107,1.650,11.844,-0.057,-15.842,0.000
-2.117,4.236,3.092,-6.749,2.796,9.295,-1.706,-15.093,0.000
-3.982,2.734,4.722,-8.111,3.063,7.045,-2.876,-13.815,0.000
-5.714,1.177,6.024,-9.514,2.125,5.251,-2.993,-11.828,0.000
-7.316,0.181,6.123,-10.285,-0.041,3.799,-1.697,-9.147,0.000
-8.815,0.069,4.760,-10.097,-3.051,2.452,0.851,-6.208,0.000
-10.149,0.672,2.536,-9.059,-6.093,0.961,3.884,-3.955,0.000
-11.194,1.524,0.447,-7.530,-8.245,-0.827,6.388,-3.384,0.000
-11.874,2.153,-0.817,-5.868,-8.894,-2.837,7.594,-4.755,0.000
-12.223,2.230,-1.184,-4.315,-7.878,-4.730,7.152,-7.274,0.000
-12.366,1.608,-0.993,-2.990,-5.415,-6.095,5.122,-9.630,0.000
-12.484,0.357,-0.627,-1.931,-2.137,-6.747,2.062,-10.802,0.000
-12.789,-1.263,-0.298,-1.149,0.914,-6.835,-0.968,-10.421,0.000
-13.417,-2.951,-0.060,-0.638,2.663,-6.683,-2.869,-8.688,0.000
-14.230,-4.520,0.042,-0.334,2.565,-6.537,-3.193,-6.278,0.000
-14.736,-5.949,-0.140,-0.100,0.778,-6.441,-2.394,-4.224,0.000
-14.321,-7.265,-0.794,0.236,-2.070,-6.256,-1.372,-3.496,0.000
-12.632,-8.337,-1.960,0.791,-5.129,-5.713,-0.791,-4.394,0.000
-9.730,-8.755,-3.432,1.601,-7.447,-4.450,-0.762,-6.359,0.000
-5.964,-8.044,-4.868,2.616,-8.260,-2.195,-0.988,-8.431,0.000
-1.851,-6.081,-5.964,3.676,-7.460,0.876,-1.072,-9.895,0.000
1.975,-3.280,-6.524,4.495,-5.726,3.987,-0.704,-10.566,0.000
4.937,-0.357,-6.485,4.787,-4.089,6.123,0.216,-10.625,0.000
6.726,1.980,-5.950,4.470,-3.333,6.559,1.424,-10.309,0.000
7.335,3.169,-5.182,3.732,-3.749,5.070,2.254,-9.713,0.000
6.948,2.948,-4.507,2.882,-5.193,1.886,2.019,-8.779,0.000
5.863,1.652,-4.224,2.110,-7.139,-2.243,0.621,-7.384,0.000
4.441,0.304,-4.585,1.382,-8.754,-6.046,-1.199,-5.408,0.000
3.032,0.095,-5.748,0.541,-9.253,-8.227,-2.380,-2.849,0.000
1.910,1.570,-7.637,-0.481,-8.452,-8.213,-2.396,-0.028,0.000
1.279,4.309,-9.889,-1.554,-6.947,-6.400,-1.633,2.318,0.000
1.247,7.335,-12.008,-2.416,-5.665,-3.731,-0.978,3.377,0.000
1.726,9.697,-13.535,-2.806,-5.150,-1.128,-1.115,2.845,0.000
2.399,10.751,-14.102,-2.521,-5.257,0.767,-2.170,1.154,0.000
2.852,10.220,-13.487,-1.481,-5.407,1.629,-3.817,-0.853,0.000
2.744,8.277,-11.746,0.130,-5.037,1.425,-5.489,-2.366,0.000
1.870,5.505,-9.231,1.822,-3.838,0.331,-6.523,-2.808,0.000
0.198,2.635,-6.440,3.054,-1.791,-1.378,-6.397,-1.902,0.000
-2.007,0.301,-3.868,3.616,0.794,-3.310,-5.056,0.232,0.000
-4.140,-1.010,-1.961,3.789,3.299,-4.928,-2.999,3.093,0.000
-5.525,-1.016,-1.024,4.099,5.052,-5.715,-0.962,6.073,0.000
-5.832,0.227,-1.013,4.925,5.644,-5.481,0.490,8.775,0.000
-5.219,2.284,-1.492,6.314,5.025,-4.472,1.121,11.111,0.000
-4.124,4.517,-1.887,8.091,3.408,-3.167,0.969,13.151,0.000
-2.962,6.225,-1.867,10.050,1.221,-1.999,0.260,14.843,0.000
-1.974,6.674,-1.495,12.054,-0.929,-1.235,-0.662,15.849,0.000
-1.257,5.319,-1.027,14.020,-2.448,-0.954,-1.456,15.715,0.000
-0.888,2.260,-0.563,15.770,-3.016,-1.052,-1.908,14.234,0.000
-1.014,-1.599,0.140,16.924,-2.672,-1.270,-1.947,11.608,0.000
-1.769,-5.019,1.475,17.026,-1.697,-1.337,-1.583,8.327,0.000
-3.024,-7.084,3.575,15.791,-0.544,-1.154,-0.822,5.065,0.000
-4.261,-7.451,6.109,13.208,0.211,-0.853,0.379,2.622,0.000
-4.819,-6.239,8.493,9.542,0.080,-0.676,2.024,1.644,0.000
-4.299,-3.892,10.226,5.469,-0.979,-0.783,3.860,2.126,0.000
-2.739,-1.063,11.052,2.138,-2.436,-1.171,5.260,3.254,0.000
-0.491,1.610,10.969,0.693,-3.515,-1.732,5.546,3.921,0.000
1.902,3.702,10.269,1.475,-3.679,-2.377,4.572,3.541,0.000
3.787,5.034,9.508,3.715,-2.827,-3.101,2.972,2.388,0.000
4.593,5.580,9.219,6.083,-1.199,-3.967,1.727,1.225,0.000
4.108,5.386,9.487,7.444,0.742,-5.055,1.473,0.674,0.000
2.559,4.505,9.783,7.199,2.387,-6.431,2.184,0.902,0.000
0.441,2.998,9.338,5.272,3.171,-8.103,3.388,1.681,0.000
-1.617,1.026,7.761,2.111,2.797,-9.922,4.529,2.530,0.000
-2.893,-1.103,5.312,-1.397,1.291,-11.542,5.171,2.843,0.000
-2.822,-3.022,2.628,-4.313,-1.081,-12.545,5.077,2.148,0.000
-1.426,-4.436,0.283,-6.125,-3.816,-12.630,4.255,0.530,0.000
0.528,-5.153,-1.417,-6.887,-6.168,-11.677,2.920,-1.239,0.000
1.951,-5.077,-2.427,-6.952,-7.425,-9.748,1.370,-2.167,0.000
2.038,-4.228,-2.882,-6.586,-7.348,-7.181,-0.125,-1.802,0.000
0.521,-2.715,-3.009,-5.768,-6.331,-4.618,-1.339,-0.540,0.000
-2.384,-0.684,-3.016,-4.287,-5.081,-2.757,-2.111,0.769,0.000
-5.956,1.714,-3.004,-2.008,-4.166,-1.985,-2.384,1.471,0.000
-8.998,4.315,-2.942,0.973,-3.814,-2.252,-2.208,1.416,0.000
-10.330,6.921,-2.745,4.318,-3.962,-3.247,-1.698,0.825,0.000
-9.538,9.198,-2.378,7.347,-4.352,-4.623,-1.015,0.034,0.000
-7.232,10.607,-1.909,8.988,-4.624,-6.114,-0.356,-0.693,0.000
-4.558,10.635,-1.467,8.253,-4.458,-7.520,0.103,-1.263,0.000
-2.512,9.257,-1.188,5.110,-3.764,-8.594,0.303,-1.861,0.000
-1.643,7.122,-1.195,0.832,-2.725,-8.941,0.324,-2.950,0.000
-2.066,5.195,-1.553,-2.731,-1.662,-8.160,0.293,-4.992,0.000
-3.513,4.242,-2.184,-4.217,-0.857,-6.156,0.239,-7.939,0.000
-5.428,4.607,-2.841,-3.204,-0.475,-3.280,0.026,-11.020,0.000
-7.195,6.225,-3.232,-0.063,-0.543,-0.122,-0.520,-13.158,0.000
-8.363,8.584,-3.242,4.173,-0.869,2.746,-1.356,-13.621,0.000
-8.681,10.755,-3.016,7.957,-1.032,4.881,-2.098,-12.281,0.000
-8.070,11.778,-2.841,9.856,-0.591,6.040,-2.240,-9.491,0.000
-6.642,11.240,-2.954,9.477,0.563,6.294,-1.555,-5.973,0.000
-4.686,9.460,-3.458,7.760,2.067,6.035,-0.267,-2.723,0.000
-2.564,7.151,-4.300,6.221,3.321,5.750,1.089,-0.679,0.000
-0.632,4.944,-5.232,5.800,3.853,5.735,1.854,-0.249,0.000
0.774,3.172,-5.799,6.348,3.474,5.984,1.340,-1.183,0.000
1.400,1.899,-5.540,7.084,2.240,6.295,-0.897,-2.867,0.000
1.205,1.035,-4.320,7.410,0.417,6.439,-4.519,-4.668,0.000
0.395,0.440,-2.454,7.349,-1.571,6.245,-8.204,-6.090,0.000
-0.687,0.022,-0.503,7.322,-3.294,5.675,-10.332,-6.823,0.000
-1.650,-0.192,0.997,7.627,-4.485,4.952,-10.083,-6.761,0.000
-2.091,-0.033,1.645,8.135,-5.074,4.600,-7.868,-5.954,0.000
-1.736,0.652,1.247,8.430,-5.123,5.176,-4.843,-4.525,0.000
-0.720,1.718,-0.040,8.151,-4.760,6.804,-2.192,-2.651,0.000
0.315,2.593,-1.682,7.175,-4.137,8.983,-0.766,-0.560,0.000
0.587,2.591,-3.030,5.629,-3.358,10.895,-0.939,1.506,0.000
-0.223,1.445,-3.659,3.881,-2.394,11.864,-2.415,3.319,0.000
-1.713,-0.461,-3.497,2.497,-1.053,11.554,-4.246,4.650,0.000
-3.107,-2.381,-2.744,1.966,0.881,9.965,-5.324,5.322,0.000
-3.823,-3.655,-1.787,2.238,3.376,7.482,-5.047,5.329,0.000
-3.724,-3.909,-1.152,2.565,6.031,4.849,-3.568,4.865,0.000
-3.026,-3.070,-1.306,1.992,8.263,2.870,-1.494,4.213,0.000
-2.087,-1.393,-2.373,0.203,9.602,2.013,0.495,3.598,0.000
-1.281,0.580,-4.039,-2.129,9.799,2.288,1.848,3.128,0.000
-0.897,2.257,-5.779,-3.874,8.814,3.393,2.267,2.795,0.000
-1.061,3.292,-7.157,-4.370,6.837,4.855,1.870,2.491,0.000
-1.752,3.662,-7.956,-3.854,4.265,6.111,1.216,2.024,0.000
-2.847,3.546,-8.173,-3.108,1.572,6.668,0.989,1.233,0.000
-4.109,3.150,-8.012,-2.851,-0.771,6.320,1.567,0.178,0.000
-5.173,2.608,-7.850,-3.400,-2.293,5.196,2.857,-0.781,0.000
-5.660,1.973,-8.049,-4.655,-2.625,3.607,4.473,-1.195,0.000
-5.385,1.238,-8.666,-6.110,-1.703,1.873,6.015,-0.867,0.000
-4.421,0.372,-9.349,-6.915,0.166,0.247,7.192,-0.012,0.000
-3.046,-0.623,-9.600,-6.249,2.442,-1.071,7.879,0.916,0.000
-1.717,-1.605,-9.204,-3.893,4.454,-1.864,8.154,1.464,0.000
-1.064,-2.236,-8.424,-0.421,5.429,-1.832,8.282,1.295,0.000
-1.607,-2.167,-7.771,3.259,4.705,-0.709,8.543,0.235,0.000
-3.263,-1.363,-7.626,6.559,2.134,1.426,8.995,-1.628,0.000
-5.148,-0.235,-8.050,9.490,-1.797,4.022,9.376,-3.951,0.000
-6.090,0.623,-8.832,12.366,-6.263,6.316,9.324,-6.304,0.000
-5.448,0.862,-9.562,15.190,-10.440,7.709,8.758,-8.389,0.000
-3.461,0.576,-9.698,17.316,-13.630,7.919,8.055,-10.096,0.000
-0.927,0.150,-8.810,17.818,-15.368,6.970,7.768,-11.426,0.000
1.274,0.033,-7.028,16.236,-15.592,5.223,8.141,-12.347,0.000
2.420,0.612,-5.194,12.912,-14.642,3.361,8.875,-12.701,0.000
2.133,2.081,-4.386,8.742,-13.022,2.108,9.363,-12.282,0.000
0.652,4.219,-5.137,4.856,-11.148,1.873,9.090,-11.043,0.000
-1.117,6.322,-7.107,2.463,-9.245,2.627,7.831,-9.186,0.000
-2.087,7.565,-9.466,2.485,-7.425,4.081,5.667,-7.056,0.000
-1.689,7.578,-11.467,4.970,-5.855,5.898,3.048,-5.012,0.000
-0.143,6.662,-12.737,8.918,-4.878,7.804,0.786,-3.374,0.000
1.854,5.504,-13.226,12.857,-4.850,9.620,-0.332,-2.345,0.000
3.575,4.764,-13.066,15.590,-5.776,11.232,-0.157,-1.887,0.000
4.477,4.867,-12.424,16.468,-7.148,12.548,0.598,-1.693,0.000
4.301,5.918,-11.399,15.353,-8.219,13.480,0.878,-1.363,0.000
3.191,7.529,-9.949,12.600,-8.408,13.976,0.131,-0.648,0.000
1.694,8.798,-7.894,8.971,-7.490,14.014,-1.317,0.444,0.000
0.450,8.757,-5.106,5.340,-5.589,13.617,-2.642,1.724,0.000
-0.210,7.108,-1.889,2.423,-3.247,12.888,-3.185,2.911,0.000
-0.414,4.509,0.845,0.719,-1.422,12.028,-2.779,3.673,0.000
-0.548,2.099,2.035,0.475,-1.040,11.261,-1.651,3.722,0.000
-0.924,0.797,1.277,1.510,-2.269,10.731,-0.197,2.955,0.000
-1.622,0.990,-0.853,3.188,-4.232,10.471,1.170,1.486,0.000
-2.535,2.569,-3.239,4.730,-5.579,10.452,2.163,-0.424,0.000
-3.475,4.961,-4.882,5.636,-5.351,10.655,2.751,-2.387,0.000
-4.240,7.209,-5.210,5.843,-3.358,11.110,3.171,-3.885,0.000
-4.653,8.345,-4.121,5.549,-0.051,11.828,3.758,-4.418,0.000
-4.573,7.922,-2.079,4.913,3.611,12.626,4.705,-3.751,0.000
-3.875,6.167,-0.071,3.899,6.268,13.036,5.971,-1.980,0.000
-2.509,3.709,0.890,2.365,6.714,12.565,7.372,0.563,0.000
-0.697,1.252,0.514,0.348,4.761,11.182,8.688,3.381,0.000
0.974,-0.574,-0.494,-1.791,1.541,9.528,9.728,5.831,0.000
1.786,-1.340,-0.993,-3.548,-1.202,8.504,10.359,7.347,0.000
1.271,-0.996,-0.311,-4.608,-2.136,8.583,10.551,7.791,0.000
-0.650,0.118,1.350,-4.988,-0.755,9.501,10.374,7.566,0.000
-3.727,1.495,3.232,-4.919,2.734,10.568,9.954,7.320,0.000
-7.383,2.743,4.548,-4.654,7.548,11.180,9.457,7.531,0.000
-10.719,3.688,4.772,-4.357,12.459,11.078,9.086,8.314,0.000
-12.825,4.311,3.753,-4.075,16.250,10.313,9.013,9.511,0.000
-13.213,4.619,1.909,-3.765,18.261,9.140,9.269,10.829,0.000
-11.944,4.567,0.239,-3.328,18.534,7.910,9.701,11.934,0.000
-9.460,4.089,-0.173,-2.704,17.539,6.905,10.064,12.596,0.000
-6.435,3.242,1.075,-2.025,15.891,6.131,10.135,12.892,0.000
-3.715,2.278,3.417,-1.673,14.196,5.266,9.766,13.267,0.000
-2.040,1.540,5.772,-2.063,12.907,3.892,8.920,14.246,0.000
-1.661,1.302,7.198,-3.251,12.163,1.869,7.770,15.955,0.000
-2.221,1.696,7.194,-4.760,11.780,-0.495,6.728,17.912,0.000
-3.055,2.701,5.718,-5.831,11.419,-2.677,6.265,19.342,0.000
-3.584,4.083,3.254,-5.791,10.822,-4.309,6.631,19.693,0.000
-3.485,5.384,0.774,-4.209,9.899,-5.336,7.744,18.861,0.000
-2.681,6.142,-0.701,-1.011,8.688,-5.912,9.293,17.101,0.000
-1.307,6.247,-0.717,3.224,7.268,-6.214,10.843,14.930,0.000
0.339,6.071,0.398,7.164,5.714,-6.319,11.873,13.035,0.000
1.909,6.156,1.893,9.339,4.126,-6.189,11.937,12.018,0.000
3.082,6.689,3.095,9.130,2.750,-5.706,10.896,12.005,0.000
3.561,7.264,3.643,7.141,2.057,-4.702,8.987,12.534,0.000
3.110,7.223,3.456,4.645,2.534,-3.026,6.681,12.894,0.000
1.653,6.292,2.627,2.783,4.274,-0.674,4.551,12.649,0.000
-0.690,4.886,1.325,2.180,6.791,2.168,3.230,11.858,0.000
-3.648,3.741,-0.260,2.941,9.266,5.190,3.194,10.873,0.000
-6.730,3.267,-1.878,4.681,10.839,7.983,4.350,9.985,0.000
-9.196,3.231,-3.166,6.619,10.733,10.030,5.900,9.237,0.000
-10.327,3.031,-3.757,7.949,8.492,10.862,6.792,8.512,0.000
-9.919,2.225,-3.489,8.284,4.473,10.365,6.423,7.758,0.000
-8.453,0.811,-2.490,7.798,0.008,8.865,4.929,7.130,0.000
-6.723,-0.870,-1.058,6.972,-3.294,6.933,2.894,6.886,0.000
-5.290,-2.323,0.461,6.261,-4.619,5.128,0.911,7.166,0.000
-4.238,-3.017,1.729,5.924,-4.371,3.899,-0.657,7.882,0.000
-3.332,-2.548,2.456,6.008,-3.649,3.516,-1.714,8.794,0.000
-2.341,-0.878,2.405,6.327,-3.431,3.963,-2.420,9.638,0.000
-1.223,1.614,1.358,6.487,-4.157,4.941,-3.129,10.190,0.000
-0.094,4.357,-0.799,6.108,-5.732,6.060,-4.172,10.315,0.000
0.905,6.839,-3.816,5.159,-7.580,7.089,-5.545,10.007,0.000
1.696,8.697,-6.956,4.098,-8.728,8.053,-6.791,9.385,0.000
2.264,9.733,-9.314,3.547,-8.239,9.104,-7.288,8.606,0.000
2.623,9.965,-10.302,3.770,-5.821,10.281,-6.726,7.770,0.000
2.778,9.605,-9.828,4.431,-2.040,11.379,-5.301,6.884,0.000
2.700,8.927,-8.170,4.874,2.088,12.059,-3.513,5.927,0.000
2.345,8.129,-5.834,4.589,5.603,12.045,-1.862,4.978,0.000
1.653,7.282,-3.462,3.437,7.816,11.215,-0.692,4.280,0.000
0.612,6.378,-1.648,1.602,8.367,9.623,-0.142,4.101,0.000
-0.614,5.440,-0.740,-0.468,7.340,7.581,-0.081,4.464,0.000
-1.624,4.591,-0.809,-2.131,5.228,5.683,-0.122,5.019,0.000
-1.962,4.013,-1.718,-2.834,2.721,4.532,0.179,5.250,0.000
-1.404,3.868,-3.118,-2.566,0.529,4.315,1.049,4.803,0.000
-0.077,4.271,-4.454,-2.011,-0.654,4.634,2.396,3.632,0.000
1.686,5.243,-5.140,-2.083,-0.352,4.799,3.910,1.941,0.000
3.526,6.614,-4.801,-3.170,1.286,4.255,5.171,0.135,0.000
5.141,7.969,-3.352,-4.804,3.331,2.773,5.697,-1.227,0.000
6.296,8.793,-0.950,-6.057,4.584,0.418,5.114,-1.629,0.000
6.774,8.655,1.971,-6.202,4.327,-2.482,3.461,-0.911,0.000
6.310,7.263,4.693,-5.027,2.643,-5.381,1.298,0.632,0.000
4.682,4.537,6.469,-2.748,0.150,-7.693,-0.589,2.494,0.000
1.977,0.841,6.895,0.117,-2.349,-8.985,-1.600,4.271,0.000
-1.296,-2.926,6.030,2.861,-4.064,-9.009,-1.483,5.801,0.000
-4.407,-5.730,4.242,4.829,-4.456,-7.744,-0.289,7.085,0.000
-6.672,-7.018,2.070,5.702,-3.593,-5.587,1.650,8.122,0.000
-7.541,-6.935,0.147,5.566,-2.228,-3.413,3.768,8.784,0.000
-6.743,-6.043,-0.988,4.770,-1.369,-2.164,5.511,8.879,0.000
-4.615,-4.920,-1.160,3.834,-1.642,-2.160,6.646,8.307,0.000
-2.210,-3.949,-0.621,3.406,-3.050,-2.833,7.367,7.138,0.000
-0.779,-3.292,0.181,4.042,-5.130,-3.224,8.063,5.566,0.000
-0.998,-2.942,0.926,5.836,-7.140,-2.808,8.959,3.885,0.000
-2.664,-2.800,1.563,8.294,-8.167,-1.880,9.948,2.461,0.000
-5.016,-2.797,2.192,10.642,-7.446,-1.224,10.750,1.608,0.000
-7.165,-3.038,2.813,12.270,-4.870,-1.492,11.217,1.385,0.000
-8.310,-3.856,3.190,12.907,-1.163,-2.897,11.489,1.524,0.000
-7.932,-5.597,3.008,12.572,2.566,-5.242,11.872,1.610,0.000
-6.061,-8.215,2.219,11.499,5.395,-7.985,12.599,1.328,0.000
-3.323,-11.086,1.208,10.057,6.825,-10.313,13.701,0.564,0.000
-0.565,-13.317,0.553,8.608,6.799,-11.455,15.012,-0.617,0.000
1.597,-14.200,0.634,7.380,5.785,-11.115,16.150,-2.005,0.000
2.958,-13.396,1.438,6.444,4.748,-9.600,16.529,-3.270,0.000
3.601,-10.952,2.680,5.778,4.685,-7.565,15.609,-4.096,0.000
3.722,-7.407,3.970,5.339,5.911,-5.737,13.349,-4.355,0.000
3.505,-3.817,4.918,5.111,7.796,-4.806,10.376,-4.169,0.000
3.083,-1.314,5.271,5.091,9.248,-5.282,7.608,-3.833,0.000
2.574,-0.497,5.113,5.234,9.461,-7.276,5.713,-3.750,0.000
2.120,-1.214,4.910,5.429,8.246,-10.458,4.877,-4.402,0.000
1.889,-2.863,5.224,5.551,5.897,-14.242,4.905,-6.161,0.000
2.046,-4.754,6.252,5.550,2.996,-17.928,5.343,-8.910,0.000
2.755,-6.305,7.633,5.497,0.263,-20.739,5.591,-11.890,0.000
4.081,-7.145,8.734,5.516,-1.684,-22.021,5.165,-14.097,0.000
5.783,-7.227,9.110,5.667,-2.632,-21.594,4.095,-14.872,0.000
7.216,-6.809,8.713,5.891,-2.830,-19.839,3.061,-14.144,0.000
7.652,-6.247,7.767,6.030,-2.753,-17.419,2.959,-12.274,0.000
6.828,-5.738,6.559,5.862,-2.790,-14.944,4.197,-9.888,0.000
5.171,-5.219,5.304,5.117,-3.107,-12.822,6.387,-7.760,0.000
3.484,-4.526,4.138,3.611,-3.674,-11.257,8.690,-6.551,0.000
2.497,-3.695,3.198,1.528,-4.329,-10.273,10.339,-6.447,0.000
2.651,-3.111,2.698,-0.464,-4.821,-9.781,10.880,-7.071,0.000
4.028,-3.260,2.859,-1.543,-4.923,-9.651,10.189,-7.804,0.000
6.181,-4.238,3.738,-1.285,-4.582,-9.739,8.467,-8.247,0.000
8.111,-5.530,5.146,0.125,-3.960,-9.886,6.168,-8.428,0.000
8.707,-6.332,6.731,2.133,-3.284,-9.920,3.781,-8.600,0.000
7.416,-6.090,8.060,4.166,-2.598,-9.638,1.603,-8.879,0.000
4.482,-4.745,8.648,5.805,-1.657,-8.787,-0.326,-9.037,0.000
0.646,-2.612,8.137,6.812,-0.133,-7.175,-2.096,-8.660,0.000
-3.218,-0.202,6.620,7.108,1.969,-4.916,-3.731,-7.465,0.000
-6.267,1.889,4.760,6.698,4.115,-2.543,-5.076,-5.459,0.000
-7.868,3.170,3.427,5.626,5.518,-0.757,-5.900,-2.892,0.000
-7.839,3.498,3.153,3.993,5.616,-0.065,-6.127,-0.202,0.000
-6.467,3.128,3.909,1.981,4.268,-0.635,-5.924,2.030,0.000
-4.298,2.476,5.288,-0.194,1.719,-2.321,-5.575,3.309,0.000
-1.973,1.799,6.754,-2.314,-1.382,-4.614,-5.248,3.622,0.000
-0.163,1.067,7.782,-4.171,-3.999,-6.647,-4.888,3.559,0.000
0.598,0.108,7.993,-5.627,-5.117,-7.573,-4.317,3.918,0.000
0.214,-1.063,7.322,-6.736,-4.366,-7.158,-3.449,5.066,0.000
-0.894,-2.085,6.038,-7.774,-2.236,-6.004,-2.400,6.662,0.000
-2.049,-2.475,4.548,-9.037,0.344,-5.109,-1.408,7.995,0.000
-2.674,-2.068,3.162,-10.493,2.560,-5.194,-0.685,8.565,0.000
-2.428,-1.217,2.006,-11.619,3.973,-6.418,-0.344,8.356,0.000
-1.224,-0.528,1.060,-11.711,4.481,-8.517,-0.382,7.691,0.000
0.703,-0.416,0.254,-10.434,4.236,-11.051,-0.647,6.964,0.000
2.817,-0.890,-0.480,-8.068,3.536,-13.560,-0.842,6.464,0.000
4.542,-1.711,-1.195,-5.277,2.734,-15.692,-0.639,6.314,0.000
5.631,-2.679,-1.970,-2.808,2.232,-17.317,0.165,6.416,0.000
6.300,-3.805,-2.932,-1.341,2.517,-18.509,1.591,6.467,0.000
7.002,-5.233,-4.207,-1.288,3.993,-19.416,3.495,6.116,0.000
8.065,-7.037,-5.793,-2.462,6.613,-20.095,5.523,5.183,0.000
9.516,-9.092,-7.505,-3.977,9.720,-20.432,7.083,3.719,0.000
11.128,-11.134,-9.061,-4.731,12.400,-20.244,7.580,1.894,0.000
12.478,-12.855,-10.199,-4.102,13.992,-19.466,6.813,-0.168,0.000
12.990,-13.958,-10.718,-2.235,14.288,-18.240,5.113,-2.469,0.000
12.172,-14.243,-10.498,0.245,13.444,-16.826,3.073,-5.074,0.000
10.025,-13.780,-9.548,2.612,11.845,-15.476,1.153,-7.937,0.000
7.191,-12.941,-8.005,4.248,10.009,-14.381,-0.497,-10.798,0.000
4.582,-12.173,-6.107,4.778,8.407,-13.630,-1.962,-13.257,0.000
2.852,-11.634,-4.229,4.253,7.277,-13.156,-3.401,-14.869,0.000
2.184,-11.052,-2.930,3.175,6.593,-12.734,-4.927,-15.162,0.000
2.427,-9.949,-2.746,2.210,6.168,-12.105,-6.546,-13.824,0.000
3.325,-8.062,-3.819,1.851,5.779,-11.184,-8.094,-11.100,0.000
4.653,-5.536,-5.764,2.288,5.219,-10.135,-9.208,-7.946,0.000
6.226,-2.792,-7.924,3.452,4.342,-9.237,-9.485,-5.565,0.000
7.752,-0.346,-9.727,5.033,3.130,-8.665,-8.728,-4.710,0.000
8.719,1.284,-10.840,6.512,1.712,-8.384,-7.032,-5.414,0.000
8.533,1.719,-11.158,7.360,0.312,-8.217,-4.694,-7.184,0.000
6.793,0.954,-10.787,7.324,-0.776,-7.953,-2.159,-9.237,0.000
3.394,-0.585,-9.988,6.516,-1.181,-7.401,-0.003,-10.643,0.000
-1.451,-2.266,-9.053,5.290,-0.609,-6.439,1.232,-10.630,0.000
-7.019,-3.503,-8.217,4.098,0.855,-5.074,1.259,-9.046,0.000
-11.988,-3.841,-7.625,3.442,2.623,-3.458,0.115,-6.483,0.000
-14.947,-3.030,-7.320,3.735,3.891,-1.827,-1.926,-3.867,0.000
-15.189,-1.175,-7.176,5.097,4.056,-0.486,-4.353,-1.909,0.000
-12.990,1.235,-6.873,7.297,2.881,0.194,-6.426,-0.865,0.000
-9.225,3.562,-6.105,9.894,0.476,-0.075,-7.422,-0.600,0.000
-4.925,5.322,-4.936,12.346,-2.659,-1.190,-7.033,-0.641,0.000
-1.057,6.292,-3.958,14.042,-5.638,-2.534,-5.494,-0.253,0.000
1.678,6.485,-3.927,14.479,-7.521,-3.298,-3.368,1.241,0.000
3.058,6.169,-5.115,13.578,-7.791,-2.983,-1.311,3.953,0.000
3.339,5.834,-7.022,11.773,-6.498,-1.614,0.040,7.248,0.000
3.015,5.944,-8.711,9.742,-4.058,0.412,0.257,10.133,0.000
2.580,6.537,-9.329,8.047,-1.036,2.509,-0.557,11.814,0.000
2.431,7.071,-8.345,6.987,1.959,4.000,-1.665,11.920,0.000
2.826,6.771,-5.631,6.582,4.399,4.310,-2.138,10.505,0.000
3.837,5.207,-1.657,6.545,5.933,3.217,-1.511,8.096,0.000
5.347,2.548,2.483,6.296,6.363,0.913,-0.059,5.677,0.000
7.099,-0.615,5.568,5.265,5.647,-2.174,1.528,4.271,0.000
8.661,-3.500,6.942,3.358,4.016,-5.508,2.664,4.352,0.000
9.386,-5.246,6.762,1.145,2.023,-8.488,3.117,5.643,0.000
8.682,-5.174,5.694,-0.537,0.311,-10.565,2.988,7.433,0.000
6.501,-3.225,4.525,-1.214,-0.701,-11.369,2.621,9.016,0.000
3.539,-0.079,3.964,-1.052,-0.937,-10.716,2.524,9.878,0.000
0.810,3.233,4.479,-0.605,-0.587,-8.631,3.142,9.759,0.000
-0.984,5.822,6.075,-0.400,-0.037,-5.541,4.532,8.678,0.000
-1.719,7.116,8.262,-0.720,0.184,-2.355,6.256,6.901,0.000
-1.700,6.874,10.329,-1.577,-0.393,-0.071,7.642,4.819,0.000
-1.417,5.215,11.683,-2.714,-1.854,0.829,8.157,2.898,0.000
-1.386,2.567,11.962,-3.647,-3.798,0.607,7.556,1.696,0.000
-1.962,-0.489,11.058,-3.879,-5.606,-0.052,5.911,1.675,0.000
-3.095,-3.300,9.212,-3.199,-6.831,-0.501,3.741,2.843,0.000
-4.262,-5.129,7.028,-1.778,-7.366,-0.368,2.044,4.622,0.000
-4.784,-5.373,5.229,-0.023,-7.350,0.419,1.842,6.166,0.000
-4.310,-4.005,4.371,1.579,-7.019,1.632,3.427,6.821,0.000
-3.006,-1.724,4.751,2.529,-6.606,2.788,6.085,6.321,0.000
-1.354,0.443,6.393,2.471,-6.274,3.432,8.637,4.751,0.000
0.134,1.699,8.921,1.480,-6.051,3.543,10.293,2.557,0.000
1.056,1.712,11.527,0.151,-5.838,3.695,11.023,0.505,0.000
1.194,0.551,13.317,-0.760,-5.488,4.660,11.276,-0.599,0.000
0.611,-1.377,13.811,-0.889,-4.921,6.752,11.436,-0.285,0.000
-0.352,-3.396,13.124,-0.498,-4.176,9.529,11.512,1.459,0.000
-1.261,-4.807,11.731,-0.168,-3.397,12.119,11.221,4.298,0.000
-1.823,-5.143,10.160,-0.286,-2.855,13.730,10.254,7.573,0.000
-1.966,-4.229,8.838,-0.792,-2.959,13.877,8.440,10.304,0.000
-1.776,-2.119,7.996,-1.307,-4.051,12.446,5.818,11.518,0.000
-1.403,0.886,7.590,-1.398,-6.021,9.826,2.773,10.729,0.000
-1.002,4.249,7.303,-0.721,-8.143,6.908,0.066,8.088,0.000
-0.658,7.380,6.756,0.847,-9.466,4.684,-1.502,4.185,0.000
-0.272,9.856,5.798,2.987,-9.464,3.710,-1.623,-0.105,0.000
0.472,11.470,4.627,4.869,-8.293,3.911,-0.672,-3.690,0.000
1.915,12.180,3.608,5.555,-6.548,4.793,0.613,-5.583,0.000
4.065,12.062,2.994,4.633,-4.891,5.687,1.592,-5.405,0.000
6.436,11.257,2.794,2.457,-3.856,5.871,1.917,-3.520,0.000
8.297,9.960,2.835,-0.171,-3.700,4.839,1.508,-0.743,0.000
9.043,8.520,2.873,-2.451,-4.180,2.735,0.450,1.953,0.000
8.344,7.500,2.660,-3.793,-4.514,0.503,-1.094,3.562,0.000
6.178,7.472,2.072,-3.920,-3.806,-0.647,-2.912,3.327,0.000
2.949,8.634,1.318,-3.045,-1.732,-0.076,-4.639,1.221,0.000
-0.481,10.660,1.020,-1.882,1.197,1.943,-5.686,-1.904,0.000
-3.146,12.944,1.875,-1.254,4.035,4.541,-5.463,-4.845,0.000
-4.436,14.936,4.056,-1.534,6.025,6.692,-3.826,-6.776,0.000
-4.251,16.291,6.964,-2.426,6.867,7.434,-1.258,-7.540,0.000
-2.870,16.867,9.593,-3.258,6.650,6.136,1.420,-7.456,0.000
-0.862,16.708,11.073,-3.433,5.734,2.943,3.438,-6.996,0.000
0.989,15.981,10.904,-2.636,4.619,-1.106,4.250,-6.590,0.000
1.963,14.881,8.997,-0.846,3.722,-4.621,3.609,-6.494,0.000
1.809,13.581,5.791,1.638,3.088,-6.588,1.743,-6.659,0.000
0.876,12.220,2.250,4.227,2.296,-6.639,-0.631,-6.733,0.000
-0.187,10.885,-0.567,6.286,0.795,-4.958,-2.641,-6.297,0.000
-0.826,9.574,-2.098,7.432,-1.547,-2.241,-3.691,-5.239,0.000
-0.768,8.198,-2.472,7.621,-4.195,0.381,-3.606,-3.904,0.000
0.002,6.663,-2.199,7.035,-6.311,1.814,-2.526,-2.868,0.000
1.266,5.040,-1.729,5.965,-7.374,1.679,-0.802,-2.579,0.000
2.632,3.653,-1.212,4.735,-7.448,0.553,1.085,-3.203,0.000
3.721,2.918,-0.593,3.627,-6.976,-0.511,2.682,-4.651,0.000
4.421,3.058,0.154,2.801,-6.438,-0.680,3.736,-6.573,0.000
4.967,3.994,0.876,2.290,-6.154,0.349,4.236,-8.392,0.000
5.708,5.443,1.339,2.007,-6.241,2.408,4.296,-9.534,0.000
6.718,7.029,1.478,1.687,-6.612,4.946,4.019,-9.764,0.000
7.604,8.349,1.529,0.862,-7.022,7.120,3.420,-9.294,0.000
7.752,9.091,1.892,-0.927,-7.204,8.113,2.447,-8.574,0.000
6.739,9.217,2.903,-3.733,-7.032,7.570,1.057,-8.014,0.000
4.532,9.000,4.719,-7.043,-6.566,5.727,-0.732,-7.849,0.000
1.409,8.815,7.275,-10.062,-5.967,3.174,-2.800,-8.110,0.000
-2.086,8.830,10.161,-12.134,-5.370,0.601,-4.796,-8.578,0.000
-5.184,8.862,12.573,-12.911,-4.824,-1.308,-6.079,-8.791,0.000
-7.135,8.541,13.657,-12.360,-4.308,-2.044,-6.016,-8.303,0.000
-7.547,7.602,13.051,-10.832,-3.759,-1.544,-4.531,-7.107,0.000
-6.475,6.018,11.078,-9.037,-3.094,-0.250,-2.327,-5.816,0.000
-4.300,3.966,8.426,-7.730,-2.259,1.152,-0.443,-5.282,0.000
-1.674,1.802,5.711,-7.267,-1.295,2.053,0.436,-6.000,0.000
0.500,0.028,3.280,-7.455,-0.370,2.048,0.274,-7.840,0.000
1.384,-0.895,1.262,-7.783,0.305,0.974,-0.521,-10.221,0.000
0.719,-0.850,-0.245,-7.751,0.619,-0.977,-1.445,-12.338,0.000
-1.011,-0.162,-1.030,-7.035,0.608,-3.257,-2.094,-13.279,0.000
-2.929,0.640,-0.826,-5.532,0.407,-5.228,-2.256,-12.330,0.000
-4.235,1.148,0.469,-3.442,0.175,-6.534,-1.961,-9.502,0.000
-4.419,1.218,2.698,-1.278,0.051,-7.228,-1.454,-5.691,0.000
-3.313,0.883,5.489,0.360,0.101,-7.614,-1.053,-2.168,0.000
-1.209,0.194,8.257,1.066,0.217,-7.992,-0.982,0.131,0.000
1.143,-0.890,10.199,0.717,0.077,-8.527,-1.322,0.885,0.000
2.874,-2.437,10.596,-0.569,-0.692,-9.223,-2.000,0.292,0.000
3.446,-4.335,9.359,-2.427,-2.261,-9.895,-2.719,-1.018,0.000
2.802,-6.178,7.217,-4.263,-4.483,-10.179,-2.931,-2.089,0.000
1.242,-7.434,5.260,-5.471,-6.997,-9.699,-2.115,-2.043,0.000
-0.676,-7.720,4.274,-5.752,-9.307,-8.339,-0.289,-0.682,0.000
-2.205,-6.920,4.454,-5.219,-10.821,-6.331,1.787,1.299,0.000
-2.665,-5.171,5.533,-4.227,-11.039,-4.064,3.065,2.793,0.000
-1.829,-2.916,6.976,-3.166,-9.887,-1.801,2.969,2.997,0.000
-0.044,-0.908,8.101,-2.356,-7.821,0.451,1.720,1.718,0.000
2.033,0.096,8.327,-1.987,-5.537,2.833,0.034,-0.710,0.000
3.773,-0.176,7.469,-2.047,-3.580,5.419,-1.354,-3.498,0.000
4.710,-1.341,5.822,-2.325,-2.180,8.089,-1.945,-5.473,0.000
4.606,-2.681,3.883,-2.543,-1.309,10.566,-1.564,-5.560,0.000
3.539,-3.601,1.990,-2.523,-0.779,12.497,-0.490,-3.538,0.000
1.903,-3.827,0.174,-2.258,-0.332,13.468,0.559,-0.309,0.000
0.232,-3.356,-1.705,-1.882,0.232,13.142,0.845,2.711,0.000
-0.979,-2.338,-3.657,-1.656,0.886,11.496,0.254,4.477,0.000
-1.313,-0.979,-5.395,-1.955,1.322,8.901,-0.454,4.681,0.000
-0.525,0.554,-6.485,-3.101,1.173,5.922,-0.208,3.594,0.000
1.257,2.181,-6.661,-5.041,0.401,3.097,1.407,1.801,0.000
3.463,3.900,-5.956,-7.217,-0.540,0.863,3.723,0.016,0.000
5.345,5.728,-4.633,-8.842,-0.980,-0.507,5.533,-1.160,0.000
6.331,7.585,-3.089,-9.297,-0.500,-1.008,6.040,-1.491,0.000
6.145,9.232,-1.807,-8.288,0.867,-0.897,5.309,-1.151,0.000
4.787,10.376,-1.232,-5.878,2.777,-0.537,4.002,-0.495,0.000
2.539,10.827,-1.627,-2.639,4.794,-0.199,2.916,0.221,0.000
-0.051,10.565,-3.046,0.315,6.510,0.005,2.718,0.967,0.000
-2.374,9.685,-5.334,1.839,7.633,0.038,3.746,1.838,0.000
-3.977,8.367,-7.996,1.575,8.067,-0.236,5.742,2.844,0.000
-4.610,6.850,-10.120,0.264,7.908,-1.155,7.808,3.782,0.000
-4.222,5.376,-10.731,-0.831,7.334,-3.058,8.892,4.317,0.000
-3.003,4.171,-9.380,-0.809,6.532,-5.858,8.514,4.134,0.000
-1.392,3.459,-6.362,0.460,5.662,-8.834,7.047,3.001,0.000
0.106,3.416,-2.466,2.541,4.843,-10.976,5.341,0.917,0.000
1.139,4.075,1.281,4.763,4.160,-11.520,4.178,-1.565,0.000
1.579,5.289,3.721,6.435,3.673,-10.165,4.014,-3.183,0.000
1.489,6.803,3.935,7.056,3.418,-7.055,4.925,-2.573,0.000
1.108,8.292,1.845,6.581,3.375,-2.871,6.515,0.702,0.000
0.835,9.380,-1.587,5.462,3.460,1.174,7.935,5.727,0.000
1.060,9.720,-4.912,4.347,3.519,3.825,8.290,10.880,0.000
1.933,9.138,-6.895,3.697,3.295,4.495,7.248,14.771,0.000
3.280,7.670,-6.805,3.638,2.400,3.515,5.266,16.649,0.000
4.773,5.511,-4.491,4.052,0.490,1.732,3.212,16.393,0.000
6.175,3.039,-0.649,4.724,-2.381,-0.009,1.819,14.494,0.000
7.447,0.821,3.137,5.429,-5.607,-1.115,1.436,11.934,0.000
8.687,-0.605,5.107,5.990,-8.356,-1.320,2.024,9.754,0.000
9.974,-1.101,4.389,6.307,-10.057,-0.748,3.137,8.548,0.000
11.282,-1.063,1.385,6.343,-10.596,0.126,3.964,8.315,0.000
12.460,-1.104,-2.717,6.101,-10.175,0.726,3.696,8.691,0.000
13.196,-1.574,-6.570,5.617,-9.105,0.690,2.085,9.246,0.000
13.007,-2.322,-8.972,4.960,-7.668,-0.029,-0.358,9.637,0.000
11.446,-2.893,-9.134,4.206,-6.059,-1.222,-2.745,9.626,0.000
8.519,-2.844,-7.079,3.430,-4.401,-2.457,-4.354,9.039,0.000
4.851,-1.919,-3.699,2.694,-2.792,-3.104,-4.872,7.701,0.000
1.361,-0.106,-0.235,2.027,-1.325,-2.572,-4.348,5.524,0.000
-1.167,2.249,2.367,1.360,-0.102,-0.716,-3.135,2.774,0.000
-2.259,4.420,3.688,0.514,0.756,2.019,-1.809,0.198,0.000
-1.793,5.659,3.725,-0.700,1.165,4.859,-0.947,-1.347,0.000
-0.157,5.764,2.724,-2.269,1.192,7.023,-0.861,-1.536,0.000
1.746,5.278,1.043,-3.895,1.096,7.863,-1.520,-0.831,0.000
2.910,5.063,-0.954,-5.169,1.154,7.038,-2.667,-0.093,0.000
2.834,5.576,-2.895,-5.883,1.366,4.889,-3.921,0.048,0.000
1.736,6.549,-4.354,-6.146,1.325,2.550,-4.823,-0.497,0.000
0.208,7.304,-4.933,-6.241,0.505,1.374,-4.993,-1.386,0.000
-1.311,7.314,-4.433,-6.355,-1.217,2.040,-4.382,-2.018,0.000
-2.799,6.488,-2.903,-6.453,-3.316,4.203,-3.344,-1.663,0.000
-4.513,5.114,-0.595,-6.364,-4.956,6.904,-2.386,0.244,0.000
-6.676,3.735,2.021,-5.999,-5.536,9.169,-1.769,3.612,0.000
-9.290,3.061,4.242,-5.460,-4.941,10.299,-1.344,7.523,0.000
-12.129,3.629,5.386,-4.970,-3.423,9.962,-0.732,10.721,0.000
-14.740,5.261,5.191,-4.716,-1.437,8.300,0.349,12.314,0.000
-16.446,6.855,3.955,-4.780,0.479,5.888,1.912,12.043,0.000
-16.623,7.035,2.289,-5.151,1.857,3.429,3.766,10.136,0.000
-15.172,5.202,0.808,-5.765,2.462,1.419,5.618,7.158,0.000
-12.675,1.981,-0.006,-6.540,2.307,0.042,7.138,3.887,0.000
-9.999,-1.321,0.087,-7.396,1.582,-0.741,8.070,1.068,0.000
-7.717,-3.550,0.906,-8.240,0.632,-1.054,8.375,-0.827,0.000
-5.857,-4.096,1.815,-8.938,-0.047,-1.025,8.260,-1.648,0.000
-4.102,-2.917,2.066,-9.350,0.020,-0.767,8.022,-1.460,0.000
-2.170,-0.570,1.315,-9.381,0.991,-0.447,7.842,-0.495,0.000
-0.025,1.863,-0.174,-9.001,2.603,-0.326,7.693,0.905,0.000
2.172,3.235,-1.804,-8.245,4.351,-0.628,7.423,2.408,0.000
4.197,2.936,-3.067,-7.239,5.713,-1.251,6.922,3.840,0.000
5.854,1.080,-3.734,-6.212,6.251,-1.647,6.199,5.221,0.000
7.005,-1.766,-3.826,-5.396,5.756,-1.157,5.341,6.628,0.000
7.588,-4.895,-3.510,-4.870,4.540,0.378,4.430,7.957,0.000
7.581,-7.604,-3.008,-4.507,3.535,2.354,3.494,8.792,0.000
6.990,-9.296,-2.524,-4.061,3.813,3.789,2.522,8.626,0.000
5.892,-9.545,-2.192,-3.301,5.795,3.971,1.512,7.302,0.000
4.454,-8.048,-2.079,-2.071,8.933,2.741,0.508,5.191,0.000
2.875,-4.724,-2.201,-0.336,12.179,0.410,-0.422,2.935,0.000
1.324,-0.100,-2.486,1.717,14.675,-2.341,-1.226,1.045,0.000
-0.087,4.518,-2.762,3.635,16.079,-4.542,-1.892,-0.282,0.000
-1.263,7.571,-2.795,4.880,16.459,-5.318,-2.454,-1.115,0.000
-2.042,8.074,-2.331,5.103,16.062,-4.448,-3.008,-1.681,0.000
-2.136,5.921,-1.097,4.236,15.141,-2.557,-3.719,-2.274,0.000
-1.265,1.688,1.110,2.472,13.868,-0.672,-4.702,-3.122,0.000
0.544,-3.502,4.211,0.342,12.352,0.368,-5.819,-4.221,0.000
2.830,-8.081,7.767,-1.267,10.684,0.166,-6.586,-5.282,0.000
4.929,-10.577,11.140,-1.482,8.959,-1.270,-6.468,-5.951,0.000
6.315,-10.415,13.684,-0.072,7.279,-3.575,-5.436,-6.155,0.000
6.735,-8.152,14.785,2.323,5.766,-6.098,-4.207,-6.247,0.000
6.158,-4.941,14.043,4.668,4.496,-8.165,-3.807,-6.731,0.000
4.701,-1.824,11.639,6.256,3.399,-9.382,-4.837,-7.770,0.000
2.558,0.575,8.458,7.033,2.225,-9.719,-7.147,-8.952,0.000
-0.054,2.047,5.633,7.381,0.681,-9.367,-10.097,-9.569,0.000
-2.842,2.710,3.873,7.720,-1.323,-8.564,-12.936,-9.105,0.000
-5.391,2.884,3.204,8.271,-3.567,-7.507,-15.006,-7.451,0.000
-7.250,2.930,3.192,9.045,-5.695,-6.322,-15.885,-4.845,0.000
-8.089,3.133,3.279,9.906,-7.469,-5.100,-15.558,-1.798,0.000
-7.737,3.683,2.982,10.635,-8.883,-3.944,-14.413,0.966,0.000
-6.196,4.655,2.038,11.017,-10.060,-3.005,-12.946,2.797,0.000
-3.739,5.927,0.604,10.891,-11.046,-2.568,-11.386,3.522,0.000
-0.943,7.139,-0.698,10.151,-11.683,-3.097,-9.543,3.578,0.000
1.554,7.850,-1.135,8.740,-11.716,-5.006,-7.082,3.674,0.000
3.380,7.757,-0.391,6.722,-11.016,-8.189,-4.058,4.312,0.000
4.541,6.782,1.229,4.314,-9.684,-11.819,-1.179,5.567,0.000
5.259,5.051,3.123,1.838,-7.995,-14.749,0.585,7.225,0.000
5.715,2.935,4.891,-0.282,-6.316,-16.130,0.691,9.005,0.000
5.915,1.055,6.571,-1.497,-5.075,-15.642,-0.675,10.687,0.000
5.756,0.034,8.411,-1.346,-4.622,-13.437,-2.854,12.129,0.000
5.217,0.106,10.369,0.130,-4.991,-10.125,-5.089,13.207,0.000
4.455,0.973,11.847,2.238,-5.839,-6.711,-6.716,13.738,0.000
3.726,2.054,12.010,4.014,-6.669,-4.167,-7.321,13.545,0.000
3.204,2.806,10.421,4.788,-7.143,-2.805,-6.928,12.620,0.000
2.912,2.876,7.322,4.419,-7.218,-2.073,-6.014,11.202,0.000
2.787,2.101,3.373,3.155,-7.037,-1.037,-5.171,9.670,0.000
2.824,0.519,-0.730,1.440,-6.738,0.852,-4.645,8.406,0.000
3.164,-1.687,-4.448,-0.215,-6.347,3.400,-4.147,7.748,0.000
4.014,-4.255,-7.459,-1.395,-5.800,5.941,-3.147,7.899,0.000
5.456,-6.850,-9.650,-1.965,-5.050,7.786,-1.412,8.764,0.000
7.363,-9.036,-11.034,-2.096,-4.123,8.449,0.746,9.899,0.000
9.470,-10.408,-11.653,-2.078,-3.089,7.723,2.688,10.722,0.000
11.468,-10.841,-11.528,-2.055,-2.002,5.775,3.816,10.788,0.000
13.049,-10.568,-10.633,-1.913,-0.857,3.122,3.746,9.894,0.000
13.969,-10.007,-8.962,-1.408,0.390,0.388,2.348,8.066,0.000
14.155,-9.529,-6.696,-0.428,1.774,-1.943,-0.163,5.605,0.000
13.716,-9.346,-4.288,0.882,3.291,-3.603,-3.235,3.088,0.000
12.851,-9.507,-2.277,2.214,4.898,-4.497,-6.206,1.144,0.000
11.762,-9.904,-1.025,3.240,6.516,-4.665,-8.538,0.145,0.000
10.625,-10.298,-0.619,3.684,8.025,-4.236,-9.877,0.110,0.000
9.567,-10.415,-0.954,3.389,9.303,-3.382,-10.054,0.807,0.000
8.683,-10.062,-1.828,2.435,10.264,-2.347,-9.151,1.864,0.000
8.044,-9.156,-3.001,1.173,10.869,-1.463,-7.495,2.828,0.000
7.701,-7.712,-4.250,0.058,11.106,-1.040,-5.541,3.335,0.000
7.634,-5.891,-5.362,-0.564,10.995,-1.157,-3.797,3.362,0.000
7.742,-4.010,-6.106,-0.527,10.580,-1.584,-2.821,3.301,0.000
7.879,-2.421,-6.288,0.205,9.944,-1.944,-3.079,3.656,0.000
7.900,-1.338,-5.879,1.587,9.265,-1.947,-4.671,4.523,0.000
7.675,-0.776,-5.064,3.538,8.861,-1.493,-7.245,5.356,0.000
7.120,-0.600,-4.158,5.905,9.032,-0.619,-10.205,5.305,0.000
6.264,-0.560,-3.519,8.281,9.793,0.592,-12.926,3.789,0.000
5.276,-0.325,-3.514,9.896,10.748,2.071,-14.845,0.753,0.000
4.378,0.381,-4.410,9.937,11.310,3.734,-15.566,-3.423,0.000
3.742,1.549,-6.141,8.133,11.025,5.345,-15.053,-7.999,0.000
3.444,2.796,-8.239,4.988,9.720,6.428,-13.661,-11.925,0.000
3.419,3.583,-10.091,1.421,7.507,6.479,-11.898,-14.239,0.000
3.342,3.553,-11.331,-1.720,4.871,5.369,-10.136,-14.657,0.000
2.572,2.668,-11.993,-3.875,2.694,3.510,-8.487,-13.767,0.000
0.449,1.117,-12.362,-4.810,1.869,1.597,-6.918,-12.576,0.000
-3.165,-0.802,-12.742,-4.655,2.677,0.235,-5.468,-11.890,0.000
-7.666,-2.753,-13.324,-3.840,4.559,-0.227,-4.382,-12.043,0.000
-12.067,-4.443,-14.167,-2.854,6.533,0.290,-3.990,-12.961,0.000
-15.489,-5.676,-15.189,-1.952,7.799,1.548,-4.441,-14.297,0.000
-17.369,-6.340,-16.198,-1.056,8.008,3.020,-5.578,-15.536,0.000
-17.495,-6.392,-16.971,0.093,7.217,4.116,-7.041,-16.226,0.000
-16.086,-5.877,-17.342,1.680,5.817,4.471,-8.389,-16.272,0.000
-13.769,-4.939,-17.214,3.689,4.442,4.026,-9.159,-16.026,0.000
-11.312,-3.771,-16.540,5.936,3.705,2.905,-8.984,-16.016,0.000
-9.373,-2.603,-15.301,8.089,3.850,1.261,-7.786,-16.538,0.000
-8.432,-1.697,-13.493,9.689,4.653,-0.815,-5.828,-17.482,0.000
-8.717,-1.299,-11.146,10.304,5.675,-3.224,-3.546,-18.489,0.000
-9.990,-1.534,-8.429,9.784,6.623,-5.647,-1.399,-19.220,0.000
-11.482,-2.386,-5.706,8.343,7.520,-7.403,0.194,-19.480,0.000
-12.249,-3.718,-3.403,6.393,8.540,-7.730,0.941,-19.197,0.000
-11.664,-5.231,-1.808,4.370,9.679,-6.304,0.842,-18.323,0.000
-9.618,-6.442,-1.007,2.663,10.568,-3.439,0.221,-16.764,0.000
-6.404,-6.874,-0.912,1.547,10.665,0.145,-0.487,-14.462,0.000
-2.662,-6.364,-1.260,1.118,9.619,3.603,-1.044,-11.666,0.000
0.677,-5.182,-1.630,1.299,7.432,6.091,-1.530,-9.070,0.000
2.733,-3.846,-1.632,1.936,4.381,7.001,-2.183,-7.493,0.000
3.188,-2.883,-1.189,2.875,0.956,6.335,-3.073,-7.337,0.000
2.441,-2.730,-0.646,4.005,-2.191,4.809,-3.945,-8.354,0.000
1.271,-3.632,-0.504,5.278,-4.440,3.449,-4.384,-9.845,0.000
0.384,-5.471,-0.968,6.721,-5.460,3.072,-4.129,-10.886,0.000
0.210,-7.717,-1.745,8.436,-5.264,4.074,-3.221,-10.442,0.000
0.883,-9.670,-2.273,10.506,-4.086,6.389,-1.895,-7.756,0.000
2.206,-10.762,-2.099,12.813,-2.289,9.310,-0.413,-3.057,0.000
3.691,-10.653,-1.060,14.947,-0.313,11.445,1.039,2.178,0.000
4.791,-9.255,0.732,16.390,1.446,11.354,2.378,6.019,0.000
5.187,-6.847,2.896,16.813,2.760,8.612,3.626,7.290,0.000
4.890,-4.091,4.815,16.191,3.597,4.211,4.875,6.037,0.000
4.106,-1.758,5.892,14.756,4.042,-0.138,6.201,3.139,0.000
3.085,-0.368,5.929,13.004,4.215,-3.014,7.524,-0.260,0.000
2.031,-0.062,5.252,11.670,4.223,-3.737,8.553,-3.053,0.000
1.059,-0.694,4.422,11.409,4.166,-2.361,8.946,-4.475,0.000
0.167,-1.895,3.809,12.225,4.187,0.299,8.592,-4.444,0.000
-0.749,-3.130,3.399,13.262,4.513,2.747,7.727,-3.610,0.000
-1.770,-3.889,2.928,13.334,5.338,3.456,6.755,-2.872,0.000
-2.736,-3.924,2.138,11.796,6.590,1.801,5.968,-2.725,0.000
-3.142,-3.325,0.926,8.917,7.820,-1.625,5.420,-2.996,0.000
-2.408,-2.387,-0.647,5.556,8.476,-5.574,4.997,-3.179,0.000
-0.388,-1.464,-2.350,2.686,8.370,-8.897,4.568,-3.035,0.000
2.421,-0.901,-3.792,1.148,7.873,-10.889,4.073,-2.886,0.000
5.178,-0.929,-4.581,1.409,7.624,-11.311,3.529,-3.319,0.000
7.138,-1.497,-4.546,3.160,8.003,-10.387,3.007,-4.574,0.000
7.844,-2.223,-3.812,5.218,8.895,-8.706,2.600,-6.244,0.000
7.185,-2.609,-2.713,6.178,9.841,-6.927,2.361,-7.586,0.000
5.520,-2.373,-1.737,5.403,10.302,-5.445,2.178,-8.086,0.000
3.678,-1.577,-1.504,3.418,9.810,-4.295,1.736,-7.727,0.000
2.561,-0.499,-2.527,1.372,8.118,-3.285,0.676,-6.808,0.000
2.547,0.567,-4.778,0.197,5.476,-2.188,-1.106,-5.589,0.000
3.281,1.401,-7.515,0.210,2.719,-0.853,-3.338,-4.086,0.000
4.051,1.867,-9.682,1.228,0.827,0.752,-5.530,-2.159,0.000
4.388,1.860,-10.483,2.798,0.275,2.451,-7.182,0.208,0.000
4.344,1.254,-9.617,4.385,0.781,3.844,-7.872,2.737,0.000
4.310,-0.008,-7.216,5.563,1.628,4.517,-7.358,4.967,0.000
4.640,-1.676,-3.838,6.212,2.155,4.398,-5.784,6.448,0.000
5.461,-3.065,-0.406,6.535,1.993,3.893,-3.736,6.828,0.000
6.677,-3.376,2.165,6.846,1.068,3.609,-1.960,5.934,0.000
8.046,-2.252,3.489,7.254,-0.430,3.887,-0.970,3.947,0.000
9.241,-0.002,3.876,7.531,-2.122,4.604,-0.911,1.445,0.000
9.978,2.697,3.964,7.304,-3.644,5.347,-1.614,-0.834,0.000
10.178,5.233,4.168,6.421,-4.905,5.733,-2.643,-2.278,0.000
10.004,7.267,4.420,5.115,-6.169,5.564,-3.331,-2.480,0.000
9.694,8.697,4.353,3.839,-7.811,4.843,-3.031,-1.274,0.000
9.315,9.517,3.692,2.997,-9.889,3.758,-1.479,1.131,0.000
8.652,9.695,2.456,2.813,-11.941,2.657,1.082,4.128,0.000
7.409,9.178,0.911,3.325,-13.281,1.898,4.102,6.967,0.000
5.602,8.043,-0.528,4.360,-13.500,1.674,6.943,9.066,0.000
3.748,6.572,-1.367,5.559,-12.684,1.968,8.966,10.104,0.000
2.551,5.190,-1.237,6.526,-11.253,2.617,9.694,9.994,0.000
2.350,4.385,-0.251,7.006,-9.698,3.375,9.078,8.884,0.000
2.879,4.688,0.877,6.937,-8.446,3.940,7.564,7.114,0.000
3.543,6.463,1.238,6.375,-7.767,4.027,5.832,5.105,0.000
3.876,9.471,0.374,5.395,-7.679,3.479,4.484,3.299,0.000
3.780,12.700,-1.459,4.040,-7.963,2.280,3.926,2.159,0.000
3.437,14.867,-3.580,2.339,-8.322,0.537,4.333,2.036,0.000
3.124,15.179,-5.334,0.412,-8.595,-1.497,5.564,2.876,0.000
3.088,13.637,-6.310,-1.463,-8.842,-3.408,7.168,4.118,0.000
3.428,10.814,-6.382,-2.953,-9.238,-4.753,8.595,5.025,0.000
3.929,7.598,-5.761,-3.824,-9.897,-5.256,9.457,5.184,0.000
4.023,5.041,-4.945,-4.002,-10.777,-4.862,9.611,4.722,0.000
3.122,3.997,-4.466,-3.550,-11.710,-3.709,9.120,4.085,0.000
1.223,4.579,-4.519,-2.694,-12.436,-2.158,8.239,3.676,0.000
-0.851,6.001,-4.836,-1.809,-12.621,-0.806,7.387,3.666,0.000
-1.958,7.119,-4.932,-1.290,-12.014,-0.247,6.972,3.992,0.000
-1.499,7.223,-4.496,-1.346,-10.731,-0.723,7.153,4.393,0.000
0.215,6.373,-3.573,-1.947,-9.369,-1.989,7.751,4.457,0.000
2.307,5.122,-2.457,-2.887,-8.688,-3.519,8.415,3.837,0.000
3.877,4.070,-1.522,-3.848,-9.102,-4.774,8.844,2.591,0.000
4.272,3.614,-1.125,-4.425,-10.469,-5.317,8.894,1.305,0.000
3.207,3.861,-1.497,-4.282,-12.304,-4.890,8.544,0.712,0.000
0.934,4.542,-2.566,-3.406,-14.079,-3.545,7.821,1.039,0.000
-1.758,5.014,-3.912,-2.197,-15.380,-1.662,6.746,1.733,0.000
-3.944,4.586,-4.991,-1.230,-15.967,0.220,5.351,1.906,0.000
-5.106,2.980,-5.446,-0.888,-15.837,1.569,3.791,1.103,0.000
-5.320,0.516,-5.225,-1.213,-15.188,1.893,2.413,-0.329,0.000
-5.012,-2.146,-4.490,-1.998,-14.273,0.843,1.625,-1.573,0.000
-4.613,-4.319,-3.495,-2.905,-13.234,-1.568,1.668,-1.899,0.000
-4.371,-5.432,-2.519,-3.545,-12.037,-4.907,2.533,-0.951,0.000
-4.344,-5.151,-1.798,-3.596,-10.528,-8.533,4.018,1.208,0.000
-4.438,-3.617,-1.484,-2.969,-8.530,-11.834,5.769,4.013,0.000
-4.472,-1.493,-1.651,-1.849,-5.892,-14.297,7.306,6.406,0.000
-4.294,0.342,-2.306,-0.584,-2.544,-15.587,8.178,7.303,0.000
-3.966,1.185,-3.342,0.412,1.360,-15.680,8.175,6.315,0.000
-3.817,0.650,-4.516,0.689,5.381,-14.871,7.397,3.999,0.000
-4.228,-1.328,-5.516,-0.102,8.957,-13.582,6.130,1.397,0.000
-5.237,-4.396,-6.018,-1.944,11.619,-12.146,4.737,-0.596,0.000
-6.364,-7.772,-5.696,-4.357,13.046,-10.729,3.604,-1.520,0.000
-6.905,-10.582,-4.297,-6.651,13.116,-9.372,3.029,-1.308,0.000
-6.421,-12.293,-1.824,-8.246,12.050,-8.113,3.052,-0.189,0.000
-4.948,-12.868,1.408,-8.797,10.452,-7.057,3.408,1.425,0.000
-2.828,-12.587,4.907,-8.251,9.027,-6.314,3.709,3.102,0.000
-0.440,-11.832,8.136,-6.998,8.194,-5.831,3.702,4.501,0.000
1.945,-10.958,10.540,-5.904,7.954,-5.311,3.374,5.389,0.000
4.184,-10.196,11.661,-5.923,8.066,-4.400,2.852,5.639,0.000
6.196,-9.576,11.329,-7.478,8.357,-3.019,2.225,5.296,0.000
7.884,-8.922,9.707,-10.237,8.879,-1.524,1.447,4.592,0.000
9.090,-7.998,7.172,-13.427,9.812,-0.489,0.426,3.855,0.000
9.564,-6.727,4.269,-16.264,11.224,-0.352,-0.742,3.421,0.000
8.940,-5.278,1.707,-18.142,12.928,-1.253,-1.663,3.600,0.000
6.937,-3.937,0.144,-18.708,14.555,-3.027,-1.866,4.592,0.000
3.809,-2.878,-0.139,-17.931,15.658,-5.111,-1.253,6.289,0.000
0.525,-2.067,0.662,-16.060,15.755,-6.535,-0.289,8.199,0.000
-1.705,-1.305,2.051,-13.456,14.546,-6.362,0.304,9.673,0.000
-2.194,-0.305,3.411,-10.466,12.342,-4.440,0.078,10.206,0.000
-1.086,1.254,4.085,-7.393,10.228,-1.690,-0.904,9.545,0.000
0.956,3.552,3.596,-4.485,9.471,0.474,-2.234,7.690,0.000
3.199,6.264,2.039,-1.957,10.529,1.028,-3.447,4.971,0.000
5.080,8.402,0.207,-0.039,12.638,-0.289,-4.166,2.058,0.000
6.312,8.819,-0.883,1.110,14.381,-3.104,-4.184,-0.308,0.000
6.992,7.073,-0.744,1.611,14.579,-6.566,-3.525,-1.663,0.000
7.563,3.774,0.273,1.935,12.697,-9.474,-2.434,-1.934,0.000
8.498,0.127,1.395,2.655,8.852,-10.702,-1.225,-1.346,0.000
9.815,-2.728,2.116,4.016,3.860,-9.793,-0.132,-0.348,0.000
10.873,-4.018,2.542,5.751,-0.806,-7.131,0.737,0.435,0.000
10.809,-3.405,3.141,7.321,-3.639,-3.580,1.331,0.420,0.000
9.298,-1.100,4.219,8.295,-3.975,-0.082,1.517,-0.615,0.000
6.882,2.192,5.637,8.523,-2.289,2.511,1.006,-2.437,0.000
4.552,5.606,6.980,8.088,0.318,3.620,-0.492,-4.553,0.000
3.059,8.487,7.888,7.209,2.796,3.207,-2.913,-6.443,0.000
2.592,10.487,8.258,6.160,4.458,1.815,-5.682,-7.663,0.000
2.907,11.507,8.240,5.194,5.014,0.211,-8.009,-7.918,0.000
3.561,11.644,8.238,4.509,4.539,-1.075,-9.359,-7.179,0.000
4.083,11.120,8.861,4.261,3.378,-1.943,-9.641,-5.696,0.000
4.115,10.195,10.617,4.559,1.943,-2.587,-9.094,-3.860,0.000
3.550,9.142,13.369,5.402,0.539,-3.276,-8.135,-2.105,0.000
2.540,8.250,16.114,6.654,-0.672,-4.212,-7.258,-0.873,0.000
1.371,7.739,17.537,8.073,-1.623,-5.472,-6.864,-0.478,0.000
0.354,7.611,16.890,9.287,-2.265,-6.949,-7.047,-0.843,0.000
-0.214,7.591,14.352,9.774,-2.508,-8.347,-7.545,-1.406,0.000
-0.128,7.305,10.701,9.073,-2.276,-9.352,-7.929,-1.431,0.000
0.569,6.552,6.866,7.185,-1.655,-9.876,-7.861,-0.495,0.000
1.526,5.430,3.692,4.733,-0.950,-10.159,-7.200,1.310,0.000
2.238,4.211,1.768,2.584,-0.515,-10.591,-5.962,3.544,0.000
2.233,3.140,1.258,1.297,-0.445,-11.441,-4.278,5.629,0.000
1.132,2.351,1.912,0.880,-0.446,-12.732,-2.357,6.962,0.000
-1.275,1.885,3.289,0.989,-0.056,-14.280,-0.422,7.063,0.000
-4.861,1.779,4.967,1.251,0.956,-15.740,1.296,5.795,0.000
-9.100,2.125,6.609,1.452,2.406,-16.633,2.544,3.396,0.000
-13.267,2.987,7.988,1.560,3.880,-16.525,3.119,0.322,0.000
-16.631,4.159,8.982,1.701,5.037,-15.316,3.016,-2.865,0.000
-18.488,5.049,9.534,2.109,5.759,-13.341,2.492,-5.534,0.000
-18.336,4.979,9.622,3.010,6.122,-11.168,1.928,-7.145,0.000
-16.238,3.722,9.247,4.457,6.318,-9.350,1.667,-7.525,0.000
-12.931,1.737,8.426,6.279,6.581,-8.336,1.942,-6.938,0.000
-9.419,-0.168,7.202,8.179,7.067,-8.384,2.822,-5.896,0.000
-6.437,-1.344,5.720,9.846,7.668,-9.412,4.084,-4.957,0.000
-4.242,-1.542,4.257,10.984,7.946,-10.973,5.174,-4.634,0.000
-2.735,-0.846,3.093,11.365,7.397,-12.521,5.457,-5.257,0.000
-1.686,0.429,2.288,10.914,5.905,-13.779,4.630,-6.733,0.000
-0.882,1.841,1.590,9.725,3.930,-14.879,2.861,-8.468,0.000
-0.178,2.972,0.616,7.998,2.238,-16.138,0.609,-9.691,0.000
0.534,3.578,-0.832,6.029,1.476,-17.638,-1.631,-9.921,0.000
1.368,3.607,-2.629,4.220,1.998,-19.020,-3.439,-9.146,0.000
2.385,3.119,-4.436,2.938,3.821,-19.706,-4.552,-7.653,0.000
3.426,2.215,-5.887,2.318,6.500,-19.321,-4.942,-5.779,0.000
4.022,1.000,-6.668,2.190,9.111,-17.896,-4.811,-3.782,0.000
3.646,-0.414,-6.594,2.219,10.702,-15.796,-4.452,-1.844,0.000
2.160,-1.834,-5.724,2.092,10.984,-13.672,-4.097,-0.209,0.000
0.021,-2.944,-4.377,1.597,10.592,-12.413,-3.864,0.715,0.000
-1.979,-3.437,-2.962,0.665,10.578,-12.771,-3.809,0.520,0.000
-3.079,-3.273,-1.750,-0.564,11.598,-14.703,-4.039,-0.814,0.000
-2.711,-2.785,-0.799,-1.724,13.541,-17.133,-4.772,-2.759,0.000
-0.650,-2.453,-0.058,-2.403,15.801,-18.584,-6.199,-4.517,0.000
2.657,-2.554,0.428,-2.403,17.742,-18.173,-8.162,-5.436,0.000
5.991,-3.005,0.413,-1.834,18.954,-16.025,-9.997,-5.185,0.000
7.979,-3.506,-0.411,-1.000,19.310,-12.920,-10.842,-3.730,0.000
8.053,-3.786,-2.090,-0.238,18.998,-9.768,-10.133,-1.343,0.000
6.825,-3.736,-4.264,0.152,18.474,-7.326,-7.814,1.446,0.000
5.495,-3.415,-6.360,0.005,18.206,-6.048,-4.237,4.015,0.000
4.928,-3.047,-7.879,-0.553,18.336,-5.951,-0.118,5.790,0.000
5.213,-2.997,-8.521,-1.054,18.559,-6.642,3.504,6.249,0.000
5.908,-3.578,-8.219,-0.954,18.354,-7.586,5.636,5.043,0.000
6.515,-4.739,-7.233,-0.057,17.369,-8.399,5.882,2.291,0.000
6.768,-5.937,-6.151,1.306,15.581,-8.958,4.616,-1.309,0.000
6.646,-6.447,-5.615,2.543,13.225,-9.308,2.606,-4.810,0.000
6.268,-5.855,-5.911,3.208,10.719,-9.519,0.546,-7.448,0.000
5.791,-4.263,-6.827,3.193,8.608,-9.604,-1.171,-8.786,0.000
5.305,-2.098,-7.865,2.679,7.316,-9.533,-2.415,-8.700,0.000
4.733,0.183,-8.569,2.059,6.744,-9.333,-3.181,-7.374,0.000
3.811,2.232,-8.663,1.877,6.124,-9.135,-3.471,-5.238,0.000
2.268,3.860,-8.054,2.588,4.498,-9.104,-3.254,-2.797,0.000
0.146,5.035,-6.806,4.181,1.540,-9.301,-2.515,-0.488,0.000
-2.066,5.829,-5.093,6.040,-2.093,-9.617,-1.283,1.339,0.000
-3.715,6.306,-3.114,7.314,-5.238,-9.844,0.351,2.420,0.000
-4.445,6.372,-1.055,7.471,-7.002,-9.803,2.171,2.588,0.000
-4.391,5.711,0.910,6.534,-7.108,-9.396,3.802,1.738,0.000
-3.993,3.983,2.600,4.915,-5.774,-8.617,4.837,-0.113,0.000
-3.714,1.217,3.780,3.202,-3.518,-7.585,5.040,-2.610,0.000
-3.892,-2.012,4.118,2.035,-1.000,-6.547,4.396,-4.959,0.000
-4.676,-4.884,3.335,1.915,1.181,-5.749,3.048,-6.254,0.000
-5.930,-6.777,1.546,2.933,2.663,-5.243,1.246,-5.998,0.000
-7.223,-7.455,-0.611,4.702,3.323,-4.815,-0.694,-4.305,0.000
-8.018,-7.024,-2.302,6.605,3.205,-4.162,-2.467,-1.690,0.000
-7.890,-5.923,-3.020,8.090,2.500,-3.197,-3.866,1.173,0.000
-6.602,-4.867,-2.799,8.786,1.524,-2.187,-4.796,3.583,0.000
-4.173,-4.538,-2.031,8.550,0.627,-1.560,-5.259,4.989,0.000
-1.116,-5.096,-1.208,7.587,0.091,-1.549,-5.378,5.245,0.000
1.465,-6.015,-0.765,6.463,0.104,-2.030,-5.394,4.649,0.000
2.394,-6.480,-0.967,5.842,0.757,-2.624,-5.553,3.707,0.000
1.287,-6.028,-1.747,6.093,1.988,-2.861,-5.923,2.852,0.000
-1.096,-4.831,-2.684,7.149,3.574,-2.259,-6.330,2.327,0.000
-3.408,-3.452,-3.244,8.655,5.231,-0.465,-6.496,2.195,0.000
-4.542,-2.456,-3.140,10.151,6.691,2.480,-6.301,2.368,0.000
-4.000,-2.207,-2.462,11.167,7.735,6.064,-5.892,2.651,0.000
-1.855,-2.858,-1.546,11.363,8.214,9.571,-5.550,2.829,0.000
1.308,-4.400,-0.777,10.737,8.122,12.396,-5.446,2.767,0.000
4.492,-6.725,-0.503,9.685,7.606,14.165,-5.528,2.442,0.000
6.708,-9.646,-0.951,8.761,6.875,14.727,-5.611,1.926,0.000
7.520,-12.750,-2.109,8.371,6.102,14.180,-5.558,1.398,0.000
7.212,-15.304,-3.702,8.641,5.390,12.839,-5.373,1.150,0.000
6.423,-16.501,-5.320,9.473,4.812,11.124,-5.153,1.458,0.000
5.628,-15.904,-6.542,10.606,4.514,9.506,-4.973,2.356,0.000
4.898,-13.607,-6.967,11.656,4.778,8.521,-4.816,3.548,0.000
4.056,-10.077,-6.285,12.239,5.863,8.606,-4.606,4.573,0.000
3.029,-6.021,-4.428,12.102,7.667,9.801,-4.298,5.044,0.000
2.040,-2.325,-1.603,11.151,9.571,11.641,-3.925,4.746,0.000
1.449,0.203,1.814,9.416,10.739,13.436,-3.556,3.663,0.000
1.382,1.154,5.329,7.078,10.613,14.663,-3.204,2.057,0.000
1.559,0.597,8.341,4.466,9.103,15.125,-2.782,0.486,0.000
1.495,-1.091,10.326,1.952,6.486,14.898,-2.137,-0.432,0.000
0.878,-3.328,11.164,-0.176,3.307,14.236,-1.145,-0.356,0.000
-0.246,-5.390,11.229,-1.736,0.301,13.495,0.251,0.652,0.000
-1.575,-6.643,11.131,-2.639,-1.878,12.952,2.030,2.214,0.000
-2.714,-6.883,11.325,-2.889,-3.036,12.558,4.048,3.660,0.000
-3.271,-6.448,11.945,-2.558,-3.558,11.857,6.013,4.040,0.000
-2.987,-5.924,12.874,-1.754,-4.057,10.292,7.562,2.490,0.000
-1.942,-5.740,13.854,-0.653,-4.873,7.765,8.314,-1.133,0.000
-0.596,-5.972,14.568,0.486,-5.822,4.872,7.880,-6.013,0.000
0.508,-6.416,14.746,1.373,-6.392,2.511,6.009,-10.853,0.000
1.217,-6.702,14.290,1.763,-6.058,1.222,2.959,-14.518,0.000
1.966,-6.366,13.294,1.468,-4.444,0.906,-0.350,-16.285,0.000
3.398,-5.029,11.956,0.396,-1.426,1.069,-2.786,-15.918,0.000
5.693,-2.676,10.479,-1.313,2.637,1.261,-3.695,-13.842,0.000
8.240,0.245,9.036,-3.243,6.842,1.308,-3.173,-11.130,0.000
10.042,3.074,7.753,-4.885,10.136,1.307,-1.802,-9.010,0.000
10.402,5.262,6.692,-5.896,11.894,1.538,-0.276,-8.186,0.000
9.233,6.484,5.869,-6.194,12.123,2.377,0.796,-8.600,0.000
6.948,6.649,5.276,-5.912,11.248,4.062,1.014,-9.709,0.000
4.310,5.931,4.889,-5.371,9.859,6.291,0.297,-10.852,0.000
2.327,4.751,4.680,-5.047,8.566,8.058,-1.137,-11.440,0.000
1.890,3.610,4.620,-5.367,7.796,8.200,-2.926,-11.085,0.000
3.229,2.919,4.658,-6.365,7.524,6.336,-4.709,-9.746,0.000
5.757,2.959,4.716,-7.553,7.198,3.254,-6.159,-7.734,0.000
8.514,3.864,4.709,-8.203,6.097,0.356,-6.998,-5.486,0.000
10.781,5.560,4.584,-7.769,3.886,-1.189,-7.015,-3.311,0.000
12.334,7.753,4.340,-6.064,0.849,-0.829,-6.036,-1.296,0.000
13.269,10.048,4.038,-3.224,-2.377,1.376,-3.992,0.586,0.000
13.642,12.050,3.860,0.269,-5.198,4.712,-1.143,2.249,0.000
13.250,13.391,4.135,3.603,-7.249,7.876,1.820,3.360,0.000
11.775,13.827,5.157,5.924,-8.418,9.544,4.044,3.518,0.000
9.197,13.445,6.833,6.731,-8.858,9.180,4.902,2.634,0.000
5.990,12.722,8.529,5.989,-8.932,7.319,4.133,1.094,0.000
2.894,12.230,9.407,3.980,-9.013,5.044,1.813,-0.467,0.000
0.554,12.158,8.962,1.186,-9.201,3.258,-1.577,-1.502,0.000
-0.630,12.114,7.258,-1.780,-9.220,2.352,-5.153,-1.712,0.000
-0.520,11.478,4.786,-4.320,-8.629,2.280,-7.938,-1.079,0.000
0.739,10.044,2.324,-6.000,-7.161,2.727,-9.262,0.034,0.000
2.751,8.321,0.850,-6.546,-4.883,3.265,-8.877,0.876,0.000
5.058,7.182,1.189,-5.870,-2.121,3.515,-6.885,0.662,0.000
7.291,7.236,3.396,-4.198,0.579,3.319,-3.757,-0.878,0.000
9.212,8.535,6.562,-2.118,2.483,2.762,-0.312,-3.288,0.000
10.708,10.681,9.367,-0.329,2.928,2.074,2.609,-5.729,0.000
11.790,12.981,10.896,0.711,1.770,1.521,4.585,-7.469,0.000
12.574,14.547,10.967,0.908,-0.466,1.363,5.752,-8.095,0.000
13.223,14.634,9.924,0.463,-2.935,1.754,6.546,-7.524,0.000
13.897,13.155,8.313,-0.186,-4.921,2.539,7.297,-6.027,0.000
14.731,10.844,6.676,-0.418,-6.036,3.172,8.032,-4.186,0.000
15.763,8.779,5.416,0.313,-6.203,2.995,8.554,-2.648,0.000
16.763,7.706,4.718,2.044,-5.635,1.691,8.627,-1.834,0.000
17.159,7.756,4.574,4.143,-4.773,-0.528,8.086,-1.848,0.000
16.327,8.629,4.882,5.714,-4.066,-3.107,6.878,-2.546,0.000
14.111,9.880,5.516,6.219,-3.695,-5.390,5.132,-3.570,0.000
11.040,11.097,6.350,5.737,-3.478,-6.728,3.159,-4.373,0.000
8.002,11.990,7.259,4.752,-3.066,-6.658,1.313,-4.433,0.000
5.771,12.428,8.078,3.826,-2.238,-5.188,-0.188,-3.578,0.000
4.803,12.407,8.572,3.415,-1.051,-2.873,-1.310,-2.097,0.000
5.183,11.978,8.526,3.767,0.241,-0.492,-2.106,-0.547,0.000
6.501,11.206,7.940,4.799,1.307,1.362,-2.543,0.501,0.000
7.854,10.161,7.096,6.092,1.800,2.450,-2.413,0.558,0.000
8.281,8.919,6.395,7.158,1.505,2.828,-1.475,-0.652,0.000
7.413,7.604,6.089,7.800,0.611,2.791,0.218,-2.961,0.000
5.720,6.416,6.177,8.259,-0.195,2.806,2.164,-5.679,0.000
4.068,5.539,6.488,8.928,-0.061,3.333,3.649,-7.927,0.000
3.040,4.986,6.822,9.854,1.497,4.584,4.117,-9.083,0.000
2.623,4.533,7.028,10.498,4.390,6.447,3.325,-8.945,0.000
2.397,3.843,7.036,10.063,8.148,8.615,1.372,-7.674,0.000
1.903,2.663,6.871,8.113,12.161,10.714,-1.170,-5.791,0.000
0.858,0.916,6.643,4.853,15.797,12.356,-3.221,-4.142,0.000
-0.780,-1.301,6.492,0.930,18.544,13.189,-3.669,-3.566,0.000
-2.720,-3.641,6.525,-2.828,20.143,12.954,-2.148,-4.399,0.000
-4.342,-5.487,6.796,-5.543,20.591,11.465,0.673,-6.300,0.000
-4.972,-6.200,7.289,-6.569,20.081,8.696,3.595,-8.548,0.000
-4.312,-5.541,7.854,-5.959,19.055,5.082,5.609,-10.427,0.000
-2.581,-3.811,8.174,-4.595,18.225,1.650,6.224,-11.388,0.000
-0.316,-1.627,7.904,-3.680,18.267,-0.426,5.484,-11.125,0.000
1.853,0.373,6.905,-4.015,19.298,-0.566,4.017,-9.685,0.000
3.307,1.653,5.337,-5.700,20.673,0.930,2.996,-7.454,0.000
3.573,1.865,3.562,-8.319,21.419,3.202,3.584,-4.938,0.000
2.547,0.964,2.049,-11.166,20.949,5.246,6.084,-2.541,0.000
0.530,-0.789,1.332,-13.390,19.369,6.119,9.620,-0.490,0.000
-1.982,-2.984,1.793,-14.291,17.222,5.158,12.737,1.113,0.000
-4.524,-5.168,3.262,-13.754,15.064,2.335,14.288,2.185,0.000
-6.748,-6.882,4.863,-12.372,13.235,-1.675,13.809,2.576,0.000
-8.434,-7.793,5.502,-11.028,11.811,-5.874,11.451,2.135,0.000
-9.475,-7.950,4.640,-10.310,10.598,-9.374,7.905,0.902,0.000
-9.829,-7.862,2.621,-10.258,9.193,-11.536,4.300,-0.813,0.000
-9.507,-8.185,0.282,-10.536,7.216,-12.020,1.749,-2.566,0.000
-8.641,-9.220,-1.648,-10.712,4.662,-10.887,0.740,-3.978,0.000
-7.518,-10.691,-2.842,-10.426,2.044,-8.584,0.965,-4.816,0.000
-6.466,-12.010,-3.308,-9.484,0.092,-5.736,1.734,-5.027,0.000
-5.694,-12.691,-3.210,-7.993,-0.716,-2.982,2.571,-4.827,0.000
-5.234,-12.551,-2.710,-6.371,-0.342,-0.943,3.503,-4.715,0.000
-5.008,-11.654,-1.906,-5.135,0.895,-0.091,4.820,-5.232,0.000
-4.945,-10.212,-0.854,-4.603,2.386,-0.522,6.546,-6.591,0.000
-5.045,-8.490,0.391,-4.789,3.287,-1.897,8.161,-8.520,0.000
-5.350,-6.737,1.726,-5.483,2.828,-3.673,8.921,-10.450,0.000
-5.852,-5.176,2.913,-6.330,0.800,-5.370,8.501,-11.743,0.000
-6.437,-4.032,3.542,-6.875,-2.275,-6.683,7.290,-11.782,0.000
-6.902,-3.514,3.266,-6.717,-5.496,-7.489,6.065,-10.159,0.000
-6.975,-3.729,2.248,-5.737,-8.040,-7.836,5.428,-7.031,0.000
-6.317,-4.668,1.348,-4.173,-9.345,-7.903,5.538,-3.244,0.000
-4.672,-6.186,1.600,-2.444,-9.177,-7.901,6.169,0.091,0.000
-2.186,-7.912,3.310,-0.943,-7.744,-7.971,6.847,2.163,0.000
0.468,-9.200,5.655,0.058,-5.694,-8.150,6.959,2.684,0.000
2.444,-9.414,7.273,0.447,-3.788,-8.400,6.008,1.818,0.000
3.298,-8.426,7.237,0.341,-2.479,-8.633,4.011,0.178,0.000
3.207,-6.810,5.499,0.097,-1.769,-8.736,1.624,-1.228,0.000
2.728,-5.431,2.672,0.122,-1.388,-8.633,-0.287,-1.388,0.000
2.398,-4.803,-0.315,0.625,-1.071,-8.392,-1.285,0.131,0.000
2.542,-4.800,-2.424,1.511,-0.712,-8.275,-1.636,2.991,0.000
3.239,-4.890,-2.869,2.522,-0.338,-8.572,-1.936,6.413,0.000
4.305,-4.535,-1.620,3.453,-0.014,-9.317,-2.479,9.590,0.000
5.333,-3.416,0.458,4.251,0.228,-10.156,-2.939,11.868,0.000
5.891,-1.520,2.181,4.997,0.424,-10.531,-2.692,12.862,0.000
5.777,0.705,2.885,5.861,0.720,-9.970,-1.480,12.628,0.000
5.106,2.318,2.760,7.054,1.375,-8.204,0.268,11.661,0.000
4.151,2.366,2.478,8.719,2.618,-5.202,1.750,10.584,0.000
3.128,0.670,2.528,10.729,4.362,-1.301,2.378,9.738,0.000
2.089,-1.871,2.890,12.595,6.082,2.768,2.052,9.013,0.000
0.964,-3.882,3.190,13.697,7.077,6.189,1.057,8.028,0.000
-0.330,-4.467,3.059,13.631,6.871,8.511,-0.133,6.448,0.000
-1.823,-3.626,2.331,12.343,5.385,9.790,-0.991,4.124,0.000
-3.465,-1.978,1.059,10.047,2.875,10.375,-1.127,1.098,0.000
-5.077,-0.322,-0.514,7.179,-0.070,10.577,-0.522,-2.408,0.000
-6.334,0.626,-2.011,4.353,-2.540,10.508,0.413,-6.001,0.000
-6.917,0.426,-3.088,2.138,-3.648,10.146,1.127,-9.226,0.000
-6.790,-0.827,-3.675,0.737,-3.049,9.568,1.358,-11.639,0.000
-6.301,-2.468,-4.050,-0.114,-1.118,9.081,1.299,-12.788,0.000
-5.926,-3.665,-4.607,-0.902,1.370,9.074,1.392,-12.327,0.000
-5.840,-3.986,-5.489,-1.979,3.624,9.711,1.952,-10.282,0.000
-5.733,-3.619,-6.422,-3.402,5.017,10.791,2.993,-7.152,0.000
-5.076,-3.092,-6.938,-5.030,5.193,11.904,4.296,-3.684,0.000
-3.640,-2.840,-6.770,-6.701,4.244,12.678,5.524,-0.656,0.000
-1.734,-2.984,-6.035,-8.332,2.722,12.897,6.292,1.200,0.000
0.061,-3.362,-5.056,-9.889,1.316,12.493,6.269,1.364,0.000
1.360,-3.611,-4.061,-11.241,0.420,11.521,5.320,-0.150,0.000
2.202,-3.234,-3.023,-12.073,-0.034,10.102,3.528,-2.707,0.000
2.926,-1.827,-1.754,-12.009,-0.378,8.375,1.126,-5.405,0.000
3.917,0.544,-0.130,-10.894,-0.879,6.482,-1.500,-7.511,0.000
5.452,3.194,1.780,-8.899,-1.562,4.589,-3.805,-8.622,0.000
7.592,5.207,3.744,-6.403,-2.235,2.872,-5.253,-8.611,0.000
9.977,6.012,5.417,-3.835,-2.556,1.518,-5.600,-7.525,0.000
11.767,5.613,6.369,-1.606,-2.070,0.739,-4.978,-5.490,0.000
12.075,4.418,6.236,-0.009,-0.401,0.687,-3.779,-2.682,0.000
10.704,3.005,4.982,0.924,2.417,1.258,-2.563,0.567,0.000
8.435,1.980,2.976,1.440,5.818,2.018,-2.008,3.680,0.000
6.495,1.774,0.758,1.895,9.015,2.430,-2.695,6.034,0.000
5.730,2.332,-1.294,2.518,11.439,2.193,-4.722,7.274,0.000
6.234,3.037,-3.091,3.316,12.908,1.390,-7.574,7.425,0.000
7.568,3.120,-4.733,4.166,13.573,0.321,-10.433,6.766,0.000
9.104,2.323,-6.305,4.988,13.853,-0.749,-12.569,5.677,0.000
10.240,1.176,-7.742,5.832,14.374,-1.715,-13.495,4.552,0.000
10.587,0.549,-8.864,6.795,15.685,-2.563,-13.018,3.704,0.000
10.189,0.886,-9.457,7.832,17.819,-3.172,-11.365,3.269,0.000
9.556,1.840,-9.306,8.658,20.127,-3.192,-9.185,3.195,0.000
9.320,2.576,-8.254,8.894,21.677,-2.195,-7.219,3.345,0.000
9.735,2.291,-6.307,8.353,21.879,-0.018,-5.869,3.589,0.000
10.460,0.476,-3.661,7.165,20.740,3.086,-5.029,3.856,0.000
10.813,-2.949,-0.624,5.647,18.693,6.606,-4.278,4.123,0.000
10.148,-7.369,2.418,4.124,16.357,9.948,-3.156,4.386,0.000
8.026,-11.399,4.991,2.840,14.404,12.512,-1.312,4.634,0.000
4.325,-13.544,6.652,1.932,13.346,13.830,1.392,4.845,0.000
-0.494,-13.210,7.176,1.439,13.241,13.781,4.687,4.989,0.000
-5.298,-11.088,6.611,1.337,13.633,12.621,7.828,5.024,0.000
-8.774,-8.538,5.219,1.583,13.870,10.822,9.948,4.908,0.000
-10.142,-6.687,3.515,2.136,13.580,8.913,10.587,4.599,0.000
-9.408,-6.013,2.275,2.959,12.864,7.434,9.888,4.063,0.000
-7.113,-6.410,2.243,3.999,12.065,6.803,8.401,3.275,0.000
-4.055,-7.351,3.633,5.123,11.365,7.097,6.868,2.261,0.000
-1.131,-8.039,5.936,6.083,10.575,8.002,6.104,1.110,0.000
0.916,-7.743,8.241,6.582,9.290,9.027,6.736,-0.062,0.000
1.802,-6.228,9.630,6.375,7.221,9.803,8.765,-1.165,0.000
1.758,-3.883,9.351,5.302,4.360,10.201,11.430,-2.143,0.000
1.304,-1.432,7.011,3.351,0.951,10.258,13.625,-2.949,0.000
0.997,0.430,2.978,0.857,-2.518,10.038,14.494,-3.491,0.000
1.330,1.181,-1.491,-1.408,-5.335,9.539,13.649,-3.588,0.000
2.621,0.542,-4.860,-2.540,-6.851,8.717,11.171,-3.033,0.000
4.825,-1.365,-6.188,-1.988,-6.950,7.604,7.694,-1.745,0.000
7.476,-4.001,-5.458,0.275,-6.206,6.372,4.403,0.175,0.000
9.930,-6.657,-3.297,3.862,-5.510,5.239,2.510,2.446,0.000
11.649,-8.720,-0.639,8.009,-5.508,4.292,2.475,4.527,0.000
12.305,-9.767,1.476,11.610,-6.363,3.401,3.724,5.575,0.000
11.829,-9.613,2.259,13.596,-7.851,2.294,5.152,4.820,0.000
10.545,-8.467,1.680,13.524,-9.488,0.678,5.861,2.290,0.000
9.200,-6.966,0.617,11.754,-10.634,-1.703,5.490,-0.902,0.000
8.586,-5.878,0.247,9.111,-10.776,-4.945,4.122,-3.186,0.000
8.931,-5.699,1.118,6.490,-9.979,-8.722,2.081,-3.504,0.000
9.658,-6.503,2.754,4.676,-9.036,-12.163,-0.232,-1.724,0.000
9.785,-8.056,4.154,4.155,-8.954,-14.207,-2.490,1.592,0.000
8.553,-9.929,4.638,4.829,-10.111,-14.157,-4.553,5.469,0.000
5.707,-11.575,4.259,5.950,-11.884,-11.866,-6.470,8.715,0.000
1.445,-12.523,3.553,6.567,-13.103,-7.665,-8.363,10.321,0.000
-3.595,-12.668,3.071,6.160,-12.782,-2.422,-10.270,10.027,0.000
-8.391,-12.346,3.097,4.899,-10.457,2.462,-12.070,8.465,0.000
-11.934,-12.065,3.589,3.333,-6.224,5.554,-13.542,6.639,0.000
-13.801,-12.084,4.128,1.900,-0.886,6.136,-14.460,5.196,0.000
-14.320,-12.226,3.946,0.685,4.041,4.440,-14.624,4.102,0.000
-14.193,-12.058,2.323,-0.493,6.972,1.258,-13.902,2.914,0.000
-13.943,-11.209,-0.756,-1.836,7.213,-2.525,-12.332,1.271,0.000
-13.651,-9.525,-4.343,-3.414,5.300,-6.163,-10.151,-0.829,0.000
-13.121,-7.110,-7.095,-5.132,2.468,-9.135,-7.744,-3.085,0.000
-12.237,-4.430,-8.144,-6.700,-0.033,-11.148,-5.665,-5.023,0.000
-11.169,-2.339,-7.464,-7.642,-1.260,-12.045,-4.660,-6.073,0.000
-10.272,-1.701,-5.650,-7.510,-0.727,-11.758,-5.347,-5.766,0.000
-9.862,-2.756,-3.617,-6.262,1.399,-10.376,-7.570,-4.038,0.000
-10.090,-4.884,-2.428,-4.403,4.298,-8.171,-10.143,-1.316,0.000
-10.933,-7.036,-2.910,-2.708,6.939,-5.522,-11.494,1.748,0.000
-12.156,-8.347,-5.079,-1.843,8.620,-2.867,-10.700,4.611,0.000
-13.317,-8.403,-7.961,-2.210,9.150,-0.704,-7.918,6.954,0.000
-13.947,-7.198,-10.153,-3.894,8.710,0.522,-4.046,8.648,0.000
-13.792,-5.062,-10.618,-6.501,7.675,0.616,-0.267,9.655,0.000
-12.891,-2.567,-9.006,-9.125,6.492,-0.329,2.188,9.931,0.000
-11.454,-0.306,-5.556,-10.752,5.566,-2.037,2.402,9.424,0.000
-9.740,1.318,-1.061,-10.860,5.175,-4.128,0.283,8.160,0.000
-7.986,2.134,3.204,-9.634,5.469,-6.149,-3.311,6.286,0.000
-6.366,2.113,5.977,-7.691,6.440,-7.647,-7.103,4.036,0.000
-4.975,1.285,6.702,-5.715,7.759,-8.229,-10.044,1.726,0.000
-3.846,-0.325,5.748,-4.277,8.704,-7.537,-11.564,-0.236,0.000
-2.976,-2.673,3.979,-3.704,8.494,-5.333,-11.524,-1.464,0.000
-2.337,-5.541,2.182,-3.902,6.880,-1.754,-10.171,-1.773,0.000
-1.877,-8.458,0.794,-4.340,4.370,2.596,-8.040,-1.232,0.000
-1.503,-10.876,-0.093,-4.400,1.846,6.918,-5.729,-0.049,0.000
-1.009,-12.457,-0.655,-3.904,-0.032,10.556,-3.685,1.548,0.000
-0.033,-13.165,-1.232,-3.325,-1.096,13.117,-2.160,3.363,0.000
1.773,-13.150,-2.149,-3.408,-1.550,14.456,-1.254,5.232,0.000
4.415,-12.570,-3.484,-4.499,-1.740,14.666,-0.956,6.943,0.000
7.422,-11.493,-4.998,-6.236,-1.999,14.023,-1.187,8.171,0.000
10.134,-9.930,-6.338,-7.842,-2.552,12.887,-1.817,8.570,0.000
12.153,-7.988,-7.342,-8.620,-3.454,11.669,-2.602,7.968,0.000
13.531,-5.969,-8.179,-8.189,-4.598,10.844,-3.142,6.434,0.000
14.586,-4.246,-9.184,-6.538,-5.840,10.811,-3.039,4.196,0.000
15.572,-3.063,-10.559,-4.142,-7.124,11.620,-2.187,1.575,0.000
16.500,-2.451,-12.237,-1.965,-8.539,12.867,-0.882,-1.039,0.000
17.256,-2.306,-13.985,-1.044,-10.190,13.904,0.400,-3.250,0.000
17.890,-2.505,-15.605,-1.887,-11.954,14.115,1.342,-4.674,0.000
18.765,-2.978,-17.027,-4.251,-13.349,13.026,1.939,-4.907,0.000
20.290,-3.683,-18.251,-7.437,-13.743,10.448,2.354,-3.680,0.000
22.346,-4.492,-19.190,-10.612,-12.720,6.827,2.644,-1.242,0.000
23.999,-5.123,-19.563,-12.960,-10.222,3.355,2.603,1.480,0.000
24.020,-5.252,-18.999,-13.865,-6.532,1.394,1.930,3.320,0.000
21.793,-4.745,-17.278,-13.156,-2.380,1.538,0.599,3.560,0.000
17.720,-3.743,-14.424,-11.145,1.024,3.259,-0.968,2.204,0.000
12.844,-2.531,-10.679,-8.399,2.488,5.426,-2.181,-0.184,0.000
8.326,-1.314,-6.552,-5.538,1.668,7.106,-2.796,-2.639,0.000
5.183,-0.120,-2.839,-3.167,-0.626,7.935,-3.145,-3.897,0.000
4.009,1.123,-0.324,-1.751,-3.043,7.974,-3.849,-2.905,0.000
4.537,2.402,0.685,-1.437,-4.583,7.365,-5.279,0.316,0.000
5.549,3.505,0.515,-2.022,-5.007,6.089,-7.292,4.361,0.000
5.599,4.113,-0.162,-3.107,-4.641,4.023,-9.391,7.307,0.000
4.125,3.981,-0.711,-4.234,-4.027,1.239,-10.998,8.045,0.000
1.895,3.019,-0.706,-4.935,-3.691,-1.829,-11.594,6.837,0.000
0.300,1.313,0.013,-4.819,-3.960,-4.536,-10.870,4.796,0.000
0.164,-0.781,1.287,-3.687,-4.763,-6.280,-8.966,3.051,0.000
1.192,-2.608,2.646,-1.552,-5.605,-6.602,-6.526,2.310,0.000
2.393,-3.492,3.562,1.383,-5.882,-5.280,-4.386,2.787,0.000
2.857,-3.183,3.779,4.622,-5.341,-2.551,-3.163,4.206,0.000
2.163,-2.025,3.431,7.313,-4.263,0.838,-3.107,5.901,0.000
0.393,-0.695,2.855,8.603,-3.180,3.958,-4.144,7.159,0.000
-1.886,0.153,2.288,8.224,-2.419,6.110,-5.854,7.617,0.000
-3.722,0.043,1.730,6.725,-1.882,6.968,-7.500,7.381,0.000
-4.209,-1.245,1.033,5.056,-1.225,6.567,-8.333,6.774,0.000
-3.138,-3.527,0.097,3.989,-0.189,5.399,-8.046,5.951,0.000
-1.205,-6.202,-1.010,3.844,1.219,4.413,-6.937,4.717,0.000
0.531,-8.555,-2.076,4.547,2.853,4.591,-5.600,2.745,0.000
1.482,-10.161,-2.800,5.747,4.667,6.276,-4.493,0.048,0.000
1.901,-11.035,-2.807,6.915,6.866,8.916,-3.725,-2.789,0.000
2.527,-11.447,-1.794,7.541,9.733,11.483,-3.180,-4.925,0.000
3.953,-11.656,0.213,7.354,13.245,13.078,-2.764,-5.829,0.000
6.303,-11.761,2.769,6.371,16.878,13.199,-2.560,-5.510,0.000
9.320,-11.728,5.273,4.774,19.856,11.757,-2.724,-4.347,0.000
12.559,-11.515,7.350,2.802,21.573,9.139,-3.204,-2.816,0.000
15.503,-11.143,8.998,0.698,21.762,6.157,-3.596,-1.338,0.000
17.724,-10.663,10.417,-1.338,20.489,3.668,-3.363,-0.181,0.000
19.039,-10.060,11.692,-3.171,18.212,2.055,-2.248,0.600,0.000
19.516,-9.199,12.612,-4.708,15.757,1.052,-0.463,1.139,0.000
19.325,-7.895,12.795,-5.871,13.979,0.066,1.474,1.663,0.000
18.564,-6.091,11.970,-6.550,13.280,-1.324,2.990,2.400,0.000
17.181,-3.940,10.100,-6.575,13.447,-3.122,3.576,3.549,0.000
15.066,-1.767,7.332,-5.830,13.896,-5.021,2.958,5.231,0.000
12.288,-0.038,3.944,-4.534,14.004,-6.585,1.407,7.351,0.000
9.215,0.630,0.307,-3.363,13.254,-7.363,-0.164,9.552,0.000
6.371,-0.307,-3.180,-3.108,11.351,-7.066,-0.666,11.397,0.000
4.238,-2.897,-6.075,-4.087,8.406,-5.873,0.440,12.660,0.000
3.187,-6.540,-7.843,-5.898,4.979,-4.533,2.851,13.430,0.000
3.389,-10.286,-8.044,-7.743,1.824,-3.960,5.749,13.937,0.000
4.614,-13.196,-6.744,-8.905,-0.423,-4.601,8.229,14.240,0.000
6.168,-14.470,-4.676,-8.980,-1.332,-6.184,9.510,14.063,0.000
7.216,-13.596,-2.852,-7.872,-0.751,-8.030,9.156,13.000,0.000
7.234,-10.660,-1.978,-5.786,1.002,-9.519,7.440,10.938,0.000
6.179,-6.414,-2.220,-3.166,3.086,-10.318,5.441,8.263,0.000
4.325,-1.890,-3.317,-0.517,4.515,-10.374,4.470,5.634,0.000
2.036,2.048,-4.750,1.743,4.701,-9.846,5.225,3.633,0.000
-0.349,4.850,-5.858,3.303,3.652,-9.017,7.451,2.614,0.000
-2.572,6.256,-6.053,3.957,1.773,-8.154,10.306,2.651,0.000
-4.430,6.267,-5.112,3.639,-0.397,-7.359,12.878,3.442,0.000
-5.710,5.049,-3.241,2.422,-2.321,-6.524,14.438,4.307,0.000
-6.228,2.845,-0.871,0.516,-3.588,-5.450,14.592,4.476,0.000
-5.939,-0.020,1.564,-1.583,-4.032,-4.033,13.491,3.486,0.000
-4.982,-3.106,3.719,-3.015,-3.727,-2.349,11.839,1.314,0.000
-3.581,-5.915,5.335,-2.869,-2.903,-0.601,10.490,-1.739,0.000
-1.947,-7.930,6.187,-0.727,-1.910,0.935,9.897,-5.127,0.000
-0.222,-8.588,6.007,3.143,-1.213,1.930,9.902,-8.103,0.000
1.510,-7.452,4.614,8.032,-1.223,2.094,10.003,-9.935,0.000
3.163,-4.610,2.239,13.057,-2.007,1.329,9.779,-10.196,0.000
4.597,-0.823,-0.323,17.276,-3.175,-0.217,9.111,-8.839,0.000
5.631,2.815,-2.090,19.927,-4.135,-2.209,8.126,-6.080,0.000
6.069,5.307,-2.499,20.774,-4.450,-4.081,7.096,-2.372,0.000
5.712,5.898,-1.659,20.174,-4.006,-5.014,6.353,1.620,0.000
4.480,4.206,-0.159,18.797,-2.955,-4.240,6.168,5.188,0.000
2.711,0.533,1.157,17.311,-1.675,-1.610,6.595,7.731,0.000
1.288,-4.064,1.305,16.262,-0.708,2.196,7.425,8.762,0.000
1.215,-8.248,-0.478,15.999,-0.539,6.100,8.292,7.987,0.000
2.883,-11.021,-4.139,16.583,-1.225,9.228,8.776,5.550,0.000
5.772,-11.924,-8.599,17.793,-2.270,11.151,8.426,2.105,0.000
8.871,-10.978,-12.361,19.239,-2.936,11.824,6.920,-1.461,0.000
11.283,-8.666,-14.374,20.433,-2.722,11.448,4.390,-4.360,0.000
12.506,-5.874,-14.376,20.785,-1.559,10.341,1.544,-6.008,0.000
12.437,-3.533,-12.730,19.768,0.286,8.806,-0.696,-6.141,0.000
11.348,-2.177,-10.232,17.228,2.338,7.068,-1.729,-5.075,0.000
9.805,-1.804,-7.968,13.485,3.988,5.288,-1.492,-3.775,0.000
8.422,-2.083,-6.921,9.120,4.715,3.606,-0.292,-3.354,0.000
7.617,-2.618,-7.432,4.781,4.390,2.219,1.413,-4.316,0.000
7.542,-3.087,-9.044,1.097,3.368,1.430,3.149,-6.249,0.000
8.124,-3.283,-10.894,-1.448,2.210,1.501,4.529,-8.250,0.000
9.036,-3.103,-12.219,-2.716,1.303,2.350,5.309,-9.566,0.000
9.705,-2.507,-12.575,-2.941,0.684,3.416,5.363,-9.907,0.000
9.532,-1.498,-11.828,-2.544,0.159,3.972,4.658,-9.391,0.000
8.242,-0.164,-10.133,-1.945,-0.496,3.608,3.325,-8.423,0.000
6.015,1.296,-7.859,-1.478,-1.408,2.439,1.681,-7.576,0.000
3.296,2.646,-5.416,-1.318,-2.562,0.914,0.126,-7.337,0.000
0.568,3.705,-3.104,-1.357,-3.732,-0.481,-0.984,-7.757,0.000
-1.748,4.391,-1.070,-1.175,-4.463,-1.374,-1.373,-8.337,0.000
-3.379,4.727,0.643,-0.291,-4.287,-1.595,-0.915,-8.387,0.000
-4.298,4.884,2.042,1.428,-3.084,-1.303,0.200,-7.585,0.000
-4.719,5.190,3.132,3.594,-1.212,-0.995,1.409,-6.212,0.000
-4.928,5.959,3.891,5.563,0.731,-1.199,2.033,-4.849,0.000
-5.056,7.197,4.255,6.838,2.261,-1.997,1.660,-3.844,0.000
-4.978,8.475,4.102,7.252,3.155,-2.831,0.292,-3.062,0.000
-4.440,9.197,3.317,6.913,3.423,-2.907,-1.785,-2.094,0.000
-3.290,9.038,1.921,6.113,3.257,-1.894,-4.131,-0.682,0.000
-1.577,8.132,0.129,5.258,2.966,-0.241,-6.235,1.055,0.000
0.509,6.904,-1.749,4.724,2.840,1.179,-7.649,2.764,0.000
2.731,5.822,-3.406,4.694,2.980,1.656,-8.165,4.138,0.000
4.850,5.269,-4.579,5.125,3.237,0.928,-7.836,5.073,0.000
6.670,5.437,-5.110,5.829,3.321,-0.868,-6.835,5.661,0.000
8.065,6.167,-5.068,6.556,2.927,-3.258,-5.285,6.162,0.000
8.954,6.916,-4.775,7.020,1.795,-5.511,-3.181,6.955,0.000
9.293,7.047,-4.608,6.972,-0.177,-6.932,-0.483,8.335,0.000
9.092,6.274,-4.685,6.296,-2.661,-7.247,2.617,10.166,0.000
8.412,4.836,-4.736,5.042,-4.795,-6.718,5.557,11.736,0.000
7.331,3.261,-4.312,3.409,-5.609,-5.878,7.633,12.130,0.000
5.920,2.024,-3.164,1.822,-4.754,-5.177,8.371,10.817,0.000
4.233,1.383,-1.420,0.972,-2.796,-4.825,7.680,7.896,0.000
2.299,1.385,0.534,1.541,-0.791,-4.861,5.794,3.913,0.000
0.144,1.889,2.216,3.700,0.336,-5.300,3.275,-0.311,0.000
-2.178,2.624,3.124,6.921,0.076,-6.238,0.994,-3.768,0.000
-4.510,3.336,2.880,10.331,-1.642,-7.755,-0.208,-5.570,0.000
-6.388,3.975,1.437,13.199,-4.417,-9.624,-0.036,-5.384,0.000
-6.928,4.760,-0.859,15.151,-7.423,-11.161,1.081,-3.549,0.000
-5.253,6.006,-3.463,16.116,-9.784,-11.533,2.344,-0.779,0.000
-1.323,7.817,-5.815,16.221,-11.061,-10.303,3.069,2.146,0.000
3.719,9.949,-7.406,15.683,-11.411,-7.653,2.915,4.516,0.000
8.196,11.967,-7.865,14.718,-11.313,-4.185,1.870,5.806,0.000
10.862,13.485,-7.141,13.532,-11.177,-0.674,0.248,5.832,0.000
11.317,14.268,-5.527,12.347,-11.154,2.051,-1.361,4.752,0.000
9.860,14.258,-3.513,11.355,-11.169,3.365,-2.352,2.918,0.000
7.321,13.634,-1.645,10.633,-11.040,3.255,-2.467,0.792,0.000
4.897,12.801,-0.482,10.112,-10.553,2.431,-1.906,-1.093,0.000
3.663,12.165,-0.425,9.634,-9.552,1.881,-1.111,-2.254,0.000
3.902,11.796,-1.394,9.026,-8.065,2.227,-0.465,-2.449,0.000
4.891,11.292,-2.714,8.140,-6.331,3.461,-0.148,-1.717,0.000
5.518,10.078,-3.480,6.920,-4.676,5.147,-0.163,-0.287,0.000
5.220,7.945,-3.083,5.531,-3.343,6.729,-0.389,1.500,0.000
4.407,5.286,-1.435,4.411,-2.434,7.699,-0.642,3.215,0.000
3.995,2.831,1.154,4.040,-1.936,7.755,-0.754,4.476,0.000
4.563,1.213,4.086,4.531,-1.753,7.024,-0.661,5.114,0.000
5.938,0.773,6.555,5.473,-1.742,6.103,-0.429,5.222,0.000
7.455,1.539,7.857,6.243,-1.774,5.724,-0.188,5.031,0.000
8.432,3.166,7.862,6.523,-1.808,6.251,-0.057,4.766,0.000
8.432,4.958,7.165,6.531,-1.915,7.477,-0.108,4.565,0.000
7.323,6.157,6.648,6.791,-2.178,8.870,-0.372,4.458,0.000
5.320,6.338,6.827,7.697,-2.502,9.939,-0.830,4.338,0.000
2.950,5.532,7.564,9.298,-2.527,10.417,-1.425,3.951,0.000
0.808,4.085,8.335,11.325,-1.811,10.270,-2.064,3.022,0.000
-0.688,2.502,8.692,13.224,-0.170,9.705,-2.597,1.448,0.000
-1.367,1.378,8.510,14.191,2.167,9.130,-2.793,-0.626,0.000
-1.268,1.218,7.915,13.476,4.703,8.975,-2.413,-2.893,0.000
-0.637,2.173,7.111,10.882,6.828,9.464,-1.359,-4.963,0.000
0.077,3.962,6.257,6.938,7.894,10.532,0.281,-6.392,0.000
0.402,6.048,5.404,2.543,7.479,11.931,2.286,-6.846,0.000
0.069,7.812,4.457,-1.454,5.884,13.323,4.337,-6.386,0.000
-0.901,8.616,3.183,-4.429,4.323,14.329,6.020,-5.578,0.000
-2.306,8.009,1.379,-6.027,4.278,14.649,6.956,-5.188,0.000
-3.873,6.137,-0.845,-6.223,6.461,14.277,6.998,-5.741,0.000
-5.318,3.873,-2.941,-5.282,10.384,13.557,6.287,-7.333,0.000
-6.408,2.336,-4.226,-3.639,14.857,12.982,5.118,-9.698,0.000
-7.014,2.136,-4.403,-1.907,18.713,12.881,3.782,-12.237,0.000
-7.102,3.075,-3.775,-0.904,21.150,13.291,2.497,-14.054,0.000
-6.689,4.486,-2.992,-1.389,21.841,13.996,1.398,-14.323,0.000
-5.818,5.780,-2.686,-3.577,21.059,14.566,0.548,-12.906,0.000
-4.551,6.726,-3.287,-6.958,19.628,14.378,-0.020,-10.566,0.000
-2.987,7.395,-4.924,-10.626,18.470,12.868,-0.323,-8.475,0.000
-1.376,7.986,-7.239,-13.675,18.021,9.964,-0.511,-7.481,0.000
-0.178,8.678,-9.334,-15.368,18.004,6.244,-0.905,-7.803,0.000
0.135,9.529,-10.193,-15.301,17.763,2.608,-1.818,-9.175,0.000
-0.566,10.340,-9.310,-13.712,16.764,-0.166,-3.230,-11.079,0.000
-1.927,10.624,-6.925,-11.544,14.840,-1.590,-4.638,-12.907,0.000
-3.346,9.889,-3.718,-9.951,12.137,-1.513,-5.343,-14.165,0.000
-4.321,8.153,-0.412,-9.571,9.036,-0.240,-4.938,-14.723,0.000
-4.600,6.150,2.412,-10.244,6.079,1.473,-3.517,-14.853,0.000
-4.149,4.908,4.387,-11.319,3.751,2.769,-1.527,-14.979,0.000
-3.088,5.075,5.386,-12.090,2.179,3.149,0.425,-15.298,0.000
-1.622,6.626,5.455,-12.030,1.044,2.641,1.676,-15.617,0.000
0.057,9.056,4.733,-10.889,-0.169,1.585,1.756,-15.549,0.000
1.856,11.618,3.428,-8.839,-1.805,0.324,0.797,-14.856,0.000
3.787,13.461,1.825,-6.479,-3.865,-0.951,-0.332,-13.617,0.000
5.890,13.879,0.238,-4.512,-6.083,-2.184,-0.515,-12.087,0.000
8.081,12.652,-1.016,-3.328,-8.023,-3.335,0.853,-10.452,0.000
10.073,10.128,-1.609,-2.844,-9.127,-4.289,3.553,-8.705,0.000
11.501,6.962,-1.306,-2.696,-8.919,-4.897,6.849,-6.739,0.000
12.134,3.869,-0.202,-2.501,-7.337,-5.103,9.920,-4.594,0.000
11.959,1.521,1.194,-2.002,-4.844,-5.006,12.079,-2.600,0.000
11.126,0.393,2.249,-1.102,-2.181,-4.813,12.929,-1.209,0.000
9.923,0.485,2.668,0.089,-0.075,-4.773,12.569,-0.684,0.000
8.742,1.259,2.678,1.267,0.870,-5.149,11.617,-0.952,0.000
7.936,1.969,2.780,2.067,0.281,-6.111,10.837,-1.670,0.000
7.609,2.131,3.317,2.223,-1.744,-7.549,10.625,-2.271,0.000
7.543,1.715,4.260,1.612,-4.591,-8.994,10.810,-1.999,0.000
7.343,1.017,5.301,0.239,-7.435,-9.841,10.911,-0.221,0.000
6.643,0.468,6.013,-1.750,-9.624,-9.675,10.561,3.004,0.000
5.192,0.524,5.949,-4.061,-10.802,-8.403,9.718,6.714,0.000
2.920,1.491,4.808,-6.354,-10.874,-6.222,8.579,9.580,0.000
0.096,3.247,2.723,-8.325,-9.954,-3.664,7.419,10.718,0.000
-2.608,5.160,0.351,-9.721,-8.294,-1.602,6.488,10.022,0.000
-4.411,6.435,-1.482,-10.359,-6.187,-0.903,5.942,7.966,0.000
-4.870,6.653,-2.315,-10.197,-3.929,-1.863,5.775,5.367,0.000
-4.040,5.987,-2.257,-9.331,-1.827,-3.997,5.820,3.223,0.000
-2.332,4.968,-1.781,-7.923,-0.151,-6.403,5.864,2.400,0.000
-0.394,4.139,-1.415,-6.152,0.957,-8.228,5.788,3.193,0.000
0.964,3.880,-1.581,-4.196,1.500,-8.872,5.624,5.217,0.000
1.026,4.334,-2.511,-2.233,1.554,-8.073,5.476,7.731,0.000
-0.433,5.321,-4.140,-0.480,1.200,-6.044,5.392,10.004,0.000
-3.021,6.332,-6.095,0.754,0.473,-3.476,5.304,11.472,0.000
-6.024,6.801,-7.911,1.169,-0.606,-1.193,5.097,11.840,0.000
-8.749,6.478,-9.282,0.679,-1.934,0.293,4.778,11.257,0.000
-10.671,5.576,-10.151,-0.516,-3.264,0.938,4.543,10.346,0.000
-11.509,4.541,-10.630,-2.059,-4.261,1.003,4.632,9.856,0.000
-11.366,3.716,-10.883,-3.588,-4.576,0.842,5.041,10.170,0.000
-10.728,3.174,-11.054,-4.803,-3.868,0.777,5.382,11.111,0.000
-10.164,2.779,-11.234,-5.526,-1.979,1.015,5.126,12.184,0.000
-9.896,2.305,-11.447,-5.787,0.669,1.573,4.033,12.966,0.000
-9.622,1.522,-11.664,-5.837,2.894,2.267,2.350,13.290,0.000
-8.799,0.332,-11.847,-5.999,3.334,2.831,0.619,13.228,0.000
-7.134,-1.000,-12.013,-6.471,1.402,3.051,-0.621,13.018,0.000
-4.819,-1.751,-12.265,-7.249,-2.319,2.817,-0.970,13.002,0.000
-2.376,-1.141,-12.702,-8.212,-6.594,2.146,-0.263,13.470,0.000
-0.415,0.951,-13.257,-9.249,-10.266,1.268,1.279,14.440,0.000
0.475,3.698,-13.620,-10.328,-12.606,0.656,3.016,15.580,0.000
-0.095,5.840,-13.379,-11.456,-13.370,0.815,4.196,16.407,0.000
-2.014,6.516,-12.286,-12.564,-12.843,1.916,4.400,16.565,0.000
-4.582,5.630,-10.356,-13.433,-11.766,3.653,3.700,15.934,0.000
-6.875,3.668,-7.807,-13.779,-10.937,5.412,2.479,14.572,0.000
-8.223,1.455,-5.015,-13.404,-10.705,6.487,1.198,12.648,0.000
-8.388,-0.011,-2.493,-12.260,-10.794,6.156,0.273,10.397,0.000
-7.461,0.098,-0.734,-10.449,-10.644,3.928,-0.019,8.058,0.000
-5.731,1.948,0.011,-8.278,-9.969,0.024,0.340,5.889,0.000
-3.581,4.902,-0.225,-6.280,-9.015,-4.446,1.093,4.193,0.000
-1.356,7.950,-1.218,-5.002,-8.277,-8.014,1.838,3.250,0.000
0.749,10.271,-2.638,-4.683,-7.981,-9.596,2.142,3.172,0.000
2.691,11.458,-4.091,-5.133,-7.816,-8.775,1.584,3.856,0.000
4.485,11.478,-5.199,-5.912,-7.194,-5.739,-0.112,5.060,0.000
6.031,10.628,-5.671,-6.530,-5.758,-1.329,-2.767,6.467,0.000
7.030,9.451,-5.303,-6.558,-3.628,2.993,-5.632,7.707,0.000
7.132,8.473,-3.988,-5.741,-1.239,5.724,-7.744,8.455,0.000
6.235,7.849,-1.815,-4.218,0.939,6.151,-8.473,8.566,0.000
4.612,7.243,0.900,-2.582,2.552,4.630,-7.728,8.103,0.000
2.738,6.142,3.702,-1.557,3.439,2.130,-5.819,7.231,0.000
1.043,4.378,6.056,-1.505,3.705,-0.340,-3.319,6.085,0.000
-0.192,2.373,7.339,-2.227,3.716,-2.010,-0.959,4.714,0.000
-0.861,0.868,7.045,-3.190,3.924,-2.469,0.612,3.147,0.000
-1.048,0.466,5.188,-3.859,4.649,-1.797,1.147,1.571,0.000
-1.008,1.418,2.450,-3.856,6.015,-0.534,0.884,0.434,0.000
-1.043,3.616,-0.204,-3.012,7.945,0.669,0.287,0.232,0.000
-1.352,6.508,-2.058,-1.436,10.085,1.525,-0.302,1.099,0.000
-1.994,9.095,-2.860,0.507,11.775,2.283,-0.830,2.641,0.000
-2.924,10.335,-2.694,2.396,12.324,3.432,-1.476,4.205,0.000
-4.044,9.748,-1.780,4.004,11.461,5.176,-2.538,5.314,0.000
-5.226,7.612,-0.332,5.381,9.507,7.174,-4.358,5.848,0.000
-6.352,4.621,1.461,6.734,7.102,8.740,-7.133,5.938,0.000
-7.346,1.433,3.300,8.217,4.840,9.175,-10.548,5.746,0.000
-8.176,-1.548,4.681,9.820,3.100,7.911,-13.616,5.323,0.000
-8.862,-4.121,5.070,11.402,2.055,4.691,-15.159,4.641,0.000
-9.507,-6.105,4.274,12.740,1.733,-0.059,-14.584,3.726,0.000
-10.308,-7.176,2.588,13.563,2.096,-5.107,-12.194,2.757,0.000
-11.426,-6.979,0.591,13.686,3.093,-9.016,-8.867,1.985,0.000
-12.722,-5.425,-1.129,13.266,4.623,-11.034,-5.656,1.599,0.000
-13.637,-2.833,-2.106,12.900,6.511,-11.430,-3.594,1.660,0.000
-13.486,0.213,-2.152,13.276,8.536,-11.042,-3.405,2.119,0.000
-11.965,3.010,-1.646,14.600,10.444,-10.585,-5.069,2.841,0.000
-9.371,4.792,-1.631,16.342,11.936,-10.300,-7.704,3.643,0.000
-6.372,4.989,-3.251,17.605,12.728,-10.074,-10.088,4.374,0.000
-3.721,3.697,-6.811,17.733,12.626,-9.777,-11.340,5.049,0.000
-2.122,1.836,-11.379,16.577,11.550,-9.484,-11.191,5.890,0.000
-2.029,0.597,-15.384,14.405,9.563,-9.398,-9.854,7.146,0.000
-3.312,0.598,-17.509,11.788,7.060,-9.607,-7.856,8.780,0.000
-5.156,1.529,-17.069,9.488,4.842,-9.942,-5.915,10.316,0.000
-6.481,2.569,-14.038,8.122,3.761,-10.064,-4.681,11.110,0.000
-6.517,3.066,-9.160,7.622,4.109,-9.630,-4.409,10.800,0.000
-5.022,2.888,-3.915,7.055,5.382,-8.379,-4.869,9.505,0.000
-2.190,2.315,0.117,5.250,6.676,-6.229,-5.565,7.654,0.000
1.392,1.809,2.111,1.859,7.294,-3.474,-5.998,5.768,0.000
4.808,1.859,2.281,-2.165,7.021,-0.858,-5.780,4.335,0.000
7.181,2.792,1.459,-5.244,6.005,0.754,-4.705,3.684,0.000
8.209,4.517,0.543,-6.259,4.519,0.875,-2.881,3.804,0.000
8.332,6.448,0.210,-5.055,2.800,-0.423,-0.760,4.313,0.000
8.326,7.841,0.803,-2.236,1.018,-2.691,1.081,4.698,0.000
8.687,8.268,2.218,1.109,-0.655,-5.287,2.204,4.657,0.000
9.339,7.801,3.915,3.600,-1.951,-7.480,2.407,4.225,0.000
9.854,6.796,5.223,4.031,-2.555,-8.674,1.711,3.609,0.000
9.865,5.572,5.715,2.022,-2.216,-8.722,0.397,2.902,0.000
9.283,4.237,5.345,-1.801,-0.797,-8.019,-0.994,1.928,0.000
8.276,2.731,4.328,-6.311,1.643,-7.210,-1.865,0.411,0.000
7.209,0.982,3.006,-10.492,4.591,-6.809,-1.843,-1.672,0.000
6.581,-0.998,1.764,-13.692,6.971,-7.043,-0.862,-3.905,0.000
6.821,-3.118,0.898,-15.626,7.640,-7.899,0.892,-5.661,0.000
7.981,-5.250,0.429,-16.354,6.238,-9.206,2.991,-6.481,0.000
9.632,-7.243,0.060,-16.183,3.517,-10.706,4.783,-6.247,0.000
11.129,-8.945,-0.605,-15.473,0.781,-12.155,5.686,-5.158,0.000
11.988,-10.195,-1.695,-14.484,-0.967,-13.403,5.681,-3.758,0.000
12.034,-10.790,-2.916,-13.319,-1.416,-14.398,5.505,-2.912,0.000
11.346,-10.591,-3.783,-11.936,-0.804,-15.126,6.195,-3.418,0.000
10.178,-9.762,-4.024,-10.173,0.326,-15.511,8.364,-5.337,0.000
8.904,-8.879,-3.768,-7.764,1.317,-15.357,11.888,-7.739,0.000
7.869,-8.651,-3.361,-4.520,1.691,-14.446,16.116,-9.267,0.000
7.227,-9.478,-3.043,-0.703,1.525,-12.738,20.163,-8.993,0.000
6.895,-11.254,-2.773,2.809,1.569,-10.463,23.043,-6.789,0.000
6.638,-13.521,-2.318,4.983,2.731,-7.989,23.956,-3.175,0.000
6.168,-15.633,-1.436,5.415,5.203,-5.669,22.690,0.831,0.000
5.186,-16.844,0.012,4.648,8.095,-3.771,19.716,3.816,0.000
3.479,-16.554,1.996,3.712,10.014,-2.430,15.835,4.502,0.000
1.119,-14.719,4.194,3.390,10.025,-1.567,11.798,2.550,0.000
-1.471,-11.975,5.947,3.862,8.074,-0.879,8.149,-1.177,0.000
-3.731,-9.193,6.572,4.835,4.763,-0.035,5.211,-5.214,0.000
-5.265,-6.841,5.894,5.790,1.027,1.035,3.121,-8.308,0.000
-5.956,-4.710,4.449,6.148,-2.063,2.007,1.911,-9.747,0.000
-5.896,-2.247,3.101,5.487,-3.641,2.396,1.552,-9.387,0.000
-5.303,0.827,2.474,3.832,-3.513,1.936,1.918,-7.691,0.000
-4.448,4.193,2.696,1.724,-2.256,0.764,2.767,-5.668,0.000
-3.559,7.180,3.544,-0.097,-0.766,-0.706,3.820,-4.398,0.000
-2.713,9.208,4.695,-1.134,0.359,-1.932,4.863,-4.397,0.000
-1.822,10.011,5.889,-1.294,1.082,-2.322,5.773,-5.399,0.000
-0.750,9.657,6.969,-0.737,1.715,-1.429,6.512,-6.673,0.000
0.469,8.616,7.858,0.364,2.527,0.718,7.097,-7.468,0.000
1.531,7.734,8.505,1.962,3.527,3.508,7.579,-7.208,0.000
2.026,7.814,8.878,4.035,4.488,6.112,8.004,-5.601,0.000
1.732,8.945,9.020,6.287,5.046,7.987,8.384,-2.800,0.000
0.745,10.247,9.078,7.968,4.764,9.078,8.681,0.575,0.000
-0.613,10.476,9.224,8.207,3.300,9.640,8.860,3.744,0.000
-1.893,9.026,9.502,6.618,0.701,9.933,8.975,6.118,0.000
-2.566,6.370,9.761,3.554,-2.485,10.051,9.210,7.427,0.000
-2.206,3.583,9.767,-0.168,-5.468,9.943,9.787,7.689,0.000
-0.783,1.569,9.391,-3.627,-7.525,9.547,10.783,7.238,0.000
1.237,0.687,8.704,-5.958,-8.099,8.877,12.057,6.695,0.000
3.170,0.837,7.910,-6.558,-6.920,8.023,13.323,6.672,0.000
4.501,1.682,7.249,-5.398,-4.290,7.136,14.241,7.307,0.000
5.030,2.832,6.944,-3.088,-1.166,6.403,14.449,8.086,0.000
4.793,3.981,7.104,-0.493,1.270,5.968,13.683,8.227,0.000
3.926,4.991,7.547,1.729,2.202,5.789,12.013,7.309,0.000
2.567,5.869,7.735,3.304,1.400,5.592,9.919,5.552,0.000
0.802,6.645,7.039,4.236,-0.890,5.056,8.060,3.603,0.000
-1.315,7.195,5.171,4.622,-4.013,4.113,6.944,2.198,0.000
-3.735,7.157,2.366,4.510,-6.968,3.088,6.812,1.993,0.000
-6.337,6.146,-0.833,3.889,-8.796,2.442,7.624,3.353,0.000
-8.753,4.182,-3.834,2.757,-9.123,2.349,8.981,5.984,0.000
-10.276,1.873,-6.113,1.182,-8.342,2.490,10.117,8.818,0.000
-10.169,0.086,-7.293,-0.688,-7.258,2.303,10.254,10.573,0.000
-8.247,-0.577,-7.221,-2.545,-6.612,1.419,9.165,10.586,0.000
-5.104,0.010,-5.953,-3.891,-6.868,-0.124,7.392,9.149,0.000
-1.755,1.590,-3.686,-4.211,-8.138,-1.991,5.829,7.126,0.000
0.845,3.639,-0.829,-3.296,-10.050,-3.710,5.094,5.407,0.000
2.009,5.451,1.958,-1.347,-11.730,-4.765,5.236,4.641,0.000
1.461,6.385,3.945,1.175,-12.196,-4.775,5.859,5.136,0.000
-0.375,6.207,4.575,3.702,-10.948,-3.760,6.305,6.755,0.000
-2.311,5.191,3.534,5.620,-8.172,-2.224,5.775,8.937,0.000
-2.981,3.891,0.790,6.441,-4.488,-0.842,3.657,10.958,0.000
-1.711,2.881,-3.199,6.074,-0.648,-0.015,0.072,12.212,0.000
1.143,2.640,-7.409,4.894,2.605,0.311,-3.924,12.279,0.000
4.645,3.445,-10.676,3.463,4.710,0.469,-6.929,10.965,0.000
7.938,5.160,-12.313,2.160,5.505,0.786,-8.065,8.443,0.000
10.545,7.182,-12.326,1.015,5.255,1.435,-7.333,5.282,0.000
12.302,8.752,-11.216,-0.129,4.472,2.412,-5.375,2.207,0.000
13.114,9.380,-9.771,-1.301,3.754,3.529,-3.179,-0.185,0.000
12.750,9.003,-8.939,-2.227,3.738,4.440,-1.910,-1.524,0.000
10.939,7.848,-9.462,-2.531,4.905,4.792,-2.514,-1.704,0.000
7.730,6.227,-11.284,-2.153,7.233,4.439,-5.127,-1.028,0.000
3.666,4.419,-13.345,-1.549,10.078,3.516,-8.895,-0.231,0.000
-0.444,2.618,-14.217,-1.393,12.518,2.309,-12.542,-0.129,0.000
-3.844,0.926,-13.100,-2.035,13.845,1.092,-15.149,-1.085,0.000
-5.948,-0.609,-10.235,-3.260,13.751,0.055,-16.471,-2.806,0.000
-6.449,-1.962,-6.527,-4.532,12.287,-0.729,-16.748,-4.630,0.000
-5.515,-3.112,-2.996,-5.429,9.863,-1.342,-16.375,-5.951,0.000
-3.824,-4.022,-0.496,-5.858,7.199,-2.019,-15.697,-6.421,0.000
-2.223,-4.650,0.465,-5.964,5.026,-3.011,-14.942,-5.964,0.000
-1.304,-4.957,-0.054,-5.910,3.683,-4.371,-14.269,-4.807,0.000
-1.242,-4.905,-1.431,-5.735,2.993,-5.866,-13.836,-3.437,0.000
-1.901,-4.484,-2.842,-5.358,2.496,-7.142,-13.780,-2.381,0.000
-2.932,-3.796,-3.713,-4.650,1.786,-7.995,-14.112,-1.929,0.000
-3.860,-3.094,-3.877,-3.497,0.680,-8.482,-14.655,-2.043,0.000
-4.238,-2.694,-3.440,-1.862,-0.793,-8.835,-15.078,-2.521,0.000
-3.855,-2.850,-2.582,0.095,-2.409,-9.292,-14.909,-3.222,0.000
-2.783,-3.707,-1.430,1.972,-3.781,-10.014,-13.522,-4.187,0.000
-1.287,-5.271,-0.073,3.318,-4.512,-11.041,-10.424,-5.530,0.000
0.253,-7.293,1.308,3.916,-4.392,-12.229,-5.821,-7.188,0.000
1.370,-9.216,2.350,3.893,-3.459,-13.236,-0.864,-8.781,0.000
1.653,-10.380,2.665,3.587,-1.913,-13.701,2.930,-9.799,0.000
0.993,-10.304,2.142,3.378,-0.058,-13.514,4.538,-9.928,0.000
-0.347,-8.783,1.077,3.598,1.730,-12.925,3.779,-9.192,0.000
-1.905,-5.929,-0.064,4.438,3.082,-12.314,1.123,-7.862,0.000
-3.245,-2.391,-1.031,5.786,3.734,-11.829,-2.479,-6.336,0.000
-4.043,0.563,-1.967,7.176,3.528,-11.210,-5.731,-5.082,0.000
-4.120,1.615,-3.233,8.059,2.387,-9.990,-7.444,-4.466,0.000
-3.507,0.350,-5.072,8.221,0.332,-7.876,-7.145,-4.528,0.000
-2.426,-2.376,-7.429,7.948,-2.519,-4.936,-5.264,-4.908,0.000
-1.179,-5.058,-10.024,7.792,-5.938,-1.533,-2.700,-5.105,0.000
-0.027,-6.455,-12.470,8.186,-9.430,1.727,-0.297,-4.858,0.000
0.849,-6.009,-14.330,9.268,-12.138,4.022,1.398,-4.315,0.000
1.366,-3.827,-15.240,10.927,-13.207,4.612,2.155,-3.846,0.000
1.586,-0.692,-15.069,12.888,-12.437,3.329,2.064,-3.728,0.000
1.723,2.015,-13.951,14.773,-10.535,0.740,1.468,-3.986,0.000
2.016,2.923,-12.187,16.227,-8.627,-2.219,0.800,-4.447,0.000
2.539,1.564,-10.207,17.061,-7.509,-4.714,0.443,-4.843,0.000
3.117,-1.312,-8.561,17.264,-7.316,-6.207,0.703,-4.873,0.000
3.456,-4.340,-7.769,16.924,-7.681,-6.479,1.734,-4.306,0.000
3.344,-6.379,-8.090,16.127,-8.025,-5.661,3.359,-3.129,0.000
2.741,-6.890,-9.445,14.908,-7.737,-4.186,4.994,-1.588,0.000
1.728,-5.895,-11.504,13.267,-6.383,-2.581,5.921,-0.051,0.000
0.412,-3.915,-13.702,11.261,-3.994,-1.254,5.696,1.151,0.000
-1.126,-1.869,-15.238,9.048,-1.139,-0.441,4.311,1.780,0.000
-2.808,-0.663,-15.376,6.846,1.393,-0.235,2.089,1.746,0.000
-4.456,-0.655,-13.943,4.879,3.019,-0.610,-0.397,1.227,0.000
-5.717,-1.482,-11.511,3.369,3.512,-1.460,-2.369,0.705,0.000
-6.193,-2.404,-9.049,2.479,2.919,-2.639,-3.073,0.689,0.000
-5.704,-2.795,-7.465,2.212,1.467,-3.951,-2.111,1.249,0.000
-4.384,-2.360,-7.422,2.388,-0.504,-5.125,0.484,1.830,0.000
-2.595,-1.113,-9.238,2.746,-2.616,-5.896,4.343,1.627,0.000
-0.861,0.672,-12.663,3.074,-4.412,-6.123,8.751,0.250,0.000
0.164,2.519,-16.849,3.270,-5.300,-5.831,12.636,-1.985,0.000
-0.089,3.957,-20.708,3.342,-4.731,-5.189,14.946,-4.344,0.000
-1.732,4.765,-23.343,3.425,-2.566,-4.540,15.246,-6.135,0.000
-4.290,5.045,-24.172,3.770,0.785,-4.416,13.917,-6.933,0.000
-6.970,5.097,-22.988,4.598,4.607,-5.323,11.804,-6.643,0.000
-8.972,5.256,-20.162,5.810,8.140,-7.366,9.762,-5.579,0.000
-9.609,5.825,-16.687,6.875,10.690,-10.098,8.455,-4.452,0.000
-8.483,6.978,-13.707,7.123,11.785,-12.774,8.211,-4.006,0.000
-5.836,8.605,-11.870,6.251,11.432,-14.670,8.822,-4.518,0.000
-2.667,10.250,-11.089,4.535,10.169,-15.214,9.509,-5.600,0.000
-0.257,11.349,-10.844,2.589,8.716,-14.075,9.340,-6.549,0.000
0.493,11.569,-10.633,1.012,7.487,-11.367,7.844,-6.874,0.000
-0.703,10.942,-10.215,0.215,6.389,-7.672,5.244,-6.540,0.000
-3.611,9.763,-9.562,0.370,5.037,-3.749,2.179,-5.852,0.000
-7.536,8.469,-8.686,1.334,3.135,-0.172,-0.673,-5.253,0.000
-11.379,7.579,-7.508,2.663,0.674,2.786,-2.778,-5.208,0.000
-13.987,7.524,-5.899,3.846,-2.093,5.097,-3.839,-6.040,0.000
-14.581,8.394,-3.838,4.587,-4.690,6.886,-3.906,-7.683,0.000
-12.860,9.863,-1.505,4.914,-6.445,8.340,-3.372,-9.618,0.000
-8.951,11.386,0.812,5.058,-6.702,9.579,-2.747,-11.167,0.000
-3.570,12.445,2.855,5.310,-5.165,10.485,-2.411,-11.934,0.000
1.935,12.632,4.466,5.933,-1.991,10.631,-2.520,-11.970,0.000
6.104,11.718,5.607,7.063,2.361,9.573,-3.025,-11.579,0.000
8.104,9.770,6.420,8.535,7.209,7.397,-3.679,-11.010,0.000
7.981,7.177,7.213,9.810,11.668,4.963,-4.049,-10.288,0.000
6.356,4.471,8.281,10.248,14.864,3.424,-3.699,-9.290,0.000
4.072,2.147,9.611,9.521,16.216,3.447,-2.478,-7.947,0.000
1.985,0.619,10.746,7.781,15.478,4.868,-0.632,-6.365,0.000
0.706,0.145,11.071,5.468,12.712,6.938,1.342,-4.759,0.000
0.234,0.687,10.292,3.066,8.433,8.650,2.847,-3.331,0.000
-0.127,1.880,8.633,0.983,3.648,8.913,3.245,-2.201,0.000
-1.286,3.208,6.604,-0.474,-0.507,6.924,2.079,-1.389,0.000
-3.609,4.191,4.646,-1.062,-3.255,2.805,-0.499,-0.784,0.000
-6.594,4.455,2.950,-0.534,-4.321,-2.199,-3.571,-0.156,0.000
-9.294,3.780,1.517,1.250,-3.803,-6.402,-5.951,0.712,0.000
-11.007,2.217,0.323,3.975,-2.051,-8.659,-6.919,1.811,0.000
-11.582,0.107,-0.569,6.715,0.433,-8.748,-6.523,2.813,0.000
-11.299,-2.065,-1.057,8.379,3.113,-7.136,-5.345,3.268,0.000
-10.626,-3.819,-1.184,8.463,5.439,-4.706,-4.185,2.941,0.000
-10.057,-4.722,-1.233,7.348,6.798,-2.553,-3.875,1.944,0.000
-9.949,-4.501,-1.590,5.873,6.667,-1.608,-5.010,0.630,0.000
-10.332,-3.302,-2.512,4.648,4.955,-2.132,-7.513,-0.554,0.000
-10.877,-1.769,-4.008,3.721,2.119,-3.572,-10.514,-1.142,0.000
-11.109,-0.727,-5.871,2.766,-1.059,-4.988,-12.851,-0.802,0.000
-10.691,-0.713,-7.670,1.518,-3.720,-5.632,-13.815,0.404,0.000
-9.541,-1.791,-8.753,0.023,-5.013,-5.194,-13.425,1.933,0.000
-7.798,-3.644,-8.495,-1.423,-4.330,-3.769,-12.156,3.060,0.000
-5.839,-5.650,-6.719,-2.454,-1.766,-1.857,-10.489,3.301,0.000
-4.275,-6.937,-3.835,-2.737,1.745,-0.318,-8.676,2.589,0.000
-3.664,-6.724,-0.549,-2.104,4.913,0.003,-6.779,1.182,0.000
-4.037,-4.891,2.528,-0.761,6.749,-1.172,-4.887,-0.414,0.000
-4.711,-2.179,5.036,0.655,6.807,-3.355,-3.272,-1.512,0.000
-4.729,0.282,6.838,1.440,5.125,-5.653,-2.305,-1.515,0.000
-3.572,1.624,7.909,1.415,2.193,-7.256,-2.262,-0.362,0.000
-1.472,1.524,8.235,1.164,-1.117,-7.648,-3.236,1.313,0.000
0.875,0.118,7.802,1.599,-3.910,-6.638,-5.136,2.580,0.000
2.767,-2.110,6.692,3.241,-5.696,-4.422,-7.632,2.794,0.000
3.718,-4.424,5.138,5.881,-6.522,-1.547,-10.153,1.850,0.000
3.519,-6.091,3.480,8.821,-6.753,1.359,-12.106,0.040,0.000
2.287,-6.664,2.130,11.226,-6.763,3.901,-13.211,-2.120,0.000
0.423,-6.048,1.573,12.301,-6.794,6.009,-13.599,-4.015,0.000
-1.576,-4.374,2.214,11.524,-6.950,7.801,-13.614,-5.122,0.000
-3.278,-1.926,4.070,9.025,-7.280,9.355,-13.523,-5.259,0.000
-4.348,0.917,6.660,5.685,-7.844,10.567,-13.366,-4.639,0.000
-4.560,3.738,9.244,2.648,-8.675,11.229,-13.010,-3.653,0.000
-3.848,6.089,11.100,0.657,-9.628,11.199,-12.269,-2.614,0.000
-2.303,7.444,11.634,-0.204,-10.299,10.478,-10.979,-1.636,0.000
-0.170,7.408,10.520,-0.300,-10.204,9.159,-9.043,-0.716,0.000
2.024,6.160,8.014,-0.146,-9.099,7.352,-6.507,0.089,0.000
3.402,4.638,5.053,-0.222,-7.116,5.138,-3.583,0.563,0.000
3.116,4.055,2.770,-0.850,-4.666,2.566,-0.608,0.468,0.000
1.041,5.145,1.790,-2.046,-2.348,-0.270,1.917,-0.118,0.000
-1.943,7.849,1.953,-3.518,-0.917,-3.178,3.276,-0.657,0.000
-4.492,11.543,2.617,-4.867,-0.976,-5.885,2.780,-0.469,0.000
-5.611,15.314,3.110,-5.874,-2.451,-8.037,0.237,0.684,0.000
-5.004,18.114,2.964,-6.595,-4.393,-9.175,-3.879,2.339,0.000
-2.956,19.100,1.991,-7.221,-5.539,-8.905,-8.707,3.665,0.000
-0.193,18.150,0.351,-7.795,-5.186,-7.237,-13.295,3.999,0.000
2.242,16.009,-1.467,-8.075,-3.552,-4.708,-16.722,3.097,0.000
3.416,13.829,-2.889,-7.699,-1.390,-2.092,-18.296,1.102,0.000
3.096,12.572,-3.558,-6.518,0.627,-0.001,-17.889,-1.484,0.000
1.947,12.774,-3.434,-4.748,2.231,1.270,-15.992,-3.861,0.000
0.996,14.491,-2.698,-2.814,3.495,1.675,-13.369,-5.265,0.000
0.841,17.139,-1.658,-1.097,4.619,1.292,-10.630,-5.443,0.000
1.299,19.464,-0.693,0.177,5.765,0.222,-8.059,-4.814,0.000
1.741,20.117,-0.115,0.923,6.955,-1.392,-5.703,-4.104,0.000
1.679,18.515,0.024,1.132,7.971,-3.194,-3.578,-3.831,0.000
1.069,15.160,-0.009,0.800,8.335,-4.496,-1.815,-4.072,0.000
0.197,11.156,0.183,-0.044,7.590,-4.564,-0.593,-4.615,0.000
-0.597,7.533,0.814,-1.189,5.802,-3.133,0.043,-5.245,0.000
-1.082,4.938,1.789,-2.167,3.763,-0.625,0.273,-5.912,0.000
-1.185,3.609,2.842,-2.480,2.525,2.148,0.381,-6.697,0.000
-1.006,3.381,3.772,-2.014,2.644,4.357,0.545,-7.667,0.000
-0.786,3.789,4.561,-1.221,3.862,5.333,0.735,-8.785,0.000
-0.801,4.296,5.303,-0.826,5.462,4.699,0.818,-9.942,0.000
-1.254,4.501,6.042,-1.349,6.849,2.609,0.761,-11.037,0.000
-2.243,4.209,6.671,-2.897,7.839,-0.213,0.747,-12.022,0.000
-3.751,3.412,6.981,-5.225,8.555,-2.817,1.101,-12.876,0.000
-5.542,2.337,6.764,-7.802,9.153,-4.454,2.143,-13.526,0.000
-7.123,1.459,5.870,-9.871,9.632,-4.716,4.119,-13.784,0.000
-7.971,1.268,4.251,-10.743,9.851,-3.519,7.097,-13.419,0.000
-7.917,1.902,2.086,-10.250,9.627,-1.153,10.715,-12.303,0.000
-7.297,3.002,-0.178,-8.886,8.813,1.741,14.076,-10.471,0.000
-6.688,3.987,-2.021,-7.423,7.391,4.451,16.154,-8.085,0.000
-6.495,4.490,-3.108,-6.335,5.669,6.543,16.422,-5.439,0.000
-6.761,4.562,-3.393,-5.555,4.355,7.972,15.088,-2.954,0.000
-7.261,4.545,-3.031,-4.705,4.215,8.948,12.786,-1.031,0.000
-7.685,4.857,-2.306,-3.540,5.502,9.749,10.149,0.157,0.000
-7.742,5.873,-1.572,-2.191,7.733,10.612,7.601,0.737,0.000
-7.242,7.770,-1.111,-1.020,10.047,11.685,5.345,1.010,0.000
-6.189,10.246,-0.921,-0.325,11.743,12.991,3.482,1.293,0.000
-4.789,12.425,-0.645,-0.186,12.512,14.430,2.116,1.851,0.000
-3.308,13.308,0.184,-0.481,12.383,15.786,1.358,2.849,0.000
-1.896,12.497,1.721,-0.928,11.606,16.647,1.213,4.293,0.000
-0.525,10.490,3.628,-1.135,10.549,16.348,1.529,6.014,0.000
0.936,8.272,5.320,-0.788,9.561,14.232,2.056,7.761,0.000
2.566,6.713,6.360,0.062,8.860,10.178,2.506,9.276,0.000
4.316,6.292,6.636,0.881,8.529,4.806,2.594,10.308,0.000
6.040,7.069,6.268,0.986,8.567,-0.871,2.149,10.644,0.000
7.549,8.626,5.447,0.079,8.945,-5.890,1.346,10.160,0.000
8.629,10.118,4.316,-1.530,9.629,-9.505,0.796,8.816,0.000
9.099,10.655,2.963,-3.196,10.563,-11.271,1.208,6.680,0.000
8.911,9.871,1.497,-4.368,11.581,-11.162,2.844,4.046,0.000
8.165,8.116,0.113,-4.795,12.347,-9.547,5.277,1.496,0.000
7.040,6.103,-0.972,-4.505,12.460,-6.982,7.714,-0.323,0.000
5.727,4.409,-1.653,-3.761,11.610,-4.104,9.455,-1.067,0.000
4.401,3.245,-1.990,-2.992,9.632,-1.604,10.097,-0.819,0.000
3.195,2.558,-2.157,-2.595,6.545,-0.071,9.504,0.051,0.000
2.187,2.263,-2.355,-2.676,2.731,0.254,7.729,1.064,0.000
1.407,2.402,-2.773,-2.957,-1.000,-0.448,4.921,1.716,0.000
0.839,3.118,-3.518,-3.020,-3.735,-1.751,1.300,1.638,0.000
0.392,4.517,-4.517,-2.679,-4.978,-3.144,-2.673,0.838,0.000
-0.108,6.578,-5.473,-2.150,-4.832,-4.111,-6.190,-0.237,0.000
-0.849,9.109,-6.028,-1.852,-3.818,-4.254,-8.370,-0.968,0.000
-1.914,11.589,-5.996,-2.052,-2.684,-3.494,-8.737,-0.965,0.000
-3.230,13.104,-5.458,-2.691,-2.302,-2.109,-7.394,-0.223,0.000
-4.655,12.763,-4.637,-3.469,-3.336,-0.567,-4.838,0.985,0.000
-6.094,10.450,-3.727,-3.973,-5.689,0.681,-1.776,2.270,0.000
-7.560,7.128,-2.798,-3.759,-8.307,1.273,0.967,3.206,0.000
-9.114,4.229,-1.820,-2.542,-9.801,1.009,2.673,3.445,0.000
-10.740,2.726,-0.740,-0.545,-9.430,0.005,3.013,2.843,0.000
-12.267,2.732,0.461,1.373,-7.506,-1.263,2.097,1.490,0.000
-13.451,3.751,1.745,2.169,-4.982,-2.169,0.302,-0.388,0.000
-14.112,5.083,2.958,1.346,-2.833,-2.196,-1.886,-2.477,0.000
-14.196,6.069,3.816,-0.755,-1.746,-1.028,-3.942,-4.384,0.000
-13.734,6.297,4.027,-3.320,-2.013,1.409,-5.442,-5.703,0.000
-12.807,5.836,3.509,-5.620,-3.416,4.793,-6.266,-6.078,0.000
-11.512,5.262,2.473,-7.270,-5.264,8.349,-6.647,-5.196,0.000
-9.950,5.282,1.285,-8.206,-6.760,11.114,-6.992,-2.907,0.000
-8.280,6.165,0.286,-8.563,-7.465,12.264,-7.641,0.436,0.000
-6.760,7.512,-0.290,-8.551,-7.467,11.192,-8.758,3.835,0.000
-5.657,8.599,-0.357,-8.316,-7.147,7.648,-10.299,6.095,0.000
-5.088,8.935,-0.058,-7.805,-6.855,2.138,-11.922,6.528,0.000
-4.968,8.519,0.217,-6.728,-6.736,-3.934,-12.962,5.226,0.000
-5.100,7.693,0.033,-4.776,-6.760,-8.868,-12.701,2.800,0.000
-5.314,6.890,-0.786,-2.016,-6.815,-11.522,-10.830,0.048,0.000
-5.533,6.481,-2.044,0.927,-6.783,-11.615,-7.613,-2.219,0.000
-5.752,6.641,-3.353,3.200,-6.570,-9.536,-3.654,-3.394,0.000
-5.966,7.168,-4.417,4.256,-6.124,-6.188,0.358,-3.337,0.000
-6.128,7.431,-5.153,4.060,-5.416,-2.848,3.762,-2.420,0.000
-6.176,6.760,-5.641,2.940,-4.451,-0.677,6.020,-1.245,0.000
-6.118,5.100,-5.983,1.371,-3.310,-0.026,6.805,-0.300,0.000
-6.079,3.281,-6.227,-0.157,-2.184,-0.214,5.963,0.174,0.000
-6.221,2.507,-6.371,-1.242,-1.300,-0.118,3.494,0.164,0.000
-6.599,3.494,-6.431,-1.672,-0.822,0.934,-0.328,-0.150,0.000
-7.092,6.096,-6.485,-1.400,-0.812,2.758,-4.893,-0.439,0.000
-7.444,9.565,-6.657,-0.466,-1.214,4.640,-9.431,-0.385,0.000
-7.313,12.911,-7.068,1.066,-1.781,5.897,-13.159,0.091,0.000
-6.289,15.093,-7.813,3.131,-2.051,6.170,-15.295,0.751,0.000
-4.093,15.348,-8.910,5.607,-1.575,5.456,-15.223,1.226,0.000
-0.984,13.705,-10.200,8.106,-0.316,4.123,-12.825,1.306,0.000
2.074,11.115,-11.291,9.867,1.191,2.848,-8.573,1.070,0.000
3.887,8.861,-11.761,10.079,2.191,2.273,-3.291,0.779,0.000
3.807,7.697,-11.484,8.472,2.284,2.504,2.012,0.702,0.000
2.035,7.495,-10.757,5.555,1.680,2.925,6.189,1.024,0.000
-0.717,7.585,-10.062,2.245,0.959,2.662,8.318,1.816,0.000
-3.723,7.294,-9.690,-0.645,0.671,1.343,8.361,3.010,0.000
-6.488,6.241,-9.562,-2.633,1.141,-0.557,7.370,4.403,0.000
-8.776,4.380,-9.379,-3.572,2.415,-2.095,6.825,5.750,0.000
-10.519,2.045,-8.919,-3.611,4.185,-2.474,7.623,6.857,0.000
-11.699,-0.090,-8.175,-3.113,5.808,-1.339,9.653,7.609,0.000
-12.307,-1.325,-7.269,-2.459,6.634,1.218,12.147,7.985,0.000
-12.383,-1.382,-6.246,-1.852,6.516,4.597,14.268,8.115,0.000
-12.043,-0.557,-4.956,-1.250,6.007,7.720,15.412,8.290,0.000
-11.431,0.551,-3.161,-0.489,5.948,9.477,15.333,8.777,0.000
-10.656,1.416,-0.784,0.526,6.800,9.364,14.277,9.483,0.000
-9.755,1.753,1.960,1.733,8.355,7.697,12.955,9.806,0.000
-8.742,1.510,4.675,2.992,10.043,5.246,12.153,9.006,0.000
-7.730,0.834,6.953,4.222,11.460,2.747,12.172,6.867,0.000
-6.999,0.025,8.446,5.481,12.646,0.679,12.623,3.992,0.000
-6.857,-0.587,8.956,6.904,13.913,-0.785,12.736,1.413,0.000
-7.352,-0.738,8.617,8.577,15.468,-1.798,11.830,-0.015,0.000
-8.157,-0.255,7.933,10.476,17.196,-2.787,9.524,0.119,0.000
-8.776,0.885,7.497,12.497,18.742,-4.230,5.761,1.774,0.000
-8.889,2.373,7.569,14.511,19.682,-6.361,0.892,4.417,0.000
-8.503,3.486,7.901,16.375,19.621,-9.056,-4.314,7.062,0.000
-7.845,3.423,7.942,17.920,18.322,-11.949,-8.966,8.707,0.000
-7.170,1.876,7.166,18.864,15.961,-14.535,-12.380,8.961,0.000
-6.656,-0.744,5.216,18.746,13.195,-16.216,-14.163,8.256,0.000
-6.346,-3.598,1.997,17.149,10.805,-16.518,-14.211,7.432,0.000
-6.096,-5.822,-2.128,14.180,9.180,-15.502,-12.818,7.118,0.000
-5.572,-6.704,-6.267,10.676,8.099,-13.902,-10.677,7.448,0.000
-4.450,-5.845,-9.366,7.782,6.985,-12.698,-8.611,8.206,0.000
-2.758,-3.463,-10.721,6.304,5.299,-12.462,-7.246,9.110,0.000
-1.014,-0.455,-10.141,6.453,2.729,-13.085,-6.908,9.984,0.000
0.112,2.051,-7.853,7.945,-0.734,-14.037,-7.662,10.782,0.000
0.376,3.318,-4.475,10.108,-4.646,-14.786,-9.315,11.524,0.000
0.199,3.225,-0.973,11.971,-8.066,-15.014,-11.449,12.222,0.000
0.338,2.093,1.677,12.607,-9.983,-14.627,-13.577,12.854,0.000
1.305,0.465,2.938,11.600,-9.977,-13.704,-15.286,13.326,0.000
3.089,-1.031,2.842,9.177,-8.464,-12.410,-16.248,13.476,0.000
5.305,-1.870,1.792,5.954,-6.305,-10.905,-16.203,13.198,0.000
7.422,-1.849,0.345,2.661,-4.272,-9.273,-14.930,12.671,0.000
8.895,-1.128,-0.896,0.027,-2.789,-7.514,-12.195,12.461,0.000
9.327,-0.049,-1.443,-1.398,-1.952,-5.643,-7.888,13.192,0.000
8.668,1.077,-1.107,-1.511,-1.591,-3.864,-2.412,14.961,0.000
7.250,2.061,-0.041,-0.710,-1.377,-2.673,3.129,17.079,0.000
5.554,2.845,1.410,0.355,-1.003,-2.637,7.404,18.519,0.000
3.916,3.497,2.835,1.072,-0.398,-3.989,9.594,18.650,0.000
2.416,4.183,3.815,0.983,0.194,-6.471,9.671,17.558,0.000
0.977,5.065,4.023,-0.145,0.405,-9.530,8.198,15.806,0.000
-0.434,6.143,3.407,-2.166,0.028,-12.549,6.129,14.053,0.000
-1.693,7.189,2.230,-4.523,-0.853,-14.955,4.674,12.839,0.000
-2.593,7.903,0.904,-6.508,-1.962,-16.364,4.836,12.443,0.000
-3.015,8.160,-0.231,-7.588,-2.972,-16.812,6.675,12.720,0.000
-3.010,8.119,-0.990,-7.516,-3.567,-16.804,9.060,13.085,0.000
-2.748,8.072,-1.332,-6.319,-3.513,-16.969,10.414,12.870,0.000
-2.444,8.186,-1.334,-4.331,-2.756,-17.552,9.874,11.860,0.000
-2.318,8.371,-1.153,-2.192,-1.439,-18.196,7.785,10.508,0.000
-2.543,8.406,-0.941,-0.555,0.142,-18.281,5.230,9.555,0.000
-3.186,8.164,-0.743,0.327,1.513,-17.537,3.281,9.403,0.000
-4.187,7.737,-0.470,0.751,1.991,-16.327,2.623,9.825,0.000
-5.388,7.350,0.006,1.263,0.968,-15.322,3.452,10.188,0.000
-6.484,7.209,0.667,2.181,-1.532,-14.915,5.374,9.824,0.000
-7.000,7.417,1.266,3.362,-4.632,-14.927,7.448,8.224,0.000
-6.485,7.944,1.454,4.394,-7.080,-14.808,8.658,5.170,0.000
-4.885,8.578,1.008,4.955,-7.951,-14.011,8.563,0.999,0.000
-2.696,8.909,-0.069,4.983,-6.942,-12.186,7.524,-3.329,0.000
-0.693,8.507,-1.607,4.623,-4.269,-9.249,6.328,-6.678,0.000
0.436,7.210,-3.325,4.083,-0.580,-5.483,5.625,-8.371,0.000
0.238,5.231,-4.856,3.548,3.137,-1.552,5.675,-8.419,0.000
-1.428,3.013,-5.855,3.150,5.890,1.798,6.370,-7.289,0.000
-4.210,1.076,-6.123,2.988,7.084,4.125,7.292,-5.624,0.000
-7.224,-0.042,-5.632,3.167,6.619,5.413,7.785,-4.085,0.000
-9.428,0.058,-4.507,3.798,4.738,5.915,7.256,-3.172,0.000
-10.148,1.372,-3.074,4.944,1.927,5.955,5.638,-3.030,0.000
-9.249,3.409,-1.880,6.597,-1.139,5.815,3.564,-3.417,0.000
-7.006,5.481,-1.450,8.664,-3.787,5.674,1.966,-3.898,0.000
-4.001,7.081,-1.857,10.886,-5.537,5.572,1.489,-4.078,0.000
-1.043,8.035,-2.552,12.794,-6.137,5.419,2.239,-3.685,0.000
1.098,8.399,-2.715,13.872,-5.584,5.094,3.907,-2.589,0.000
2.060,8.286,-1.818,13.805,-4.275,4.578,5.916,-0.833,0.000
1.983,7.750,0.132,12.566,-3.058,4.019,7.529,1.379,0.000
1.308,6.794,2.765,10.345,-2.846,3.646,8.099,3.787,0.000
0.547,5.503,5.604,7.537,-3.996,3.627,7.435,6.161,0.000
0.171,4.119,8.214,4.730,-6.058,4.012,5.904,8.331,0.000
0.500,2.965,10.296,2.517,-8.133,4.754,4.148,10.196,0.000
1.554,2.326,11.780,1.259,-9.363,5.718,2.725,11.749,0.000
3.015,2.401,12.800,1.016,-9.162,6.697,1.962,13.065,0.000
4.431,3.263,13.571,1.615,-7.341,7.449,1.972,14.242,0.000
5.464,4.759,14.240,2.648,-4.350,7.716,2.690,15.317,0.000
5.984,6.479,14.828,3.491,-1.343,7.208,3.936,16.222,0.000
6.009,7.926,15.258,3.563,0.392,5.724,5.490,16.831,0.000
5.593,8.739,15.408,2.729,0.262,3.430,7.099,17.028,0.000
4.758,8.762,15.131,1.458,-1.314,0.976,8.454,16.726,0.000
3.504,8.021,14.309,0.494,-3.375,-0.828,9.238,15.866,0.000
1.910,6.739,12.951,0.358,-5.120,-1.537,9.182,14.409,0.000
0.191,5.325,11.229,1.134,-6.240,-1.280,8.079,12.327,0.000
-1.364,4.235,9.390,2.592,-6.811,-0.551,5.857,9.647,0.000
-2.484,3.814,7.666,4.380,-7.023,0.082,2.816,6.608,0.000
-2.941,4.254,6.240,6.148,-6.984,0.139,-0.267,3.746,0.000
-2.618,5.605,5.209,7.650,-6.651,-0.644,-2.500,1.669,0.000
-1.652,7.714,4.532,8.838,-5.827,-2.120,-3.426,0.689,0.000
-0.480,10.220,4.017,9.859,-4.193,-3.686,-3.248,0.687,0.000
0.342,12.662,3.439,10.915,-1.531,-4.619,-2.561,1.282,0.000
0.409,14.572,2.705,12.052,1.822,-4.567,-1.999,2.066,0.000
-0.439,15.475,1.918,13.070,4.779,-3.735,-2.042,2.727,0.000
-2.102,15.005,1.260,13.646,6.045,-2.640,-2.940,3.059,0.000
-4.115,13.153,0.758,13.545,5.025,-1.725,-4.617,2.928,0.000
-5.607,10.346,0.184,12.711,2.183,-1.172,-6.672,2.208,0.000
-5.705,7.241,-0.802,11.264,-1.393,-0.923,-8.582,0.812,0.000
-4.207,4.512,-2.366,9.550,-4.621,-0.743,-9.907,-1.169,0.000
-1.833,2.778,-4.372,8.148,-6.717,-0.290,-10.355,-3.399,0.000
0.302,2.443,-6.474,7.629,-7.304,0.717,-9.784,-5.439,0.000
1.528,3.397,-8.265,8.144,-6.524,2.222,-8.259,-6.957,0.000
1.997,4.917,-9.331,9.273,-4.994,3.738,-6.048,-7.804,0.000
2.343,6.031,-9.378,10.308,-3.480,4.613,-3.520,-7.971,0.000
3.058,6.005,-8.438,10.657,-2.509,4.463,-1.074,-7.540,0.000
4.163,4.532,-6.930,10.026,-2.244,3.343,0.873,-6.623,0.000
5.319,1.698,-5.432,8.413,-2.576,1.637,2.007,-5.340,0.000
6.110,-1.969,-4.378,6.139,-3.220,-0.049,2.360,-3.847,0.000
6.202,-5.517,-3.943,3.814,-3.790,-0.952,2.386,-2.368,0.000
5.446,-7.950,-4.087,2.067,-3.974,-0.414,2.708,-1.121,0.000
3.996,-8.765,-4.595,1.145,-3.792,1.687,3.738,-0.188,0.000
2.314,-8.129,-5.122,0.790,-3.683,4.783,5.518,0.524,0.000
0.936,-6.597,-5.310,0.527,-4.182,7.935,7.801,1.175,0.000
0.147,-4.757,-4.932,0.133,-5.356,10.196,10.133,1.789,0.000
-0.122,-3.046,-3.923,-0.145,-6.549,10.755,11.908,2.151,0.000
-0.131,-1.688,-2.339,0.158,-6.823,9.132,12.560,1.954,0.000
-0.063,-0.649,-0.354,1.215,-5.726,5.601,11.856,1.092,0.000
0.110,0.320,1.745,2.656,-3.640,1.316,9.970,-0.213,0.000
0.541,1.487,3.645,3.816,-1.474,-2.293,7.332,-1.555,0.000
1.316,2.841,5.107,4.162,-0.177,-4.376,4.508,-2.577,0.000
2.348,3.972,5.980,3.498,-0.503,-4.996,2.144,-3.071,0.000
3.425,4.345,6.230,1.953,-2.786,-4.795,0.766,-2.988,0.000
4.305,3.797,6.031,-0.018,-6.531,-4.481,0.446,-2.437,0.000
4.752,2.756,5.795,-1.663,-10.287,-4.549,0.700,-1.659,0.000
4.610,1.956,5.970,-2.240,-12.383,-5.186,0.791,-0.952,0.000
3.914,1.977,6.734,-1.456,-12.043,-6.195,0.166,-0.630,0.000
2.926,3.040,7.857,0.381,-9.815,-7.018,-1.358,-1.030,0.000
2.005,5.027,8.895,2.638,-6.994,-7.045,-3.639,-2.373,0.000
1.451,7.502,9.462,4.706,-4.760,-6.055,-6.243,-4.452,0.000
1.443,9.751,9.354,6.149,-3.777,-4.380,-8.488,-6.498,0.000
2.028,11.081,8.543,6.725,-4.167,-2.655,-9.730,-7.590,0.000
3.048,11.252,7.163,6.380,-5.538,-1.478,-9.804,-7.333,0.000
4.130,10.622,5.467,5.192,-7.095,-1.263,-9.174,-6.141,0.000
4.837,9.839,3.701,3.334,-7.996,-2.175,-8.605,-4.869,0.000
4.893,9.409,1.950,1.141,-7.788,-4.010,-8.693,-4.241,0.000
4.255,9.502,0.098,-0.829,-6.542,-6.178,-9.649,-4.581,0.000
3.060,10.003,-2.022,-1.965,-4.655,-7.990,-11.337,-5.839,0.000
1.601,10.615,-4.338,-1.851,-2.656,-9.042,-13.274,-7.673,0.000
0.302,10.941,-6.400,-0.353,-1.094,-9.359,-14.671,-9.545,0.000
-0.420,10.643,-7.636,2.397,-0.392,-9.229,-14.747,-10.970,0.000
-0.352,9.692,-7.817,5.890,-0.596,-8.978,-13.218,-11.866,0.000
0.459,8.440,-7.249,9.200,-1.321,-8.844,-10.464,-12.655,0.000
1.792,7.397,-6.531,11.337,-1.979,-8.923,-7.255,-13.923,0.000
3.329,6.918,-6.158,11.764,-2.081,-9.124,-4.429,-15.855,0.000
4.685,7.061,-6.332,10.581,-1.368,-9.168,-2.762,-17.976,0.000
5.514,7.650,-6.965,8.331,0.151,-8.746,-2.755,-19.498,0.000
5.653,8.319,-7.687,5.839,2.064,-7.743,-4.242,-19.898,0.000
5.153,8.565,-7.884,4.120,3.524,-6.329,-6.282,-19.186,0.000
4.168,7.946,-6.977,3.997,3.649,-4.836,-7.635,-17.756,0.000
2.830,6.439,-4.869,5.471,2.188,-3.604,-7.452,-16.154,0.000
1.183,4.549,-2.115,7.505,-0.224,-2.907,-5.534,-14.941,0.000
-0.771,2.944,0.455,8.707,-2.503,-2.903,-2.201,-14.537,0.000
-2.935,1.849,2.273,8.413,-3.764,-3.521,1.825,-15.016,0.000
-5.031,0.784,3.265,7.155,-3.615,-4.443,5.510,-16.074,0.000
-6.694,-1.033,3.695,6.107,-2.135,-5.271,7.887,-17.212,0.000
-7.620,-3.946,3.890,6.150,0.115,-5.742,8.588,-17.931,0.000
-7.610,-7.509,4.085,7.413,2.148,-5.816,8.008,-17.797,0.000
-6.587,-10.831,4.402,9.420,3.000,-5.577,6.892,-16.537,0.000
-4.657,-13.167,4.916,11.366,2.405,-5.086,5.779,-14.241,0.000
-2.121,-14.193,5.722,12.310,1.030,-4.293,4.741,-11.421,0.000
0.640,-13.986,6.909,11.538,-0.053,-3.103,3.558,-8.767,0.000
3.238,-12.973,8.442,9.121,-0.186,-1.565,2.118,-6.832,0.000
5.288,-11.854,10.094,6.084,0.513,0.029,0.635,-5.918,0.000
6.478,-11.326,11.518,3.819,1.458,1.272,-0.479,-6.055,0.000
6.690,-11.753,12.353,3.225,2.152,1.832,-0.886,-6.889,0.000
6.030,-13.076,12.247,4.370,2.474,1.535,-0.462,-7.673,0.000
4.733,-14.948,11.007,6.741,2.604,0.366,0.700,-7.598,0.000
3.110,-16.857,8.897,9.586,2.776,-1.480,2.270,-6.301,0.000
1.521,-18.175,6.766,12.106,3.128,-3.595,3.691,-4.054,0.000
0.294,-18.352,5.644,13.649,3.652,-5.494,4.393,-1.489,0.000
-0.387,-17.223,6.123,13.887,4.175,-6.759,4.095,0.774,0.000
-0.502,-15.100,8.113,12.817,4.392,-7.068,2.894,2.302,0.000
-0.170,-12.536,11.070,10.643,4.051,-6.258,1.093,2.913,0.000
0.320,-10.034,14.276,7.752,3.285,-4.513,-1.031,2.757,0.000
0.504,-7.923,16.984,4.697,2.738,-2.423,-3.329,2.307,0.000
-0.042,-6.367,18.592,2.024,3.187,-0.709,-5.713,2.120,0.000
-1.305,-5.418,18.839,0.014,4.876,0.185,-7.953,2.530,0.000
-2.669,-5.080,17.822,-1.388,7.240,0.243,-9.541,3.532,0.000
-3.288,-5.317,15.861,-2.430,9.317,-0.237,-9.906,4.909,0.000
-2.672,-5.952,13.437,-3.350,10.410,-0.797,-8.832,6.375,0.000
-0.953,-6.618,11.171,-4.264,10.387,-0.899,-6.635,7.654,0.000
1.323,-6.894,9.643,-5.148,9.543,-0.126,-3.950,8.505,0.000
3.463,-6.544,9.107,-5.823,8.375,1.514,-1.464,8.711,0.000
4.770,-5.609,9.405,-5.962,7.417,3.490,0.202,8.032,0.000
4.736,-4.292,10.114,-5.274,7.068,5.107,0.643,6.301,0.000
3.317,-2.808,10.684,-3.821,7.373,6.049,-0.076,3.676,0.000
0.992,-1.300,10.505,-2.151,7.978,6.614,-1.370,0.756,0.000
-1.512,0.158,9.109,-0.992,8.338,7.394,-2.455,-1.692,0.000
-3.549,1.497,6.529,-0.771,7.961,8.717,-2.784,-3.146,0.000
-4.665,2.593,3.422,-1.412,6.508,10.372,-2.211,-3.478,0.000
-4.636,3.285,0.691,-2.484,3.844,11.809,-0.894,-2.854,0.000
-3.553,3.408,-1.078,-3.402,0.218,12.507,0.831,-1.593,0.000
-1.812,2.807,-1.831,-3.537,-3.679,12.157,2.530,-0.074,0.000
0.057,1.403,-1.887,-2.466,-7.025,10.699,3.814,1.386,0.000
1.563,-0.650,-1.674,-0.387,-9.284,8.384,4.503,2.629,0.000
2.298,-2.891,-1.583,1.722,-10.354,5.754,4.660,3.659,0.000
1.996,-4.731,-1.857,2.654,-10.423,3.398,4.474,4.537,0.000
0.667,-5.678,-2.477,1.836,-9.783,1.632,4.141,5.205,0.000
-1.369,-5.413,-3.156,-0.318,-8.702,0.405,3.792,5.410,0.000
-3.639,-3.858,-3.522,-2.789,-7.385,-0.521,3.484,4.889,0.000
-5.652,-1.395,-3.377,-4.518,-6.012,-1.281,3.183,3.765,0.000
-6.943,1.065,-2.793,-4.669,-4.790,-1.754,2.773,2.721,0.000
-7.176,2.480,-1.993,-2.828,-3.940,-1.694,2.140,2.624,0.000
-6.343,2.301,-1.160,0.667,-3.655,-1.009,1.304,3.868,0.000
-4.819,0.701,-0.344,4.649,-4.087,0.102,0.479,6.084,0.000
-3.143,-1.679,0.476,7.732,-5.280,1.276,-0.058,8.464,0.000
-1.732,-4.048,1.247,9.162,-6.975,2.199,-0.175,10.238,0.000
-0.774,-5.619,1.756,9.139,-8.530,2.705,0.019,10.911,0.000
-0.273,-5.831,1.738,8.399,-9.203,2.769,0.296,10.348,0.000
-0.124,-4.673,1.117,7.571,-8.605,2.495,0.492,8.908,0.000
-0.181,-2.768,0.115,6.854,-6.869,2.067,0.605,7.444,0.000
-0.332,-1.013,-0.854,6.131,-4.475,1.655,0.732,6.848,0.000
-0.566,-0.119,-1.323,5.306,-2.049,1.279,0.931,7.346,0.000
-0.993,-0.439,-0.833,4.509,-0.249,0.762,1.151,8.226,0.000
-1.726,-1.991,0.897,4.036,0.444,-0.124,1.277,8.377,0.000
-2.684,-4.440,3.627,4.152,0.081,-1.412,1.252,7.164,0.000
-3.497,-7.130,6.460,4.981,-0.656,-2.820,1.136,4.825,0.000
-3.719,-9.352,8.298,6.438,-0.876,-3.907,1.045,2.132,0.000
-3.210,-10.687,8.528,8.086,-0.135,-4.305,1.034,-0.177,0.000
-2.296,-11.105,7.298,9.070,1.288,-3.818,1.038,-1.687,0.000
-1.525,-10.821,5.247,8.501,2.735,-2.411,0.936,-2.336,0.000
-1.260,-10.117,3.138,6.065,3.726,-0.228,0.700,-2.399,0.000
-1.488,-9.237,1.666,2.267,4.235,2.427,0.462,-2.408,0.000
-1.979,-8.342,1.293,-1.939,4.549,5.202,0.458,-2.858,0.000
-2.564,-7.510,2.035,-5.629,4.964,7.790,0.911,-3.790,0.000
-3.294,-6.760,3.428,-8.111,5.609,9.932,1.989,-4.635,0.000
-4.342,-6.105,4.828,-9.014,6.446,11.414,3.785,-4.609,0.000
-5.759,-5.622,5.774,-8.398,7.336,12.056,6.274,-3.362,0.000
-7.325,-5.481,6.134,-6.740,8.101,11.680,9.301,-1.266,0.000
-8.674,-5.862,6.024,-4.708,8.578,10.193,12.638,0.874,0.000
-9.495,-6.768,5.701,-2.976,8.661,7.834,15.968,2.252,0.000
-9.633,-7.956,5.485,-2.184,8.285,5.287,18.868,2.258,0.000
-9.087,-9.058,5.651,-2.824,7.413,3.362,20.933,0.588,0.000
-8.030,-9.770,6.279,-4.997,6.061,2.504,22.011,-2.567,0.000
-6.784,-9.913,7.212,-8.352,4.304,2.597,22.271,-6.493,0.000
-5.673,-9.378,8.165,-12.247,2.252,3.177,22.059,-10.254,0.000
-4.821,-8.017,8.833,-15.853,0.053,3.741,21.705,-13.008,0.000
-4.097,-5.565,8.934,-18.160,-2.096,3.908,21.434,-14.100,0.000
-3.291,-1.817,8.264,-18.293,-3.986,3.503,21.350,-13.159,0.000
-2.444,2.897,6.803,-16.060,-5.429,2.660,21.434,-10.392,0.000
-2.004,7.486,4.736,-12.143,-6.246,1.824,21.570,-6.657,0.000
-2.531,10.572,2.368,-7.670,-6.324,1.473,21.624,-3.062,0.000
-4.143,11.241,0.056,-3.714,-5.756,1.685,21.535,-0.459,0.000
-6.263,9.336,-1.797,-1.085,-4.898,1.962,21.350,0.739,0.000
-7.971,5.306,-2.871,-0.202,-4.227,1.550,21.195,0.519,0.000
-8.585,0.127,-3.130,-0.845,-4.158,-0.042,21.239,-0.728,0.000
-7.920,-4.787,-2.897,-2.131,-4.973,-2.815,21.681,-2.253,0.000
-6.226,-8.123,-2.622,-2.973,-6.740,-6.387,22.646,-3.267,0.000
-4.133,-9.460,-2.554,-2.694,-9.076,-10.117,23.969,-3.356,0.000
-2.582,-9.520,-2.586,-1.272,-11.062,-13.168,25.099,-2.610,0.000
-2.415,-9.511,-2.390,0.867,-11.666,-14.806,25.363,-1.388,0.000
-3.728,-10.117,-1.647,3.085,-10.435,-14.823,24.403,0.004,0.000
-5.646,-11.041,-0.156,4.672,-7.761,-13.675,22.357,1.482,0.000
-6.911,-11.421,2.109,5.050,-4.536,-12.141,19.699,3.110,0.000
-6.798,-10.614,4.895,4.050,-1.678,-10.887,17.064,4.895,0.000
-5.507,-8.595,7.632,1.983,0.086,-10.278,15.156,6.661,0.000
-3.764,-5.850,9.642,-0.578,0.398,-10.395,14.489,8.088,0.000
-2.142,-3.170,10.403,-3.000,-0.441,-11.075,14.951,8.791,0.000
-0.707,-1.521,9.626,-4.657,-1.411,-11.970,15.654,8.355,0.000
0.851,-1.685,7.290,-5.073,-1.309,-12.665,15.446,6.542,0.000
2.878,-3.699,3.833,-4.154,0.441,-12.743,13.700,3.726,0.000
5.538,-6.681,0.217,-2.243,3.472,-11.787,10.645,1.069,0.000
8.749,-9.366,-2.464,0.055,6.878,-9.521,7.018,-0.071,0.000
12.079,-10.842,-3.550,2.035,9.794,-6.169,3.562,0.879,0.000
14.721,-10.851,-3.021,2.937,11.672,-2.600,0.768,3.302,0.000
15.848,-9.615,-1.332,2.189,12.325,0.086,-1.185,5.952,0.000
15.170,-7.594,0.731,-0.129,11.957,1.186,-2.448,7.799,0.000
13.122,-5.321,2.150,-3.124,11.095,0.643,-3.435,8.430,0.000
10.510,-3.276,2.091,-5.575,10.361,-1.123,-4.603,7.965,0.000
8.015,-1.837,0.612,-6.637,10.213,-3.407,-6.168,6.851,0.000
5.978,-1.328,-1.089,-6.120,10.878,-5.337,-8.003,5.691,0.000
4.454,-1.949,-1.429,-4.316,12.338,-6.161,-9.793,4.979,0.000
3.377,-3.556,0.330,-1.763,14.221,-5.633,-11.241,4.809,0.000
2.688,-5.563,3.553,0.914,15.757,-4.112,-12.159,4.796,0.000
2.346,-7.201,6.812,3.197,16.145,-2.228,-12.462,4.363,0.000
2.251,-7.885,8.808,4.866,15.138,-0.419,-12.161,3.174,0.000
2.179,-7.356,8.810,6.018,13.281,1.263,-11.324,1.312,0.000
1.859,-5.638,6.710,6.878,11.464,2.985,-10.048,-0.859,0.000
1.112,-3.048,3.103,7.525,10.234,4.768,-8.491,-2.890,0.000
-0.079,-0.159,-0.782,7.769,9.473,6.293,-6.897,-4.339,0.000
-1.541,2.422,-3.645,7.305,8.648,7.100,-5.521,-4.895,0.000
-2.795,4.306,-4.881,6.032,7.266,7.014,-4.520,-4.550,0.000
-3.001,5.390,-4.829,4.197,5.134,6.347,-3.918,-3.637,0.000
-1.351,5.718,-4.336,2.245,2.372,5.660,-3.616,-2.628,0.000
2.212,5.293,-4.131,0.604,-0.561,5.378,-3.385,-1.879,0.000
6.695,3.956,-4.527,-0.422,-2.903,5.591,-2.862,-1.522,0.000
10.627,1.546,-5.492,-0.711,-3.952,6.144,-1.699,-1.499,0.000
12.895,-1.721,-6.836,-0.446,-3.664,6.797,0.177,-1.578,0.000
13.097,-5.052,-8.349,-0.137,-2.863,7.330,2.462,-1.393,0.000
11.444,-7.429,-9.854,-0.351,-2.685,7.588,4.639,-0.628,0.000
8.667,-8.185,-11.168,-1.308,-3.655,7.488,6.187,0.677,0.000
5.911,-7.223,-12.048,-2.724,-5.288,6.981,6.654,2.004,0.000
4.299,-4.886,-12.279,-4.044,-6.575,6.030,5.758,2.676,0.000
4.367,-1.829,-11.884,-4.807,-6.805,4.624,3.598,2.381,0.000
5.896,1.082,-11.219,-4.806,-5.970,2.787,0.703,1.402,0.000
8.250,3.052,-10.749,-4.048,-4.560,0.592,-2.228,0.374,0.000
10.793,3.744,-10.682,-2.684,-3.174,-1.764,-4.657,-0.093,0.000
13.080,3.386,-10.802,-0.940,-2.293,-3.918,-6.330,0.416,0.000
14.878,2.537,-10.661,0.965,-2.157,-5.472,-7.242,2.051,0.000
16.104,1.853,-9.906,2.843,-2.644,-6.194,-7.624,4.585,0.000
16.738,1.977,-8.435,4.520,-3.286,-6.079,-7.894,7.398,0.000
16.749,3.383,-6.366,5.837,-3.570,-5.279,-8.441,9.717,0.000
16.062,6.097,-3.980,6.645,-3.385,-4.032,-9.295,10.863,0.000
14.536,9.628,-1.671,6.797,-3.198,-2.617,-10.001,10.320,0.000
12.083,13.267,0.189,6.229,-3.683,-1.262,-9.947,7.835,0.000
8.947,16.464,1.416,5.164,-5.088,-0.028,-8.919,3.726,0.000
5.824,18.970,2.056,4.202,-6.945,1.223,-7.353,-1.002,0.000
3.521,20.733,2.312,4.006,-8.425,2.685,-6.023,-5.118,0.000
2.389,21.680,2.501,4.765,-8.931,4.373,-5.553,-7.777,0.000
2.095,21.577,3.037,5.965,-8.383,6.003,-6.184,-8.758,0.000
1.977,20.158,4.283,6.691,-7.102,7.155,-7.817,-8.309,0.000
1.617,17.505,6.306,6.076,-5.630,7.539,-10.077,-7.005,0.000
1.136,14.226,8.779,3.505,-4.613,7.115,-12.370,-5.617,0.000
0.989,11.148,11.153,-1.212,-4.563,6.055,-14.086,-4.836,0.000
1.578,8.851,12.853,-7.412,-5.522,4.742,-14.806,-4.889,0.000
3.047,7.474,13.353,-13.431,-6.968,3.748,-14.338,-5.444,0.000
5.264,6.835,12.339,-17.377,-8.176,3.597,-12.695,-5.918,0.000
7.808,6.624,10.041,-18.319,-8.750,4.376,-10.166,-5.960,0.000
9.981,6.543,7.347,-16.733,-8.840,5.600,-7.338,-5.658,0.000
11.110,6.391,5.356,-13.934,-8.919,6.548,-4.881,-5.383,0.000
11.000,6.132,4.704,-11.285,-9.401,6.802,-3.258,-5.496,0.000
10.084,5.895,5.299,-9.813,-10.439,6.469,-2.637,-6.212,0.000
9.067,5.866,6.557,-10.077,-11.925,5.964,-2.918,-7.593,0.000
8.388,6.148,7.717,-12.047,-13.489,5.600,-3.711,-9.579,0.000
7.983,6.701,8.005,-15.164,-14.519,5.387,-4.344,-12.027,0.000
7.468,7.367,6.873,-18.648,-14.432,5.106,-4.139,-14.720,0.000
6.504,7.860,4.347,-21.752,-13.092,4.507,-2.824,-17.255,0.000
4.984,7.755,1.130,-23.812,-10.962,3.429,-0.688,-18.957,0.000
3.062,6.650,-1.798,-24.297,-8.795,1.864,1.682,-19.157,0.000
1.183,4.456,-3.701,-22.912,-7.214,0.066,3.751,-17.724,0.000
0.084,1.508,-4.284,-19.586,-6.526,-1.420,5.187,-15.273,0.000
0.446,-1.615,-3.639,-14.486,-6.728,-2.029,5.869,-12.727,0.000
2.308,-4.307,-2.212,-8.271,-7.491,-1.616,5.876,-10.656,0.000
4.849,-6.010,-0.747,-2.219,-8.195,-0.620,5.430,-8.974,0.000
6.907,-6.365,-0.003,2.258,-8.204,0.259,4.767,-7.225,0.000
7.799,-5.485,-0.373,4.359,-7.272,0.566,4.015,-5.129,0.000
7.669,-4.038,-1.772,4.152,-5.686,0.322,3.156,-2.879,0.000
7.146,-2.878,-3.816,2.325,-4.007,-0.147,2.127,-0.946,0.000
6.770,-2.532,-6.035,-0.070,-2.712,-0.493,1.027,0.327,0.000
6.693,-2.988,-7.972,-1.752,-2.029,-0.509,0.215,0.942,0.000
6.776,-3.865,-9.283,-1.620,-1.954,-0.165,0.145,1.175,0.000
6.890,-4.640,-9.860,0.645,-2.298,0.387,1.062,1.434,0.000
7.101,-4.787,-9.834,4.403,-2.737,0.847,2.868,2.161,0.000
7.611,-3.948,-9.431,8.544,-2.959,0.928,5.224,3.633,0.000
8.567,-2.211,-8.801,12.111,-2.832,0.604,7.630,5.634,0.000
9.946,-0.186,-7.933,14.557,-2.462,0.204,9.468,7.340,0.000
11.538,1.359,-6.700,15.713,-2.075,0.200,10.191,7.763,0.000
12.919,2.059,-4.944,15.700,-1.872,0.862,9.620,6.488,0.000
13.433,2.172,-2.525,14.813,-1.958,2.113,8.030,3.962,0.000
12.470,2.290,0.585,13.379,-2.371,3.625,5.925,1.103,0.000
9.960,2.862,4.097,11.679,-3.143,4.944,3.784,-1.297,0.000
6.561,3.961,7.303,9.951,-4.330,5.559,1.948,-2.843,0.000
3.300,5.404,9.354,8.400,-5.908,5.082,0.612,-3.520,0.000
1.101,6.990,9.692,7.232,-7.475,3.582,-0.139,-3.626,0.000
0.603,8.642,8.201,6.683,-8.109,1.698,-0.285,-3.663,0.000
2.066,10.379,5.130,6.924,-6.820,0.289,0.139,-4.057,0.000
5.155,12.145,1.105,7.807,-3.419,-0.071,0.933,-4.748,0.000
8.905,13.712,-2.886,8.772,1.121,0.698,1.690,-5.028,0.000
12.171,14.773,-5.844,9.116,5.266,2.285,1.949,-3.996,0.000
14.232,15.154,-7.242,8.437,7.828,4.083,1.477,-1.323,0.000
15.012,14.915,-7.169,6.807,8.369,5.268,0.370,2.420,0.000
14.883,14.291,-6.058,4.620,7.089,5.126,-1.064,6.149,0.000
14.431,13.638,-4.328,2.382,4.698,3.604,-2.450,8.853,0.000
14.305,13.401,-2.202,0.610,2.265,1.501,-3.420,9.853,0.000
14.989,13.933,0.266,-0.293,0.798,-0.025,-3.727,8.898,0.000
16.446,15.196,3.010,-0.192,0.689,-0.193,-3.417,6.366,0.000
18.017,16.646,5.837,0.766,1.552,1.091,-2.885,3.264,0.000
18.815,17.555,8.470,2.273,2.574,3.417,-2.662,0.759,0.000
18.327,17.493,10.650,3.959,2.972,6.117,-3.130,-0.471,0.000
16.655,16.531,12.173,5.417,2.184,8.420,-4.412,-0.463,0.000
14.303,15.063,12.932,6.292,-0.014,9.680,-6.423,0.292,0.000
11.872,13.548,12.991,6.393,-3.294,9.662,-8.908,1.195,0.000
9.901,12.366,12.600,5.713,-6.716,8.585,-11.475,1.731,0.000
8.765,11.719,12.083,4.382,-9.182,6.894,-13.704,1.611,0.000
8.571,11.506,11.734,2.665,-10.085,4.996,-15.230,0.957,0.000
9.172,11.305,11.771,0.964,-9.543,3.143,-15.751,0.342,0.000
10.309,10.623,12.293,-0.351,-8.151,1.452,-15.104,0.435,0.000
11.721,9.278,13.137,-1.187,-6.648,-0.019,-13.495,1.465,0.000
13.195,7.547,13.840,-1.816,-5.746,-1.205,-11.575,3.004,0.000
14.570,5.937,13.847,-2.645,-5.943,-2.051,-10.115,4.316,0.000
15.734,4.810,12.869,-3.813,-7.269,-2.602,-9.477,4.941,0.000
16.594,4.221,11.010,-5.006,-9.226,-3.050,-9.408,4.948,0.000
17.076,4.010,8.628,-5.677,-11.060,-3.627,-9.322,4.723,0.000
17.156,3.970,6.166,-5.415,-12.072,-4.420,-8.763,4.545,0.000
16.852,3.961,4.065,-4.125,-11.722,-5.291,-7.640,4.368,0.000
16.202,3.923,2.659,-2.016,-9.715,-5.965,-6.154,3.925,0.000
15.215,3.850,2.036,0.357,-6.222,-6.172,-4.675,2.994,0.000
13.859,3.751,2.022,2.093,-1.934,-5.720,-3.647,1.559,0.000
12.112,3.641,2.331,2.305,2.256,-4.557,-3.431,-0.191,0.000
10.110,3.550,2.748,0.699,5.641,-2.935,-4.080,-1.832,0.000
8.211,3.544,3.213,-2.219,7.827,-1.463,-5.279,-2.718,0.000
6.838,3.713,3.770,-5.491,8.676,-0.812,-6.527,-2.270,0.000
6.197,4.144,4.481,-8.125,8.243,-1.236,-7.348,-0.499,0.000
6.163,4.916,5.359,-9.273,6.689,-2.392,-7.370,1.804,0.000
6.378,6.052,6.367,-8.411,4.257,-3.651,-6.383,3.560,0.000
6.356,7.402,7.391,-5.662,1.402,-4.597,-4.465,4.182,0.000
5.541,8.592,8.240,-1.870,-1.121,-5.257,-2.013,3.891,0.000
3.538,9.209,8.705,1.845,-2.543,-5.916,0.457,3.354,0.000
0.551,9.105,8.650,4.656,-2.594,-6.727,2.557,3.027,0.000
-2.448,8.524,8.034,6.230,-1.688,-7.507,4.106,2.830,0.000
-4.251,7.916,6.912,6.618,-0.591,-7.857,5.093,2.343,0.000
-4.263,7.656,5.469,6.104,0.088,-7.448,5.614,1.251,0.000
-2.851,7.920,4.042,5.079,0.138,-6.159,5.812,-0.416,0.000
-0.942,8.707,2.979,3.892,-0.322,-4.073,5.801,-2.352,0.000
0.590,9.892,2.423,2.720,-0.962,-1.502,5.598,-4.138,0.000
1.225,11.272,2.239,1.558,-1.346,1.032,5.091,-5.338,0.000
0.845,12.620,2.142,0.351,-1.139,2.997,4.132,-5.651,0.000
-0.227,13.687,1.904,-0.775,-0.392,4.121,2.693,-5.115,0.000
-1.290,14.172,1.450,-1.396,0.358,4.472,0.932,-4.154,0.000
-1.619,13.815,0.841,-0.992,0.399,4.305,-0.897,-3.289,0.000
-0.987,12.601,0.230,0.654,-0.662,3.874,-2.587,-2.686,0.000
0.153,10.828,-0.169,3.296,-2.692,3.334,-4.034,-1.975,0.000
1.020,8.936,-0.166,6.382,-5.198,2.771,-5.211,-0.584,0.000
1.045,7.246,0.277,9.247,-7.509,2.308,-6.117,1.658,0.000
0.100,5.862,1.007,11.190,-8.873,2.180,-6.733,4.233,0.000
-1.596,4.737,1.772,11.661,-8.694,2.602,-7.041,6.283,0.000
-3.623,3.813,2.345,10.586,-6.924,3.473,-7.105,7.213,0.000
-5.461,3.113,2.569,8.450,-4.187,4.246,-7.109,6.966,0.000
-6.671,2.739,2.372,6.007,-1.401,4.216,-7.275,5.879,0.000
-7.123,2.809,1.807,3.958,0.725,3.031,-7.722,4.450,0.000
-7.049,3.429,1.059,2.822,1.893,0.911,-8.399,3.185,0.000
-6.842,4.629,0.385,2.889,2.163,-1.582,-9.162,2.437,0.000
-6.786,6.224,0.078,4.130,1.893,-3.863,-9.873,2.207,0.000
-6.934,7.756,0.465,6.214,1.667,-5.484,-10.450,2.105,0.000
-7.175,8.706,1.775,8.701,2.051,-6.174,-10.842,1.632,0.000
-7.345,8.831,3.843,11.242,3.274,-5.847,-10.939,0.594,0.000
-7.302,8.293,5.995,13.650,5.118,-4.539,-10.515,-0.722,0.000
-6.941,7.508,7.383,15.835,7.100,-2.367,-9.321,-1.810,0.000
-6.213,6.953,7.523,17.669,8.698,0.422,-7.311,-2.379,0.000
-5.101,7.067,6.515,18.897,9.433,3.402,-4.731,-2.552,0.000
-3.627,8.126,4.837,19.251,9.000,6.054,-1.999,-2.665,0.000
-1.910,10.025,3.081,18.741,7.487,7.845,0.449,-2.888,0.000
-0.198,12.204,1.802,17.768,5.443,8.234,2.216,-3.022,0.000
1.236,13.975,1.366,16.896,3.581,6.874,3.031,-2.694,0.000
2.268,14.986,1.738,16.480,2.374,4.065,2.908,-1.751,0.000
2.984,15.407,2.432,16.499,1.899,0.932,2.177,-0.460,0.000
3.583,15.648,2.796,16.673,1.971,-1.147,1.285,0.682,0.000
4.213,15.875,2.405,16.647,2.338,-1.439,0.542,1.295,0.000
4.890,15.765,1.205,16.088,2.800,-0.217,0.024,1.281,0.000
5.560,14.758,-0.592,14.792,3.229,1.653,-0.331,0.774,0.000
6.222,12.565,-2.647,12.836,3.502,3.347,-0.535,0.051,0.000
6.997,9.422,-4.575,10.615,3.452,4.398,-0.446,-0.541,0.000
8.040,5.933,-6.055,8.653,2.914,4.686,0.149,-0.728,0.000
9.340,2.850,-6.957,7.350,1.883,4.319,1.331,-0.500,0.000
10.624,0.969,-7.359,6.898,0.575,3.496,2.945,-0.168,0.000
11.488,0.848,-7.472,7.299,-0.677,2.397,4.667,-0.121,0.000
11.644,2.325,-7.577,8.351,-1.582,1.136,6.074,-0.454,0.000
11.016,4.348,-8.003,9.659,-1.956,-0.229,6.674,-0.798,0.000
9.697,5.557,-9.002,10.786,-1.719,-1.645,6.087,-0.614,0.000
7.914,5.128,-10.520,11.444,-0.890,-2.973,4.374,0.283,0.000
5.992,3.121,-12.106,11.546,0.431,-3.950,2.166,1.478,0.000
4.245,0.180,-13.161,11.170,2.092,-4.324,0.313,2.226,0.000
2.855,-2.873,-13.309,10.551,3.839,-4.128,-0.617,1.900,0.000
1.854,-5.262,-12.549,10.060,5.274,-3.783,-0.542,0.206,0.000
1.205,-6.435,-11.149,10.048,5.978,-3.848,0.284,-2.763,0.000
0.928,-6.267,-9.501,10.600,5.709,-4.588,1.481,-6.359,0.000
1.157,-5.070,-8.036,11.440,4.472,-5.791,2.671,-9.335,0.000
2.006,-3.372,-7.069,12.119,2.448,-6.956,3.585,-10.402,0.000
3.240,-1.708,-6.569,12.287,-0.030,-7.599,4.137,-9.124,0.000
4.123,-0.554,-6.095,11.806,-2.502,-7.394,4.427,-6.248,0.000
3.788,-0.232,-5.074,10.717,-4.535,-6.241,4.634,-3.128,0.000
1.907,-0.740,-3.255,9.190,-5.935,-4.386,4.896,-0.879,0.000
-1.025,-1.710,-0.896,7.486,-6.803,-2.440,5.267,0.001,0.000
-4.075,-2.604,1.491,5.877,-7.398,-1.093,5.737,-0.424,0.000
-6.432,-2.956,3.554,4.595,-7.944,-0.701,6.282,-1.613,0.000
-7.671,-2.458,5.286,3.833,-8.528,-1.140,6.890,-2.669,0.000
-7.744,-0.996,6.886,3.710,-9.098,-2.003,7.570,-2.711,0.000
-6.935,1.245,8.433,4.149,-9.453,-2.873,8.341,-1.359,0.000
-5.781,3.770,9.713,4.835,-9.253,-3.455,9.219,1.116,0.000
-4.835,6.027,10.354,5.380,-8.211,-3.607,10.178,4.047,0.000
-4.411,7.780,10.136,5.571,-6.437,-3.338,11.036,6.649,0.000
-4.506,9.241,9.136,5.465,-4.582,-2.771,11.399,8.135,0.000
-4.915,10.823,7.629,5.255,-3.474,-2.049,10.806,7.933,0.000
-5.341,12.712,5.937,5.028,-3.507,-1.241,8.981,6.063,0.000
-5.460,14.659,4.338,4.647,-4.389,-0.308,5.925,3.251,0.000
-5.042,16.181,2.995,3.867,-5.434,0.835,1.855,0.521,0.000
-4.172,16.954,1.879,2.602,-6.011,2.202,-2.801,-1.328,0.000
-3.322,16.981,0.772,1.055,-5.773,3.682,-7.405,-1.930,0.000
-3.103,16.462,-0.538,-0.426,-4.673,5.111,-11.280,-1.317,0.000
-3.862,15.536,-1.932,-1.595,-2.979,6.397,-13.923,0.097,0.000
-5.512,14.134,-2.805,-2.420,-1.234,7.568,-15.035,1.568,0.000
-7.638,12.078,-2.437,-2.974,0.021,8.692,-14.532,2.325,0.000
-9.591,9.374,-0.657,-3.203,0.611,9.711,-12.685,1.980,0.000
-10.536,6.366,1.866,-2.797,0.861,10.348,-10.154,0.653,0.000
-9.761,3.571,4.050,-1.385,1.323,10.227,-7.739,-1.237,0.000
-7.211,1.411,5.072,1.020,2.335,9.113,-6.096,-3.233,0.000
-3.672,0.102,4.663,3.812,3.832,7.016,-5.646,-4.971,0.000
-0.316,-0.340,3.034,6.128,5.462,4.199,-6.528,-6.216,0.000
1.926,-0.091,0.781,7.384,6.778,1.311,-8.450,-6.887,0.000
2.627,0.516,-1.215,7.505,7.340,-0.550,-10.648,-7.011,0.000
1.814,1.127,-2.162,6.769,6.856,-0.285,-12.229,-6.661,0.000
-0.047,1.498,-1.889,5.555,5.438,2.427,-12.641,-5.903,0.000
-2.116,1.530,-1.027,4.189,3.667,6.844,-11.835,-4.787,0.000
-3.510,1.208,-0.546,2.880,2.293,11.652,-10.088,-3.388,0.000
-3.702,0.523,-1.061,1.725,1.802,15.631,-7.780,-1.954,0.000
-2.644,-0.571,-2.527,0.762,2.244,17.938,-5.262,-0.969,0.000
-0.623,-2.084,-4.463,0.017,3.336,18.206,-2.815,-0.938,0.000
1.864,-3.784,-6.314,-0.451,4.567,16.712,-0.702,-1.978,0.000
4.171,-5.087,-7.645,-0.543,5.268,14.356,0.757,-3.646,0.000
5.735,-5.347,-8.242,-0.160,4.888,12.189,1.291,-5.227,0.000
6.396,-4.365,-8.223,0.689,3.457,10.790,0.922,-6.175,0.000
6.491,-2.608,-8.023,1.856,1.746,10.041,0.071,-6.294,0.000
6.582,-0.895,-8.162,3.125,0.820,9.426,-0.676,-5.698,0.000
7.049,0.071,-8.914,4.323,1.333,8.501,-0.909,-4.736,0.000
7.910,-0.094,-10.178,5.350,3.248,7.127,-0.554,-3.920,0.000
8.950,-1.419,-11.609,6.155,6.049,5.405,0.219,-3.694,0.000
9.955,-3.506,-12.768,6.671,9.050,3.512,1.123,-4.089,0.000
10.843,-5.537,-13.197,6.771,11.558,1.593,1.835,-4.601,0.000
11.627,-6.647,-12.568,6.339,13.037,-0.281,2.120,-4.529,0.000
12.281,-6.449,-10.955,5.451,13.281,-2.085,1.989,-3.507,0.000
12.649,-5.217,-8.924,4.446,12.419,-3.797,1.735,-1.734,0.000
12.502,-3.570,-7.229,3.765,10.773,-5.340,1.712,0.252,0.000
11.682,-2.007,-6.373,3.665,8.779,-6.482,1.968,1.929,0.000
10.164,-0.693,-6.435,4.104,6.961,-6.787,2.094,2.955,0.000
8.056,0.466,-7.173,4.855,5.793,-5.835,1.552,3.199,0.000
5.661,1.638,-8.153,5.667,5.490,-3.661,0.285,2.740,0.000
3.490,2.931,-8.833,6.360,5.948,-0.936,-1.001,1.819,0.000
2.043,4.321,-8.768,6.879,6.843,1.412,-1.288,0.721,0.000
1.448,5.553,-7.918,7.364,7.702,2.775,-0.051,-0.334,0.000
1.327,6.109,-6.740,8.160,7.927,3.103,2.378,-1.205,0.000
1.085,5.450,-5.857,9.642,7.010,2.712,5.119,-1.836,0.000
0.346,3.449,-5.542,11.910,4.909,1.966,7.206,-2.261,0.000
-0.847,0.555,-5.490,14.668,2.179,1.086,7.832,-2.596,0.000
-2.161,-2.476,-5.086,17.395,-0.340,0.096,6.577,-2.983,0.000
-3.210,-4.933,-3.858,19.568,-1.942,-1.185,3.808,-3.491,0.000
-3.665,-6.290,-1.701,20.740,-2.230,-3.106,0.787,-4.084,0.000
-3.329,-6.285,1.162,20.622,-1.136,-5.922,-1.007,-4.663,0.000
-2.215,-5.071,4.196,19.229,0.978,-9.300,-0.890,-5.128,0.000
-0.545,-3.229,6.595,16.895,3.314,-12.102,0.615,-5.411,0.000
1.356,-1.472,7.630,14.074,4.991,-12.978,2.284,-5.481,0.000
3.143,-0.276,7.219,11.113,5.512,-11.389,2.926,-5.363,0.000
4.455,0.253,6.122,8.169,4.929,-8.019,1.732,-5.136,0.000
4.994,0.254,5.420,5.275,3.629,-4.218,-1.538,-4.931,0.000
4.642,-0.084,5.689,2.498,2.054,-1.164,-6.213,-4.965,0.000
3.501,-0.636,6.641,0.045,0.558,0.528,-10.635,-5.567,0.000
1.838,-1.345,7.502,-1.831,-0.616,0.790,-12.962,-7.038,0.000
0.094,-2.156,7.660,-3.016,-1.279,0.024,-12.414,-9.359,0.000
-1.101,-2.965,7.004,-3.619,-1.229,-1.028,-9.728,-12.064,0.000
-1.169,-3.640,5.840,-3.870,-0.334,-1.630,-6.425,-14.488,0.000
-0.016,-4.093,4.739,-3.957,1.202,-1.472,-3.707,-16.105,0.000
1.809,-4.306,4.412,-3.948,2.714,-0.800,-1.937,-16.668,0.000
3.453,-4.305,5.402,-3.836,3.388,-0.133,-0.864,-16.179,0.000
4.248,-4.110,7.584,-3.663,2.782,0.157,-0.120,-14.869,0.000
3.910,-3.703,9.992,-3.592,1.038,0.026,0.437,-13.154,0.000
2.488,-3.070,11.394,-3.819,-1.313,-0.329,0.711,-11.477,0.000
0.283,-2.291,11.197,-4.387,-3.615,-0.644,0.504,-10.147,0.000
-2.222,-1.594,9.814,-5.097,-5.217,-0.682,-0.374,-9.303,0.000
-4.532,-1.276,8.235,-5.633,-5.659,-0.302,-1.983,-8.943,0.000
-6.291,-1.550,7.329,-5.785,-4.950,0.477,-4.072,-8.940,0.000
-7.301,-2.497,7.514,-5.551,-3.635,1.467,-6.013,-9.057,0.000
-7.495,-4.055,8.752,-5.106,-2.465,2.409,-7.094,-9.023,0.000
-6.967,-5.952,10.579,-4.782,-1.959,3.070,-6.959,-8.615,0.000
-5.961,-7.687,12.184,-5.040,-2.229,3.273,-5.769,-7.673,0.000
-4.797,-8.741,12.757,-6.270,-3.099,2.905,-4.013,-6.129,0.000
-3.827,-8.909,11.979,-8.404,-4.276,1.949,-2.286,-4.101,0.000
-3.432,-8.419,10.171,-10.782,-5.459,0.483,-1.172,-1.934,0.000
-3.929,-7.721,7.991,-12.496,-6.412,-1.378,-1.087,-0.066,0.000
-5.385,-7.170,6.026,-12.946,-7.012,-3.515,-2.010,1.115,0.000
-7.560,-6.880,4.605,-12.048,-7.243,-5.812,-3.410,1.321,0.000
-10.034,-6.768,3.810,-10.070,-7.179,-8.138,-4.552,0.438,0.000
-12.329,-6.644,3.497,-7.412,-7.033,-10.260,-4.911,-1.269,0.000
-13.946,-6.280,3.361,-4.473,-7.179,-11.784,-4.336,-3.081,0.000
-14.497,-5.462,3.071,-1.609,-7.955,-12.349,-2.982,-4.154,0.000
-13.939,-4.023,2.413,0.758,-9.285,-11.994,-1.238,-4.013,0.000
-12.634,-1.847,1.336,2.038,-10.516,-11.314,0.328,-2.743,0.000
-11.128,1.062,-0.093,1.700,-10.782,-11.096,1.192,-0.798,0.000
-9.861,4.336,-1.703,-0.230,-9.619,-11.727,1.185,1.240,0.000
-9.051,7.118,-3.235,-2.961,-7.226,-12.920,0.585,2.784,0.000
-8.733,8.448,-4.422,-5.345,-4.218,-13.984,-0.125,3.389,0.000
-8.810,7.918,-5.090,-6.479,-1.278,-14.243,-0.615,2.945,0.000
-9.120,5.926,-5.189,-5.963,1.018,-13.242,-0.871,1.707,0.000
-9.484,3.336,-4.740,-3.894,2.300,-10.857,-1.086,0.096,0.000
-9.705,1.004,-3.795,-0.936,2.506,-7.494,-1.463,-1.506,0.000
-9.552,-0.450,-2.407,1.697,1.854,-4.140,-2.100,-2.852,0.000
-8.819,-0.760,-0.628,2.781,0.674,-1.871,-2.975,-3.831,0.000
-7.458,-0.189,1.427,1.905,-0.749,-1.123,-3.936,-4.482,0.000
-5.637,0.456,3.537,-0.232,-2.226,-1.407,-4.717,-4.968,0.000
-3.653,0.271,5.432,-2.388,-3.650,-1.758,-5.056,-5.461,0.000
-1.872,-1.091,6.853,-3.618,-4.929,-1.391,-4.868,-6.000,0.000
-0.701,-3.159,7.567,-3.649,-5.934,-0.021,-4.307,-6.422,0.000
-0.457,-5.060,7.451,-2.725,-6.525,2.198,-3.618,-6.453,0.000
-1.112,-6.154,6.698,-1.319,-6.612,4.775,-2.932,-5.868,0.000
-2.207,-6.330,5.887,0.057,-6.171,6.979,-2.163,-4.552,0.000
-3.122,-5.868,5.716,1.043,-5.230,8.143,-1.105,-2.539,0.000
-3.456,-5.201,6.561,1.599,-3.870,8.086,0.385,-0.156,0.000
-3.191,-4.749,8.310,2.028,-2.225,7.243,2.291,1.933,0.000
-2.577,-4.776,10.525,2.696,-0.475,6.331,4.466,3.016,0.000
-1.957,-5.209,12.657,3.586,1.106,5.864,6.639,2.829,0.000
-1.670,-5.600,14.153,4.106,2.108,5.946,8.431,1.739,0.000
-1.961,-5.405,14.616,3.479,2.144,6.384,9.489,0.437,0.000
-2.873,-4.405,14.039,1.451,1.155,6.889,9.702,-0.510,0.000
-4.226,-2.884,12.864,-1.397,-0.471,7.193,9.270,-0.878,0.000
-5.719,-1.395,11.715,-4.058,-2.153,7.122,8.530,-0.781,0.000
-7.013,-0.413,11.040,-5.752,-3.483,6.664,7.719,-0.687,0.000
-7.747,-0.182,10.967,-6.233,-4.382,5.957,6.868,-1.378,0.000
-7.629,-0.707,11.377,-5.721,-4.970,5.204,5.902,-3.574,0.000
-6.597,-1.749,11.992,-4.802,-5.317,4.572,4.857,-7.268,0.000
-4.874,-2.854,12.449,-4.331,-5.285,4.162,4.001,-11.466,0.000
-2.845,-3.549,12.425,-5.062,-4.635,4.012,3.690,-14.737,0.000
-0.956,-3.604,11.816,-7.076,-3.281,4.098,4.075,-16.020,0.000
0.324,-3.109,10.784,-9.593,-1.426,4.336,4.970,-14.960,0.000
0.651,-2.314,9.639,-11.458,0.524,4.600,5.985,-11.835,0.000
0.066,-1.379,8.695,-11.892,2.058,4.703,6.707,-7.567,0.000
-0.914,-0.263,8.215,-10.793,2.605,4.387,6.803,-3.669,0.000
-1.589,1.207,8.320,-8.564,1.734,3.445,6.114,-1.673,0.000
-1.513,3.151,8.824,-5.872,-0.481,1.993,4.848,-2.295,0.000
-0.668,5.540,9.169,-3.500,-3.329,0.575,3.631,-5.160,0.000
0.663,8.203,8.709,-2.093,-5.872,-0.125,3.181,-9.234,0.000
2.066,10.817,7.174,-1.821,-7.539,0.221,3.780,-13.299,0.000
3.104,12.896,4.849,-2.306,-8.363,1.388,5.071,-16.175,0.000
3.453,13.977,2.275,-2.930,-8.765,2.829,6.369,-16.995,0.000
3.096,13.925,-0.220,-3.248,-9.194,4.039,7.152,-15.613,0.000
2.370,13.039,-2.742,-3.172,-9.925,4.732,7.285,-12.686,0.000
1.748,11.837,-5.606,-2.870,-11.005,4.847,6.938,-9.242,0.000
1.529,10.777,-8.848,-2.587,-12.179,4.538,6.420,-6.204,0.000
1.720,10.136,-11.964,-2.540,-12.906,4.111,6.068,-4.198,0.000
2.137,9.972,-14.178,-2.838,-12.656,3.884,6.120,-3.508,0.000
2.587,10.080,-14.956,-3.383,-11.398,4.002,6.572,-3.991,0.000
2.962,9.986,-14.220,-3.853,-9.796,4.384,7.137,-5.096,0.000
3.262,9.189,-12.262,-3.876,-8.794,4.834,7.438,-6.174,0.000
3.616,7.523,-9.631,-3.309,-8.957,5.182,7.273,-6.853,0.000
4.260,5.295,-7.046,-2.345,-10.191,5.359,6.722,-7.181,0.000
5.396,3.071,-5.140,-1.339,-11.965,5.362,6.017,-7.440,0.000
6.923,1.366,-4.105,-0.525,-13.655,5.193,5.340,-7.846,0.000
8.333,0.517,-3.601,0.111,-14.732,4.808,4.719,-8.384,0.000
9.020,0.659,-3.050,0.742,-14.878,4.159,4.056,-8.858,0.000
8.826,1.690,-2.080,1.528,-14.132,3.290,3.199,-8.985,0.000
8.266,3.285,-0.722,2.514,-12.894,2.389,1.991,-8.456,0.000
8.152,5.032,0.747,3.635,-11.673,1.693,0.341,-7.046,0.000
8.930,6.523,2.063,4.738,-10.765,1.333,-1.660,-4.799,0.000
10.373,7.372,3.116,5.602,-10.126,1.266,-3.685,-2.097,0.000
11.819,7.288,3.940,6.029,-9.512,1.360,-5.332,0.549,0.000
12.573,6.246,4.651,5.973,-8.702,1.538,-6.346,2.772,0.000
12.100,4.532,5.386,5.585,-7.614,1.854,-6.696,4.445,0.000
10.172,2.611,6.228,5.129,-6.302,2.414,-6.489,5.603,0.000
7.109,0.993,7.100,4.894,-4.932,3.199,-5.834,6.304,0.000
3.840,0.188,7.724,5.156,-3.765,3.978,-4.762,6.538,0.000
1.459,0.571,7.775,6.090,-3.066,4.440,-3.272,6.262,0.000
0.603,2.104,7.132,7.585,-2.993,4.460,-1.466,5.554,0.000
1.224,4.253,5.985,9.174,-3.574,4.205,0.354,4.678,0.000
2.832,6.311,4.716,10.272,-4.735,3.970,1.791,3.946,0.000
4.807,7.847,3.752,10.529,-6.298,3.867,2.493,3.466,0.000
6.559,8.894,3.508,9.968,-7.977,3.678,2.209,3.021,0.000
7.644,9.760,4.240,8.853,-9.451,3.038,0.853,2.216,0.000
7.849,10.699,5.786,7.500,-10.443,1.813,-1.333,0.737,0.000
7.175,11.727,7.471,6.178,-10.724,0.284,-3.712,-1.535,0.000
5.785,12.669,8.501,5.068,-10.176,-1.019,-5.560,-4.515,0.000
4.053,13.265,8.591,4.271,-8.952,-1.586,-6.506,-7.858,0.000
2.596,13.240,8.219,3.846,-7.533,-1.048,-6.708,-10.944,0.000
2.003,12.412,8.203,3.807,-6.516,0.706,-6.636,-13.132,0.000
2.375,10.866,8.968,4.062,-6.307,3.300,-6.765,-14.127,0.000
3.140,9.002,10.204,4.381,-7.003,5.790,-7.425,-14.100,0.000
3.422,7.295,11.171,4.479,-8.438,7.087,-8.748,-13.481,0.000
2.647,5.937,11.278,4.149,-10.209,6.593,-10.604,-12.666,0.000
0.801,4.689,10.360,3.310,-11.699,4.441,-12.608,-11.881,0.000
-1.712,3.172,8.643,2.003,-12.346,1.268,-14.282,-11.182,0.000
-4.283,1.394,6.665,0.431,-12.083,-2.012,-15.247,-10.513,0.000
-6.212,0.009,5.204,-1.043,-11.484,-4.324,-15.266,-9.764,0.000
-6.917,-0.080,4.945,-2.072,-11.367,-4.764,-14.267,-8.850,0.000
-6.208,1.527,5.994,-2.626,-12.127,-3.115,-12.438,-7.822,0.000
-4.346,4.383,7.709,-3.105,-13.452,0.000,-10.253,-6.897,0.000
-1.854,7.503,9.133,-4.065,-14.641,3.530,-8.255,-6.326,0.000
0.626,9.795,9.637,-5.760,-15.172,6.494,-6.765,-6.149,0.000
2.394,10.263,9.185,-7.925,-14.971,8.174,-5.774,-6.094,0.000
2.883,8.293,8.133,-9.970,-14.301,8.230,-5.071,-5.735,0.000
2.009,4.171,6.894,-11.264,-13.545,6.901,-4.440,-4.748,0.000
0.285,-0.765,5.748,-11.260,-13.058,5.027,-3.772,-3.021,0.000
-1.479,-4.832,4.812,-9.650,-13.065,3.604,-3.086,-0.639,0.000
-2.539,-6.995,4.083,-6.655,-13.541,3.149,-2.542,2.088,0.000
-2.366,-7.251,3.500,-3.108,-14.203,3.464,-2.435,4.629,0.000
-0.723,-6.262,3.022,-0.025,-14.678,3.908,-3.051,6.402,0.000
2.154,-4.821,2.704,2.014,-14.699,3.813,-4.427,6.998,0.000
5.521,-3.558,2.720,3.091,-14.188,2.685,-6.261,6.241,0.000
8.457,-2.825,3.274,3.654,-13.193,0.349,-8.059,4.191,0.000
10.284,-2.668,4.414,4.027,-11.842,-2.798,-9.308,1.292,0.000
10.703,-2.888,5.973,4.152,-10.296,-5.714,-9.547,-1.579,0.000
9.736,-3.222,7.654,3.737,-8.698,-7.218,-8.513,-3.445,0.000
7.703,-3.543,9.139,2.629,-7.129,-6.765,-6.474,-3.733,0.000
5.175,-3.922,10.132,1.004,-5.605,-4.752,-4.336,-2.442,0.000
2.788,-4.502,10.405,-0.755,-4.130,-2.135,-3.159,0.017,0.000
1.053,-5.264,9.892,-2.302,-2.789,0.070,-3.372,2.965,0.000
0.326,-5.906,8.696,-3.451,-1.802,1.017,-4.454,5.540,0.000
0.778,-6.018,7.030,-4.181,-1.383,0.209,-5.381,6.998,0.000
2.251,-5.380,5.204,-4.620,-1.461,-2.233,-5.340,7.150,0.000
4.233,-4.101,3.630,-5.003,-1.560,-5.533,-4.073,6.492,0.000
6.066,-2.512,2.713,-5.567,-1.073,-8.672,-1.810,5.801,0.000
7.224,-1.042,2.691,-6.424,0.262,-10.910,0.812,5.541,0.000
7.400,-0.147,3.588,-7.528,2.154,-11.967,2.851,5.590,0.000
6.524,-0.166,5.269,-8.737,4.018,-11.926,3.451,5.474,0.000
4.859,-1.065,7.435,-9.897,5.399,-11.124,2.435,4.789,0.000
3.011,-2.358,9.632,-10.863,6.173,-10.058,0.511,3.421,0.000
1.656,-3.364,11.374,-11.506,6.450,-9.226,-1.208,1.526,0.000
1.135,-3.555,12.309,-11.687,6.383,-8.967,-1.865,-0.503,0.000
1.323,-2.690,12.250,-11.228,6.031,-9.441,-1.149,-2.089,0.000
1.854,-0.823,11.193,-9.981,5.343,-10.630,0.788,-2.709,0.000
2.478,1.618,9.433,-7.998,4.213,-12.255,3.404,-2.254,0.000
3.239,3.827,7.610,-5.611,2.525,-13.749,5.853,-1.154,0.000
4.356,4.982,6.445,-3.291,0.288,-14.513,7.285,-0.057,0.000
5.937,4.820,6.356,-1.490,-2.091,-14.336,7.232,0.639,0.000
7.834,3.856,7.314,-0.586,-3.679,-13.555,5.707,0.985,0.000
9.712,2.967,8.954,-0.804,-3.473,-12.777,3.074,1.298,0.000
11.190,2.775,10.652,-2.055,-1.210,-12.437,-0.028,1.817,0.000
11.904,3.362,11.570,-3.889,2.306,-12.599,-2.718,2.518,0.000
11.638,4.429,10.969,-5.706,5.775,-13.034,-4.148,3.185,0.000
10.566,5.570,8.729,-7.012,8.274,-13.359,-3.931,3.574,0.000
9.330,6.453,5.530,-7.507,9.635,-13.127,-2.258,3.504,0.000
8.693,6.923,2.426,-7.082,10.200,-11.996,0.320,2.921,0.000
8.996,7.123,0.242,-5.844,10.331,-9.982,3.112,1.986,0.000
9.940,7.502,-0.669,-4.099,10.114,-7.543,5.394,1.099,0.000
10.887,8.538,-0.374,-2.201,9.378,-5.303,6.588,0.710,0.000
11.324,10.285,0.722,-0.397,7.870,-3.675,6.535,1.037,0.000
11.097,12.187,1.958,1.225,5.376,-2.706,5.550,1.957,0.000
10.350,13.394,2.702,2.676,1.836,-2.164,4.184,3.123,0.000
9.420,13.275,2.703,3.970,-2.444,-1.642,2.955,4.073,0.000
8.745,11.628,2.201,5.051,-6.715,-0.637,2.232,4.288,0.000
8.675,8.640,1.653,5.772,-10.118,1.262,2.195,3.366,0.000
9.196,4.908,1.316,5.847,-12.170,4.040,2.775,1.325,0.000
9.841,1.422,1.050,4.830,-12.933,7.141,3.659,-1.288,0.000
10.002,-0.813,0.497,2.338,-12.789,9.763,4.486,-3.718,0.000
9.421,-1.308,-0.582,-1.480,-12.145,11.281,5.100,-5.463,0.000
8.400,-0.267,-2.135,-5.746,-11.263,11.403,5.657,-6.453,0.000
7.533,1.690,-3.902,-9.297,-10.248,10.173,6.454,-6.944,0.000
7.265,3.830,-5.553,-11.363,-9.111,8.048,7.644,-7.359,0.000
7.687,5.465,-6.771,-11.838,-7.840,5.896,9.090,-8.176,0.000
8.618,6.122,-7.317,-11.085,-6.468,4.635,10.463,-9.731,0.000
9.758,5.796,-7.115,-9.674,-5.189,4.701,11.387,-11.898,0.000
10.796,5.006,-6.252,-8.212,-4.403,5.868,11.513,-13.969,0.000
11.517,4.471,-4.898,-7.157,-4.523,7.519,10.647,-15.058,0.000
11.928,4.656,-3.265,-6.634,-5.608,9.007,9.018,-14.734,0.000
12.279,5.589,-1.588,-6.408,-7.214,9.828,7.358,-13.271,0.000
12.853,6.978,-0.071,-6.090,-8.613,9.688,6.524,-11.331,0.000
13.614,8.348,1.200,-5.411,-9.083,8.591,6.866,-9.460,0.000
14.061,9.132,2.276,-4.336,-8.027,6.817,7.982,-7.852,0.000
13.553,8.900,3.274,-3.012,-5.172,4.760,9.054,-6.454,0.000
11.909,7.736,4.288,-1.695,-1.005,2.784,9.371,-5.256,0.000
9.666,6.368,5.336,-0.713,3.059,1.183,8.583,-4.475,0.000
7.709,5.715,6.376,-0.325,5.333,0.154,6.738,-4.456,0.000
6.638,6.161,7.336,-0.503,4.873,-0.250,4.390,-5.406,0.000
6.491,7.244,8.130,-0.859,1.862,-0.106,2.601,-7.266,0.000
6.904,8.051,8.668,-0.889,-2.732,0.453,2.430,-9.745,0.000
7.416,7.875,8.875,-0.380,-7.550,1.307,4.119,-12.319,0.000
7.639,6.517,8.672,0.423,-11.039,2.383,6.772,-14.244,0.000
7.369,4.200,8.028,1.078,-11.934,3.603,8.958,-14.867,0.000
6.695,1.417,7.080,1.395,-9.975,4.760,9.607,-14.171,0.000
6.005,-1.182,6.185,1.665,-6.113,5.437,8.395,-12.962,0.000
5.762,-3.021,5.770,2.420,-1.851,5.210,5.611,-12.357,0.000
6.200,-3.863,6.074,3.987,1.605,4.039,1.969,-12.963,0.000
7.209,-3.864,7.046,6.259,3.689,2.423,-1.542,-14.516,0.000
8.478,-3.358,8.445,8.799,4.383,1.077,-4.010,-16.243,0.000
9.700,-2.581,9.945,10.970,4.043,0.393,-5.028,-17.436,0.000
10.656,-1.537,11.199,12.006,3.246,0.197,-4.794,-17.742,0.000
11.216,-0.132,11.958,11.291,2.588,-0.006,-3.808,-17.169,0.000
11.282,1.533,12.253,8.825,2.554,-0.625,-2.462,-16.026,0.000
10.738,3.001,12.444,5.384,3.510,-1.763,-0.858,-14.841,0.000
9.534,3.665,12.966,2.058,5.627,-3.255,1.056,-14.118,0.000
7.936,3.126,13.917,-0.386,8.605,-4.764,3.152,-14.029,0.000
6.639,1.360,14.870,-1.757,11.566,-5.851,4.925,-14.310,0.000
6.442,-1.325,15.178,-2.253,13.481,-6.148,5.732,-14.478,0.000
7.659,-4.244,14.502,-2.146,13.865,-5.613,5.244,-14.103,0.000
9.875,-6.329,13.049,-1.584,13.048,-4.602,3.654,-12.929,0.000
12.264,-6.574,11.351,-0.611,11.813,-3.618,1.506,-10.887,0.000
14.026,-4.796,9.919,0.651,10.833,-2.948,-0.502,-8.138,0.000
14.596,-1.915,9.059,1.875,10.394,-2.514,-1.621,-5.070,0.000
13.702,0.617,8.826,2.662,10.410,-2.064,-1.279,-2.153,0.000
11.469,1.640,8.960,2.787,10.510,-1.527,0.547,0.213,0.000
8.396,0.643,8.901,2.316,10.124,-1.196,3.221,1.730,0.000
5.115,-2.284,8.083,1.522,8.743,-1.496,5.812,2.269,0.000
2.170,-6.442,6.371,0.776,6.315,-2.509,7.568,2.043,0.000
-0.044,-10.593,4.243,0.492,3.379,-3.753,8.100,1.663,0.000
-1.289,-13.449,2.445,0.968,0.726,-4.486,7.384,1.831,0.000
-1.527,-14.307,1.469,2.135,-1.077,-4.263,5.826,2.859,0.000
-0.894,-13.253,1.326,3.474,-1.886,-3.179,4.248,4.468,0.000
0.378,-10.865,1.696,4.348,-1.899,-1.694,3.511,6.023,0.000
1.981,-7.910,2.171,4.539,-1.559,-0.334,3.982,6.874,0.000
3.543,-5.184,2.403,4.467,-1.478,0.463,5.333,6.508,0.000
4.742,-3.318,2.172,4.838,-2.198,0.414,6.872,4.682,0.000
5.504,-2.559,1.442,6.017,-3.837,-0.574,8.016,1.674,0.000
6.064,-2.744,0.350,7.735,-5.967,-2.436,8.515,-1.650,0.000
6.775,-3.510,-0.870,9.347,-7.894,-5.008,8.400,-4.268,0.000
7.793,-4.507,-1.917,10.294,-9.031,-7.964,7.871,-5.639,0.000
8.929,-5.506,-2.418,10.319,-9.048,-10.770,7.200,-5.940,0.000
9.809,-6.365,-2.067,9.480,-7.863,-12.852,6.623,-5.781,0.000
10.134,-6.929,-0.894,8.135,-5.657,-13.865,6.270,-5.793,0.000
9.800,-6.951,0.628,6.892,-2.838,-13.774,6.148,-6.410,0.000
8.868,-6.168,1.873,6.319,0.085,-12.762,6.196,-7.784,0.000
7.493,-4.508,2.507,6.500,2.571,-11.139,6.315,-9.653,0.000
5.870,-2.173,2.686,6.885,4.032,-9.289,6.385,-11.336,0.000
4.157,0.458,2.825,6.683,3.989,-7.561,6.336,-12.075,0.000
2.391,2.929,3.214,5.513,2.414,-6.183,6.274,-11.571,0.000
0.487,4.743,3.821,3.682,-0.155,-5.256,6.532,-10.170,0.000
-1.643,5.522,4.406,1.889,-2.876,-4.816,7.466,-8.540,0.000
-3.853,5.295,4.777,0.726,-4.905,-4.890,9.060,-7.168,0.000
-5.638,4.587,4.930,0.436,-5.508,-5.539,10.753,-6.127,0.000
-6.377,4.104,5.001,0.928,-4.255,-6.764,11.735,-5.190,0.000
-5.749,4.277,5.125,1.802,-1.400,-8.249,11.435,-4.061,0.000
-3.895,5.062,5.356,2.417,1.991,-9.241,9.723,-2.523,0.000
-1.281,6.122,5.644,2.201,4.584,-8.879,6.853,-0.536,0.000
1.461,7.124,5.810,1.148,5.551,-6.777,3.443,1.600,0.000
3.605,7.888,5.548,-0.008,4.871,-3.263,0.442,3.197,0.000
4.542,8.383,4.540,-0.264,3.068,0.895,-1.241,3.509,0.000
4.101,8.643,2.631,0.869,0.851,4.818,-1.286,2.295,0.000
2.635,8.698,-0.106,3.030,-1.084,7.671,-0.143,0.024,0.000
0.769,8.528,-3.440,5.376,-2.212,8.867,1.365,-2.455,0.000
-0.885,8.031,-7.016,7.154,-2.329,8.385,2.610,-4.382,0.000
-1.848,7.020,-10.349,7.978,-1.543,6.833,3.413,-5.294,0.000
-1.809,5.334,-12.947,7.813,-0.162,5.062,3.895,-5.053,0.000
-0.682,3.066,-14.458,6.885,1.344,3.657,4.183,-3.892,0.000
1.424,0.651,-14.698,5.575,2.350,2.742,4.217,-2.375,0.000
4.283,-1.348,-13.618,4.218,2.280,2.145,3.834,-1.126,0.000
7.547,-2.592,-11.368,2.890,0.975,1.719,3.015,-0.480,0.000
10.725,-3.097,-8.293,1.341,-1.173,1.523,2.024,-0.359,0.000
13.325,-3.113,-4.850,-0.753,-3.484,1.726,1.249,-0.454,0.000
15.044,-2.946,-1.588,-3.343,-5.337,2.355,0.916,-0.479,0.000
15.827,-2.852,0.825,-5.802,-6.314,3.160,0.947,-0.298,0.000
15.787,-2.985,1.823,-7.261,-6.216,3.761,1.085,0.089,0.000
15.141,-3.357,1.365,-7.186,-5.088,3.925,1.097,0.614,0.000
14.171,-3.846,0.076,-5.627,-3.183,3.697,0.900,1.192,0.000
13.147,-4.294,-1.121,-3.062,-0.883,3.297,0.562,1.751,0.000
12.285,-4.628,-1.563,-0.246,1.269,2.949,0.290,2.249,0.000
11.749,-4.918,-1.079,1.887,2.525,2.775,0.403,2.663,0.000
11.625,-5.306,0.118,2.562,2.203,2.770,1.175,2.974,0.000
11.840,-5.911,1.584,1.687,0.217,2.792,2.555,3.171,0.000
12.129,-6.775,2.756,0.021,-2.717,2.572,4.062,3.243,0.000
12.180,-7.834,3.164,-1.340,-5.499,1.872,5.084,3.195,0.000
11.855,-8.834,2.700,-1.728,-7.245,0.738,5.350,3.089,0.000
11.279,-9.295,1.707,-1.231,-7.534,-0.387,5.136,3.059,0.000
10.719,-8.755,0.732,-0.401,-6.396,-0.943,5.005,3.263,0.000
10.373,-7.219,0.216,0.232,-4.325,-0.709,5.371,3.793,0.000
10.269,-5.351,0.364,0.418,-2.226,0.005,6.292,4.648,0.000
10.302,-4.091,1.158,0.163,-0.993,0.590,7.549,5.732,0.000
10.286,-4.072,2.352,-0.404,-0.882,0.509,8.777,6.830,0.000
9.998,-5.358,3.500,-1.143,-1.299,-0.518,9.563,7.592,0.000
9.252,-7.568,4.155,-1.943,-1.261,-2.471,9.583,7.709,0.000
8.013,-9.987,4.163,-2.700,-0.144,-4.892,8.799,7.229,0.000
6.428,-11.657,3.769,-3.269,1.990,-6.857,7.511,6.684,0.000
4.732,-11.734,3.412,-3.483,4.619,-7.359,6.144,6.794,0.000
3.135,-10.061,3.423,-3.216,7.118,-5.893,4.961,7.959,0.000
1.780,-7.352,3.890,-2.400,8.960,-2.659,3.952,10.052,0.000
0.688,-4.715,4.712,-1.046,9.830,1.703,2.983,12.592,0.000
-0.345,-2.981,5.701,0.681,9.745,6.411,2.092,14.977,0.000
-1.784,-2.422,6.647,2.436,9.040,10.677,1.644,16.611,0.000
-4.102,-2.850,7.363,3.820,8.174,13.856,2.099,17.040,0.000
-7.305,-3.767,7.697,4.551,7.524,15.601,3.532,16.169,0.000
-10.730,-4.475,7.518,4.521,7.318,15.850,5.415,14.283,0.000
-13.426,-4.337,6.750,3.790,7.645,14.764,6.902,11.855,0.000
-14.760,-3.113,5.507,2.643,8.465,12.821,7.296,9.336,0.000
-14.667,-1.050,4.153,1.603,9.627,10.845,6.252,7.085,0.000
-13.485,1.334,3.134,1.199,10.951,9.683,3.841,5.363,0.000
-11.714,3.497,2.734,1.595,12.281,9.692,0.739,4.363,0.000
-9.864,4.974,2.968,2.445,13.501,10.548,-1.722,4.255,0.000
-8.308,5.451,3.631,3.165,14.533,11.578,-2.161,5.103,0.000
-7.142,4.868,4.333,3.348,15.318,12.266,-0.118,6.586,0.000
-6.176,3.429,4.526,2.953,15.795,12.481,3.572,7.876,0.000
-5.101,1.480,3.738,2.208,15.918,12.351,7.401,8.017,0.000
-3.714,-0.559,1.996,1.437,15.714,11.958,10.062,6.587,0.000
-2.017,-2.216,-0.020,0.956,15.306,11.167,10.849,3.954,0.000
-0.138,-3.104,-1.395,0.951,14.878,9.720,9.677,0.938,0.000
1.773,-3.161,-1.634,1.313,14.625,7.531,7.152,-1.697,0.000
3.591,-2.729,-0.943,1.592,14.748,4.838,4.507,-3.472,0.000
5.213,-2.308,0.077,1.251,15.353,2.105,3.043,-4.220,0.000
6.483,-2.206,0.920,0.079,16.263,-0.108,3.356,-4.070,0.000
7.138,-2.375,1.431,-1.643,16.930,-1.202,5.073,-3.370,0.000
6.904,-2.538,1.729,-3.339,16.711,-0.743,7.274,-2.515,0.000
5.709,-2.401,2.018,-4.417,15.327,1.157,9.079,-1.783,0.000
3.777,-1.758,2.452,-4.400,13.047,3.706,9.910,-1.296,0.000
1.514,-0.532,3.110,-3.066,10.434,5.845,9.543,-1.072,0.000
-0.577,1.199,4.040,-0.764,7.958,6.809,8.142,-1.096,0.000
-1.937,3.199,5.302,1.506,5.824,6.354,6.200,-1.355,0.000
-2.109,5.174,6.926,2.637,4.024,4.642,4.298,-1.820,0.000
-1.022,6.843,8.755,2.332,2.511,2.118,2.841,-2.345,0.000
0.919,7.948,10.358,1.473,1.324,-0.579,1.976,-2.619,0.000
3.061,8.291,11.214,1.456,0.603,-2.827,1.684,-2.305,0.000
4.781,7.844,11.027,3.073,0.569,-4.231,1.892,-1.306,0.000
5.580,6.770,9.852,6.004,1.502,-4.660,2.550,0.123,0.000
5.196,5.340,8.013,9.224,3.568,-4.166,3.611,1.510,0.000
3.815,3.872,6.027,11.694,6.436,-2.947,4.911,2.346,0.000
2.124,2.702,4.567,12.710,9.117,-1.312,6.104,2.152,0.000
0.974,2.071,4.189,12.033,10.414,0.414,6.843,0.621,0.000
0.897,1.914,4.884,10.046,9.644,1.957,7.133,-2.093,0.000
1.922,1.788,5.920,7.733,6.918,3.107,7.480,-5.284,0.000
3.734,1.151,6.279,6.176,2.881,3.754,8.558,-8.019,0.000
5.875,-0.181,5.342,5.855,-1.605,3.978,10.636,-9.595,0.000
7.860,-1.833,3.174,6.397,-5.628,4.083,13.311,-9.692,0.000
9.312,-3.154,0.305,7.008,-8.467,4.439,15.811,-8.312,0.000
10.119,-3.679,-2.580,7.138,-9.915,5.261,17.495,-5.727,0.000
10.451,-3.347,-4.808,6.793,-10.328,6.516,18.077,-2.418,0.000
10.606,-2.448,-5.887,6.340,-10.310,8.009,17.591,1.071,0.000
10.810,-1.564,-5.722,6.102,-10.308,9.506,16.335,4.198,0.000
11.132,-1.514,-4.639,6.135,-10.435,10.785,14.784,6.406,0.000
11.533,-2.985,-3.144,6.277,-10.560,11.693,13.381,7.244,0.000
11.956,-5.884,-1.642,6.283,-10.483,12.199,12.290,6.644,0.000
12.376,-9.103,-0.327,5.924,-10.035,12.395,11.325,5.006,0.000
12.774,-11.178,0.750,5.070,-9.108,12.422,10.175,3.001,0.000
13.028,-11.359,1.559,3.785,-7.648,12.389,8.785,1.365,0.000
12.857,-10.054,1.990,2.352,-5.639,12.338,7.520,0.821,0.000
11.971,-8.353,1.911,1.120,-3.142,12.258,6.898,1.853,0.000
10.381,-7.267,1.321,0.302,-0.473,12.108,7.070,4.266,0.000
8.535,-7.349,0.431,-0.090,1.707,11.833,7.590,7.031,0.000
7.067,-8.638,-0.417,-0.185,2.685,11.345,7.738,8.838,0.000
6.385,-10.623,-0.841,-0.162,2.234,10.481,7.093,8.930,0.000
6.501,-12.297,-0.458,-0.202,0.828,8.972,5.794,7.432,0.000
7.135,-12.618,0.982,-0.424,-0.680,6.579,4.340,5.000,0.000
7.864,-11.158,3.309,-0.802,-1.537,3.390,3.230,2.292,0.000
8.211,-8.327,5.828,-1.129,-1.292,-0.046,2.779,-0.317,0.000
7.773,-4.952,7.672,-1.115,0.160,-3.019,3.058,-2.728,0.000
6.384,-1.706,8.325,-0.506,2.508,-5.112,3.839,-4.974,0.000
4.143,1.158,7.832,0.864,5.044,-6.394,4.612,-7.083,0.000
1.302,3.713,6.579,3.023,6.982,-7.218,4.855,-9.012,0.000
-1.807,6.121,4.985,5.699,7.889,-7.905,4.446,-10.597,0.000
-4.799,8.466,3.324,8.251,7.817,-8.559,3.815,-11.547,0.000
-7.321,10.688,1.713,9.911,7.111,-9.099,3.629,-11.570,0.000
-9.162,12.517,0.178,10.155,6.145,-9.357,4.302,-10.602,0.000
-10.263,13.455,-1.268,8.823,5.192,-9.150,5.763,-8.887,0.000
-10.667,12.994,-2.569,6.088,4.429,-8.350,7.577,-6.839,0.000
-10.492,11.012,-3.583,2.534,4.027,-6.977,9.094,-4.887,0.000
-9.904,7.901,-4.055,-0.828,4.235,-5.219,9.524,-3.418,0.000
-9.072,4.319,-3.751,-2.939,5.274,-3.358,8.228,-2.666,0.000
-8.167,0.845,-2.712,-3.244,7.062,-1.723,5.206,-2.504,0.000
-7.365,-2.145,-1.347,-1.888,9.088,-0.692,1.270,-2.389,0.000
-6.824,-4.423,-0.206,0.531,10.670,-0.588,-2.410,-1.653,0.000
-6.638,-5.746,0.390,3.203,11.369,-1.488,-4.916,0.016,0.000
-6.827,-5.718,0.497,5.231,11.153,-3.161,-5.826,2.382,0.000
-7.356,-4.000,0.396,5.870,10.275,-5.189,-5.173,4.880,0.000
-8.119,-0.849,0.341,4.886,9.091,-7.074,-3.456,6.941,0.000
-8.943,2.645,0.416,2.638,7.949,-8.279,-1.571,8.138,0.000
-9.652,5.085,0.571,-0.191,7.083,-8.391,-0.424,8.283,0.000
-10.153,5.628,0.708,-2.868,6.497,-7.415,-0.379,7.570,0.000
-10.470,4.343,0.753,-4.720,5.956,-5.867,-1.063,6.606,0.000
-10.681,1.938,0.684,-5.307,5.200,-4.458,-1.745,6.119,0.000
-10.837,-0.591,0.557,-4.715,4.308,-3.619,-1.882,6.574,0.000
-10.917,-2.168,0.495,-3.640,3.852,-3.313,-1.380,8.038,0.000
-10.885,-2.009,0.598,-2.996,4.546,-3.186,-0.482,10.264,0.000
-10.811,-0.209,0.761,-3.352,6.585,-2.831,0.433,12.759,0.000
-10.941,2.088,0.616,-4.703,9.361,-1.926,0.986,14.826,0.000
-11.545,3.374,-0.224,-6.655,11.856,-0.323,0.924,15.832,0.000
-12.644,2.820,-1.688,-8.670,13.254,1.811,0.296,15.623,0.000
-13.870,0.692,-3.033,-10.207,13.223,3.968,-0.515,14.657,0.000
-14.667,-2.104,-3.274,-10.857,11.875,5.566,-1.036,13.655,0.000
-14.597,-4.741,-1.928,-10.512,9.747,6.338,-1.065,13.065,0.000
-13.467,-6.834,0.665,-9.381,7.727,6.478,-0.820,12.835,0.000
-11.323,-8.356,3.667,-7.824,6.699,6.400,-0.709,12.650,0.000
-8.494,-9.363,6.238,-6.179,7.046,6.345,-0.943,12.389,0.000
-5.586,-9.783,7.765,-4.704,8.487,6.193,-1.349,12.374,0.000
-3.220,-9.449,7.938,-3.555,10.322,5.632,-1.578,13.130,0.000
-1.673,-8.318,6.807,-2.781,11.683,4.519,-1.494,14.889,0.000
-0.760,-6.595,4.737,-2.355,11.653,3.065,-1.372,17.343,0.000
-0.069,-4.675,2.213,-2.224,9.561,1.696,-1.666,19.811,0.000
0.681,-3.075,-0.303,-2.365,5.555,0.823,-2.559,21.495,0.000
1.463,-2.405,-2.400,-2.814,0.796,0.720,-3.736,21.592,0.000
2.055,-3.112,-3.754,-3.637,-3.161,1.454,-4.634,19.538,0.000
2.280,-5.014,-4.190,-4.862,-5.262,2.747,-4.880,15.462,0.000
2.133,-7.118,-3.669,-6.444,-5.311,3.945,-4.509,10.320,0.000
1.750,-8.158,-2.261,-8.258,-3.741,4.324,-3.858,5.390,0.000
1.339,-7.440,-0.169,-10.034,-1.322,3.566,-3.396,1.583,0.000
1.132,-5.186,2.253,-11.324,1.038,1.940,-3.613,-0.816,0.000
1.319,-2.169,4.605,-11.685,2.570,0.051,-4.849,-1.982,0.000
1.961,0.822,6.549,-11.028,2.972,-1.513,-6.998,-2.319,0.000
2.976,3.254,7.821,-9.740,2.468,-2.342,-9.422,-2.287,0.000
4.189,4.918,8.261,-8.443,1.536,-2.272,-11.280,-2.270,0.000
5.359,5.932,7.886,-7.638,0.582,-1.496,-12.002,-2.486,0.000
6.181,6.675,6.898,-7.545,-0.201,-0.573,-11.465,-2.996,0.000
6.392,7.559,5.578,-8.102,-0.746,-0.137,-9.879,-3.732,0.000
5.954,8.752,4.166,-8.930,-0.900,-0.486,-7.661,-4.474,0.000
5.121,10.080,2.825,-9.349,-0.301,-1.424,-5.359,-4.830,0.000
4.284,11.177,1.645,-8.694,1.426,-2.463,-3.493,-4.421,0.000
3.740,11.726,0.670,-6.822,4.203,-3.111,-2.421,-3.205,0.000
3.599,11.550,-0.071,-4.307,7.281,-3.002,-2.311,-1.613,0.000
3.846,10.650,-0.581,-2.022,9.639,-1.986,-3.129,-0.306,0.000
4.445,9.307,-0.973,-0.519,10.614,-0.279,-4.474,0.200,0.000
5.408,8.107,-1.504,0.253,10.169,1.497,-5.513,-0.312,0.000
6.739,7.672,-2.471,0.693,8.720,2.624,-5.351,-1.748,0.000
8.247,8.232,-4.010,1.097,6.893,2.746,-3.638,-3.631,0.000
9.437,9.457,-6.015,1.409,5.382,2.039,-0.812,-5.105,0.000
9.742,10.696,-8.181,1.357,4.728,0.998,2.250,-5.321,0.000
8.938,11.298,-10.015,0.775,5.043,0.122,4.734,-4.088,0.000
7.316,10.754,-10.836,-0.215,5.945,-0.227,6.103,-2.110,0.000
5.464,8.811,-10.052,-1.288,6.831,0.098,6.148,-0.511,0.000
3.945,5.684,-7.690,-2.092,7.232,0.931,5.034,-0.104,0.000
3.155,2.115,-4.596,-2.343,6.952,1.792,3.259,-1.074,0.000
3.274,-0.974,-1.965,-1.898,6.014,2.134,1.399,-3.110,0.000
4.200,-2.931,-0.644,-0.880,4.582,1.714,-0.178,-5.600,0.000
5.572,-3.527,-0.846,0.302,2.896,0.737,-1.400,-7.765,0.000
6.946,-2.869,-2.289,1.143,1.197,-0.315,-2.410,-8.929,0.000
7.999,-1.316,-4.365,1.306,-0.317,-0.914,-3.446,-8.863,0.000
8.583,0.588,-6.271,0.713,-1.476,-0.586,-4.775,-7.877,0.000
8.677,2.281,-7.296,-0.494,-2.140,0.961,-6.550,-6.536,0.000
8.303,3.339,-7.197,-1.957,-2.205,3.581,-8.555,-5.310,0.000
7.476,3.497,-6.303,-3.112,-1.595,6.613,-10.107,-4.423,0.000
6.237,2.649,-5.203,-3.415,-0.263,9.166,-10.420,-3.872,0.000
4.789,0.940,-4.320,-2.702,1.749,10.471,-9.250,-3.484,0.000
3.580,-1.216,-3.726,-1.319,4.284,9.995,-7.162,-2.974,0.000
3.123,-3.317,-3.280,0.144,7.104,7.515,-5.133,-2.084,0.000
3.698,-5.001,-2.890,1.231,9.859,3.343,-3.950,-0.781,0.000
5.235,-6.126,-2.679,1.788,12.060,-1.609,-3.934,0.670,0.000
7.428,-6.688,-2.864,1.872,13.225,-6.178,-4.999,1.891,0.000
9.847,-6.713,-3.490,1.575,13.146,-9.359,-6.745,2.674,0.000
12.000,-6.167,-4.292,0.897,11.972,-10.416,-8.554,3.100,0.000
13.456,-4.995,-4.835,-0.196,10.063,-8.973,-9.831,3.400,0.000
13.996,-3.276,-4.765,-1.591,7.838,-5.311,-10.297,3.721,0.000
13.639,-1.301,-3.924,-2.923,5.706,-0.425,-10.053,4.003,0.000
12.549,0.513,-2.342,-3.760,3.992,4.417,-9.376,4.069,0.000
10.968,1.739,-0.248,-3.950,2.860,8.208,-8.426,3.844,0.000
9.181,1.976,1.943,-3.770,2.328,10.383,-7.106,3.453,0.000
7.448,0.972,3.758,-3.677,2.332,10.826,-5.216,3.115,0.000
5.922,-1.094,4.788,-3.879,2.771,9.954,-2.796,2.912,0.000
4.643,-3.518,4.703,-4.118,3.538,8.703,-0.295,2.684,0.000
3.589,-5.433,3.347,-3.882,4.542,8.089,1.668,2.199,0.000
2.745,-6.362,0.992,-2.797,5.712,8.601,2.736,1.503,0.000
2.143,-6.430,-1.555,-0.813,6.988,9.972,3.001,1.090,0.000
1.834,-6.123,-3.320,1.845,8.284,11.513,2.825,1.614,0.000
1.801,-5.903,-3.707,4.742,9.397,12.577,2.565,3.347,0.000
1.919,-6.009,-2.710,7.284,9.958,12.781,2.412,5.919,0.000
2.048,-6.423,-0.734,8.915,9.603,12.027,2.395,8.558,0.000
2.189,-6.859,1.622,9.378,8.322,10.497,2.435,10.413,0.000
2.560,-6.790,3.685,8.777,6.601,8.603,2.404,10.701,0.000
3.437,-5.708,4.895,7.419,5.136,6.821,2.208,8.941,0.000
4.847,-3.554,5.021,5.649,4.395,5.538,1.886,5.392,0.000
6.416,-0.870,4.195,3.770,4.423,5.026,1.640,1.184,0.000
7.532,1.555,2.771,2.017,4.928,5.424,1.716,-2.241,0.000
7.579,3.226,1.205,0.579,5.369,6.653,2.189,-3.931,0.000
6.036,4.172,0.012,-0.365,5.039,8.393,2.885,-3.717,0.000
2.660,4.738,-0.385,-0.677,3.360,10.209,3.499,-2.014,0.000
-2.076,5.210,0.089,-0.390,0.428,11.669,3.781,0.427,0.000
-6.816,5.617,1.088,0.249,-2.792,12.367,3.614,2.669,0.000
-9.958,5.835,2.085,0.896,-5.003,12.008,3.030,3.908,0.000
-10.637,5.866,2.715,1.273,-5.390,10.565,2.243,3.882,0.000
-9.105,5.988,2.930,1.238,-3.962,8.323,1.652,2.975,0.000
-6.315,6.577,2.914,0.787,-1.294,5.719,1.666,1.872,0.000
-3.366,7.703,2.958,0.094,1.806,3.176,2.426,1.080,0.000
-1.225,8.944,3.378,-0.494,4.485,1.053,3.700,0.735,0.000
-0.541,9.648,4.387,-0.620,6.090,-0.393,5.033,0.725,0.000
-1.442,9.406,5.907,-0.186,6.465,-1.042,5.941,0.956,0.000
-3.554,8.266,7.495,0.556,6.005,-0.890,5.987,1.510,0.000
-6.273,6.591,8.569,1.173,5.357,-0.010,4.931,2.567,0.000
-9.008,4.843,8.726,1.328,5.061,1.416,3.032,4.171,0.000
-11.256,3.461,7.854,0.890,5.397,3.089,1.145,6.101,0.000
-12.624,2.750,6.073,-0.069,6.378,4.672,0.296,7.955,0.000
-12.839,2.763,3.674,-1.283,7.712,5.891,1.010,9.263,0.000
-11.690,3.297,1.083,-2.305,8.799,6.557,3.035,9.537,0.000
-9.103,4.044,-1.270,-2.713,8.976,6.593,5.647,8.433,0.000
-5.410,4.772,-3.074,-2.427,7.845,6.132,8.046,6.090,0.000
-1.473,5.384,-4.149,-1.825,5.388,5.534,9.558,3.240,0.000
1.681,5.845,-4.406,-1.504,1.903,5.222,9.770,0.824,0.000
3.409,6.027,-3.808,-1.916,-1.970,5.418,8.706,-0.580,0.000
3.652,5.626,-2.337,-3.217,-5.235,6.047,6.837,-0.973,0.000
2.767,4.322,-0.024,-5.289,-6.895,6.872,4.798,-0.736,0.000
1.328,2.145,2.894,-7.744,-6.518,7.689,3.047,-0.325,0.000
-0.004,-0.367,5.895,-9.942,-4.420,8.427,1.750,-0.099,0.000
-0.701,-2.433,8.356,-11.238,-1.373,9.074,0.858,-0.263,0.000
-0.662,-3.449,9.829,-11.345,1.737,9.495,0.254,-0.847,0.000
-0.296,-3.158,10.128,-10.448,4.055,9.325,-0.156,-1.748,0.000
-0.225,-1.642,9.291,-9.004,4.978,8.169,-0.404,-2.805,0.000
-0.844,0.614,7.571,-7.495,4.486,6.029,-0.451,-3.857,0.000
-2.147,2.737,5.410,-6.311,3.206,3.501,-0.187,-4.752,0.000
-3.855,3.828,3.268,-5.710,1.979,1.450,0.512,-5.381,0.000
-5.611,3.505,1.454,-5.767,1.217,0.505,1.697,-5.746,0.000
-7.088,2.101,0.076,-6.411,0.640,0.844,3.318,-5.976,0.000
-8.050,0.370,-0.883,-7.506,-0.370,2.266,5.244,-6.230,0.000
-8.403,-0.882,-1.461,-8.916,-2.128,4.267,7.239,-6.534,0.000
-8.163,-0.962,-1.651,-10.523,-4.329,6.115,8.945,-6.708,0.000
-7.401,0.523,-1.412,-12.206,-6.311,7.123,10.005,-6.497,0.000
-6.201,3.328,-0.753,-13.758,-7.540,7.026,10.250,-5.821,0.000
-4.644,6.470,0.226,-14.821,-7.850,6.089,9.766,-4.892,0.000
-2.816,8.711,1.362,-15.028,-7.396,4.842,8.809,-4.088,0.000
-0.873,9.239,2.445,-14.265,-6.567,3.720,7.734,-3.757,0.000
0.928,7.932,3.223,-12.769,-5.899,2.894,6.960,-4.120,0.000
2.342,5.210,3.495,-10.983,-5.881,2.328,6.808,-5.231,0.000
3.354,1.925,3.289,-9.373,-6.711,1.880,7.214,-6.859,0.000
4.251,-0.723,2.923,-8.343,-8.228,1.395,7.623,-8.469,0.000
5.413,-1.634,2.847,-8.107,-10.071,0.780,7.295,-9.491,0.000
6.926,-0.507,3.403,-8.449,-11.847,0.118,5.783,-9.766,0.000
8.404,1.932,4.723,-8.642,-13.195,-0.311,3.126,-9.712,0.000
9.234,4.442,6.741,-7.830,-13.830,-0.188,-0.288,-10.006,0.000
9.006,5.980,9.127,-5.651,-13.607,0.561,-3.870,-11.066,0.000
7.708,5.993,11.285,-2.492,-12.502,1.649,-6.921,-12.810,0.000
5.619,4.416,12.617,0.843,-10.586,2.607,-8.846,-14.812,0.000
3.188,1.674,12.952,3.614,-8.084,3.068,-9.480,-16.537,0.000
0.946,-1.383,12.705,5.353,-5.400,2.875,-9.160,-17.464,0.000
-0.659,-3.837,12.561,5.867,-2.958,2.021,-8.440,-17.220,0.000
-1.479,-5.135,13.000,5.198,-0.986,0.527,-7.707,-15.753,0.000
-1.709,-5.216,14.070,3.526,0.558,-1.639,-7.003,-13.369,0.000
-1.701,-4.367,15.480,1.092,1.854,-4.492,-6.170,-10.556,0.000
-1.707,-3.076,16.722,-1.776,3.012,-7.790,-5.137,-7.841,0.000
-1.766,-1.954,17.155,-4.618,3.954,-10.894,-4.085,-5.746,0.000
-1.773,-1.528,16.265,-6.956,4.506,-13.039,-3.318,-4.652,0.000
-1.606,-1.958,14.103,-8.465,4.603,-13.782,-3.012,-4.536,0.000
-1.195,-2.950,11.431,-9.026,4.384,-13.175,-3.085,-4.900,0.000
-0.545,-3.995,9.270,-8.708,4.115,-11.641,-3.288,-5.072,0.000
0.266,-4.700,8.217,-7.812,4.059,-9.842,-3.361,-4.654,0.000
1.084,-4.925,8.162,-6.883,4.411,-8.608,-3.121,-3.721,0.000
1.745,-4.759,8.563,-6.517,5.242,-8.648,-2.502,-2.644,0.000
2.134,-4.463,8.885,-7.112,6.395,-10.094,-1.627,-1.828,0.000
2.207,-4.431,8.835,-8.782,7.457,-12.360,-0.815,-1.566,0.000
1.985,-5.008,8.397,-11.364,7.954,-14.513,-0.422,-1.956,0.000
1.583,-6.227,7.822,-14.298,7.658,-15.773,-0.623,-2.783,0.000
1.222,-7.711,7.584,-16.581,6.705,-15.719,-1.321,-3.492,0.000
1.156,-8.909,8.129,-17.192,5.439,-14.310,-2.270,-3.476,0.000
1.579,-9.458,9.488,-15.831,4.212,-11.959,-3.228,-2.532,0.000
2.599,-9.326,11.134,-13.181,3.283,-9.534,-4.030,-1.032,0.000
4.227,-8.704,12.324,-10.414,2.761,-7.984,-4.597,0.382,0.000
6.312,-7.826,12.624,-8.439,2.539,-7.845,-4.909,1.270,0.000
8.514,-6.874,12.139,-7.578,2.286,-9.065,-4.972,1.613,0.000
10.455,-5.966,11.298,-7.668,1.629,-11.193,-4.786,1.689,0.000
11.914,-5.216,10.523,-8.275,0.429,-13.581,-4.322,1.848,0.000
12.895,-4.795,10.047,-8.849,-1.103,-15.477,-3.513,2.389,0.000
13.544,-4.860,9.890,-8.919,-2.571,-16.230,-2.284,3.473,0.000
14.018,-5.391,9.868,-8.306,-3.616,-15.576,-0.634,5.029,0.000
14.415,-6.116,9.626,-7.159,-4.023,-13.689,1.329,6.743,0.000
14.762,-6.663,8.802,-5.798,-3.740,-11.011,3.401,8.214,0.000
15.017,-6.820,7.252,-4.556,-2.932,-8.094,5.236,9.148,0.000
15.084,-6.638,5.135,-3.715,-1.975,-5.537,6.313,9.429,0.000
14.837,-6.311,2.783,-3.481,-1.284,-3.805,6.144,9.092,0.000
14.140,-5.952,0.590,-3.948,-1.074,-2.933,4.668,8.347,0.000
12.846,-5.475,-1.052,-5.106,-1.271,-2.441,2.400,7.574,0.000
10.885,-4.676,-1.886,-6.865,-1.636,-1.653,0.127,7.192,0.000
8.476,-3.414,-2.059,-8.984,-1.930,-0.185,-1.517,7.509,0.000
6.233,-1.718,-2.212,-11.042,-1.998,1.840,-2.236,8.664,0.000
4.859,0.207,-3.111,-12.589,-1.770,3.966,-2.060,10.612,0.000
4.637,1.917,-5.037,-13.391,-1.242,5.678,-1.341,13.002,0.000
5.222,2.702,-7.521,-13.510,-0.442,6.530,-0.717,15.120,0.000
5.941,1.918,-9.695,-13.193,0.565,6.279,-0.807,16.180,0.000
6.266,-0.403,-10.838,-12.743,1.612,5.103,-1.765,15.764,0.000
6.031,-3.309,-10.618,-12.443,2.393,3.653,-3.117,13.988,0.000
5.387,-5.450,-9.074,-12.477,2.596,2.666,-4.096,11.319,0.000
4.689,-5.879,-6.608,-12.804,2.158,2.375,-4.158,8.409,0.000
4.407,-4.376,-3.921,-13.122,1.374,2.256,-3.203,6.009,0.000
4.903,-1.308,-1.740,-13.019,0.723,1.448,-1.457,4.779,0.000
6.079,2.514,-0.477,-12.178,0.607,-0.553,0.696,5.049,0.000
7.249,5.963,-0.138,-10.456,1.244,-3.564,2.836,6.766,0.000
7.539,8.050,-0.467,-7.874,2.617,-6.955,4.621,9.556,0.000
6.533,8.598,-1.116,-4.671,4.348,-10.016,5.908,12.624,0.000
4.544,8.462,-1.730,-1.316,5.672,-12.155,6.744,14.703,0.000
2.327,8.911,-2.026,1.635,5.841,-13.050,7.233,14.558,0.000
0.672,10.673,-1.873,3.708,4.832,-12.883,7.323,11.890,0.000
0.205,13.513,-1.297,4.541,3.626,-12.380,6.709,7.670,0.000
1.221,16.597,-0.466,3.938,3.558,-12.394,5.039,3.465,0.000
3.372,19.090,0.243,2.056,5.210,-13.302,2.333,0.449,0.000
5.592,20.454,0.209,-0.550,7.926,-14.760,-0.822,-1.038,0.000
6.656,20.516,-1.145,-3.209,10.397,-16.058,-3.578,-1.294,0.000
6.050,19.532,-3.798,-5.516,11.639,-16.683,-5.300,-0.921,0.000
4.312,18.133,-6.910,-7.477,11.460,-16.579,-5.762,-0.580,0.000
2.528,17.019,-9.268,-9.319,10.271,-15.994,-5.083,-0.788,0.000
1.543,16.570,-9.978,-11.146,8.701,-15.175,-3.675,-1.730,0.000
1.598,16.718,-8.754,-12.745,7.347,-14.188,-2.166,-3.249,0.000
2.460,17.094,-5.853,-13.706,6.577,-12.980,-1.140,-5.034,0.000
3.697,17.190,-2.088,-13.677,6.335,-11.595,-0.781,-6.827,0.000
4.868,16.436,1.218,-12.478,6.124,-10.318,-0.758,-8.494,0.000
5.657,14.384,2.747,-10.143,5.333,-9.578,-0.530,-9.994,0.000
5.981,11.012,1.952,-7.047,3.713,-9.765,0.171,-11.294,0.000
5.984,6.831,-0.700,-3.940,1.572,-11.148,1.119,-12.310,0.000
5.876,2.616,-4.211,-1.632,-0.490,-13.744,1.816,-12.941,0.000
5.744,-0.915,-7.721,-0.534,-1.960,-17.004,1.882,-13.161,0.000
5.476,-3.217,-10.807,-0.491,-2.587,-19.677,1.244,-13.055,0.000
4.895,-3.999,-13.372,-1.010,-2.338,-20.378,0.087,-12.746,0.000
4.031,-3.407,-15.344,-1.554,-1.329,-18.520,-1.221,-12.260,0.000
3.236,-2.054,-16.452,-1.688,0.254,-14.671,-2.198,-11.465,0.000
2.962,-0.715,-16.364,-1.144,2.182,-10.058,-2.457,-10.168,0.000
3.337,0.037,-15.082,0.115,4.097,-5.883,-2.039,-8.300,0.000
3.970,-0.026,-13.133,1.906,5.437,-3.010,-1.516,-6.025,0.000
4.219,-0.848,-11.283,3.954,5.635,-1.868,-1.622,-3.678,0.000
3.649,-2.127,-10.080,5.987,4.494,-2.348,-2.626,-1.750,0.000
2.235,-3.364,-9.643,7.761,2.322,-3.859,-4.061,-0.881,0.000
0.285,-4.072,-9.752,9.071,-0.262,-5.657,-5.069,-1.602,0.000
-1.666,-4.062,-9.982,9.753,-2.583,-7.179,-4.950,-3.841,0.000
-2.925,-3.536,-9.805,9.660,-4.012,-8.157,-3.423,-6.723,0.000
-2.896,-2.865,-8.806,8.722,-4.127,-8.549,-0.602,-9.023,0.000
-1.472,-2.256,-7.010,7.135,-2.989,-8.457,2.980,-9.809,0.000
0.834,-1.599,-4.979,5.432,-1.210,-8.056,6.404,-8.699,0.000
3.219,-0.636,-3.460,4.234,0.399,-7.496,8.690,-5.803,0.000
5.028,0.696,-2.820,3.834,1.312,-6.816,9.197,-1.740,0.000
5.932,2.084,-2.819,4.030,1.484,-5.918,7.746,2.420,0.000
5.889,3.024,-2.881,4.328,1.182,-4.698,4.556,5.573,0.000
5.089,3.168,-2.526,4.253,0.720,-3.317,0.350,7.152,0.000
3.896,2.475,-1.592,3.499,0.308,-2.326,-3.616,7.299,0.000
2.719,1.150,-0.196,1.986,-0.010,-2.376,-6.056,6.567,0.000
1.953,-0.442,1.350,-0.037,-0.398,-3.686,-6.444,5.537,0.000
1.977,-1.835,2.611,-1.983,-1.218,-5.821,-5.287,4.623,0.000
3.029,-2.637,3.196,-3.210,-2.809,-7.975,-3.650,4.027,0.000
4.899,-2.781,2.982,-3.445,-5.080,-9.411,-2.458,3.753,0.000
6.807,-2.597,2.177,-2.947,-7.350,-9.651,-2.181,3.663,0.000
7.803,-2.573,1.150,-2.244,-8.725,-8.560,-2.866,3.606,0.000
7.408,-2.987,0.220,-1.769,-8.713,-6.532,-4.251,3.571,0.000
5.883,-3.756,-0.432,-1.682,-7.490,-4.506,-5.890,3.750,0.000
3.931,-4.579,-0.769,-1.959,-5.646,-3.498,-7.343,4.401,0.000
2.271,-5.191,-0.902,-2.583,-3.837,-3.868,-8.350,5.602,0.000
1.427,-5.486,-1.066,-3.668,-2.591,-5.042,-8.854,7.138,0.000
1.653,-5.504,-1.476,-5.379,-2.174,-5.984,-8.943,8.624,0.000
2.857,-5.379,-2.096,-7.685,-2.387,-5.937,-8.787,9.663,0.000
4.619,-5.286,-2.547,-10.232,-2.539,-4.754,-8.614,9.913,0.000
6.381,-5.335,-2.358,-12.502,-1.848,-2.751,-8.626,9.178,0.000
7.606,-5.399,-1.415,-14.067,-0.100,-0.454,-8.870,7.582,0.000
7.812,-5.050,-0.159,-14.692,2.090,1.565,-9.195,5.618,0.000
6.683,-3.787,0.705,-14.332,3.718,2.830,-9.363,3.883,0.000
4.336,-1.435,0.679,-13.165,4.091,3.061,-9.215,2.695,0.000
1.419,1.683,-0.307,-11.566,3.145,2.166,-8.749,1.935,0.000
-1.175,4.956,-2.016,-9.948,1.267,0.200,-8.091,1.229,0.000
-2.672,7.744,-4.082,-8.585,-0.967,-2.530,-7.468,0.225,0.000
-2.542,9.494,-6.121,-7.558,-2.959,-5.412,-7.181,-1.254,0.000
-0.613,9.856,-7.837,-6.833,-4.245,-7.725,-7.488,-3.196,0.000
2.652,8.912,-9.094,-6.376,-4.653,-8.879,-8.396,-5.362,0.000
6.062,7.212,-9.908,-6.222,-4.302,-8.500,-9.588,-7.295,0.000
8.250,5.470,-10.356,-6.401,-3.454,-6.528,-10.605,-8.548,0.000
8.489,4.157,-10.491,-6.759,-2.359,-3.549,-11.111,-9.035,0.000
7.007,3.345,-10.293,-6.858,-1.197,-0.913,-11.001,-9.160,0.000
4.649,2.888,-9.719,-6.192,-0.065,-0.126,-10.337,-9.530,0.000
2.447,2.741,-8.816,-4.571,1.010,-1.869,-9.260,-10.491,0.000
1.411,3.141,-7.774,-2.292,2.044,-5.612,-7.928,-11.920,0.000
2.267,4.457,-6.824,0.037,3.059,-10.119,-6.438,-13.401,0.000
5.070,6.829,-6.083,1.724,4.030,-14.122,-4.771,-14.511,0.000
9.107,9.999,-5.478,2.090,4.861,-16.639,-2.779,-14.958,0.000
13.308,13.429,-4.831,0.701,5.430,-17.141,-0.323,-14.615,0.000
16.694,16.439,-4.009,-2.177,5.685,-15.788,2.456,-13.528,0.000
18.533,18.268,-2.993,-5.419,5.674,-13.423,5.006,-11.888,0.000
18.451,18.360,-1.866,-7.604,5.502,-11.096,6.627,-9.949,0.000
16.658,16.894,-0.808,-7.841,5.262,-9.454,6.901,-8.025,0.000
13.986,14.972,-0.076,-6.104,5.004,-8.528,5.869,-6.500,0.000
11.458,13.991,0.077,-2.999,4.756,-8.001,3.918,-5.732,0.000
9.711,14.671,-0.442,0.473,4.580,-7.661,1.690,-5.848,0.000
8.788,16.647,-1.530,3.070,4.618,-7.642,0.026,-6.674,0.000
8.377,18.934,-2.948,3.774,5.028,-8.257,-0.345,-7.839,0.000
8.210,20.668,-4.370,2.526,5.875,-9.574,0.684,-8.839,0.000
8.285,21.464,-5.398,0.469,7.079,-11.208,2.428,-9.081,0.000
8.757,21.375,-5.694,-0.780,8.465,-12.530,3.856,-8.112,0.000
9.651,20.728,-5.214,-0.220,9.829,-13.033,4.227,-6.075,0.000
10.692,19.971,-4.292,2.072,10.954,-12.504,3.368,-3.879,0.000
11.447,19.468,-3.448,5.295,11.640,-10.982,1.560,-2.670,0.000
11.584,19.252,-3.137,8.451,11.729,-8.717,-0.616,-2.976,0.000
10.995,18.960,-3.650,10.634,11.092,-6.105,-2.382,-4.348,0.000
9.767,18.080,-5.084,11.255,9.678,-3.538,-3.070,-5.771,0.000
8.144,16.319,-7.261,10.320,7.687,-1.255,-2.569,-6.309,0.000
6.490,13.759,-9.722,8.457,5.638,0.672,-1.461,-5.418,0.000
5.189,10.724,-11.921,6.521,4.125,2.240,-0.615,-3.044,0.000
4.556,7.619,-13.477,5.115,3.405,3.335,-0.581,0.188,0.000
4.837,4.855,-14.245,4.406,3.242,3.635,-1.326,2.960,0.000
6.138,2.757,-14.233,4.273,3.140,2.806,-2.408,3.878,0.000
8.206,1.462,-13.493,4.535,2.721,0.927,-3.242,2.441,0.000
10.344,0.921,-12.054,5.088,1.913,-1.331,-3.248,-0.596,0.000
11.726,0.993,-9.978,5.877,0.870,-3.066,-2.062,-3.826,0.000
11.907,1.544,-7.594,6.712,-0.183,-3.757,0.121,-6.047,0.000
11.017,2.484,-5.625,7.160,-1.044,-3.514,2.439,-6.648,0.000
9.550,3.725,-4.885,6.712,-1.589,-2.879,3.867,-5.562,0.000
8.062,5.032,-5.746,5.111,-1.799,-2.508,4.015,-3.171,0.000
7.016,5.937,-7.926,2.487,-1.742,-3.002,3.441,-0.175,0.000
6.670,5.931,-10.710,-0.782,-1.530,-4.713,3.168,2.654,0.000
6.923,4.833,-13.221,-4.227,-1.283,-7.408,3.849,4.656,0.000
7.289,2.929,-14.540,-7.357,-1.127,-10.183,5.383,5.287,0.000
7.181,0.759,-13.951,-9.749,-1.169,-11.931,7.210,4.185,0.000
6.311,-1.183,-11.357,-11.123,-1.454,-12.072,8.834,1.401,0.000
4.847,-2.582,-7.380,-11.309,-1.953,-10.831,10.123,-2.525,0.000
3.251,-3.314,-2.972,-10.242,-2.591,-8.906,11.230,-6.787,0.000
2.056,-3.432,1.067,-8.050,-3.274,-6.987,12.370,-10.501,0.000
1.764,-3.116,4.266,-5.081,-3.903,-5.517,13.657,-12.752,0.000
2.697,-2.561,6.443,-1.781,-4.385,-4.679,15.042,-12.838,0.000
4.722,-1.865,7.591,1.430,-4.643,-4.455,16.241,-10.734,0.000
7.168,-0.998,7.771,4.176,-4.607,-4.714,16.734,-7.234,0.000
9.157,0.102,7.090,6.171,-4.232,-5.281,16.026,-3.514,0.000
10.057,1.339,5.836,7.264,-3.564,-5.902,14.101,-0.590,0.000
9.658,2.357,4.554,7.424,-2.756,-6.200,11.603,0.888,0.000
8.094,2.704,3.857,6.705,-1.985,-5.764,9.434,0.665,0.000
5.803,2.105,4.107,5.285,-1.315,-4.301,8.154,-1.040,0.000
3.474,0.572,5.286,3.483,-0.635,-1.690,7.725,-3.572,0.000
1.807,-1.656,7.078,1.650,0.210,1.960,7.734,-6.131,0.000
1.213,-4.162,8.900,0.058,1.186,6.074,7.762,-8.084,0.000
1.739,-6.375,9.931,-1.139,1.949,9.505,7.594,-9.060,0.000
3.160,-7.760,9.431,-1.887,2.023,11.021,7.244,-8.960,0.000
5.031,-8.101,7.281,-2.213,1.124,10.122,6.937,-8.054,0.000
6.721,-7.576,4.185,-2.206,-0.701,7.348,7.064,-6.987,0.000
7.653,-6.568,1.206,-1.949,-3.129,3.815,7.937,-6.458,0.000
7.673,-5.424,-0.889,-1.464,-5.584,0.587,9.372,-6.738,0.000
7.178,-4.334,-1.902,-0.690,-7.247,-1.617,10.524,-7.473,0.000
6.795,-3.337,-2.047,0.424,-7.368,-2.495,10.384,-7.987,0.000
6.900,-2.355,-1.675,1.724,-5.770,-2.239,8.632,-7.744,0.000
7.388,-1.238,-1.096,2.754,-3.027,-1.475,5.997,-6.559,0.000
7.835,0.116,-0.531,2.958,-0.060,-0.925,3.709,-4.544,0.000
7.756,1.574,-0.171,2.043,2.425,-0.976,2.602,-2.004,0.000
6.745,2.688,-0.256,0.122,4.180,-1.527,2.703,0.633,0.000
4.617,2.969,-1.022,-2.422,5.288,-2.190,3.500,2.939,0.000
1.666,2.394,-2.545,-5.086,5.936,-2.580,4.437,4.577,0.000
-1.244,1.616,-4.672,-7.322,6.245,-2.455,5.194,5.288,0.000
-3.094,1.564,-7.060,-8.679,6.282,-1.744,5.722,4.945,0.000
-3.329,2.768,-9.177,-8.984,6.204,-0.568,6.174,3.729,0.000
-2.091,5.058,-10.283,-8.382,6.346,0.780,6.806,2.198,0.000
0.041,7.814,-9.698,-7.184,7.058,1.985,7.782,1.024,0.000
2.386,10.342,-7.296,-5.734,8.345,2.911,8.892,0.595,0.000
4.337,12.070,-3.678,-4.355,9.712,3.670,9.436,0.855,0.000
5.491,12.636,0.175,-3.323,10.454,4.491,8.610,1.437,0.000
5.803,11.973,3.330,-2.895,10.170,5.507,6.183,1.850,0.000
5.591,10.271,5.081,-3.342,8.982,6.649,2.766,1.576,0.000
5.304,7.855,5.051,-4.836,7.329,7.730,-0.623,0.229,0.000
5.230,5.136,3.416,-7.133,5.623,8.580,-3.243,-2.191,0.000
5.371,2.611,0.934,-9.446,4.073,9.115,-4.931,-5.217,0.000
5.512,0.727,-1.434,-10.874,2.676,9.319,-5.958,-8.187,0.000
5.304,-0.345,-2.988,-11.143,1.274,9.182,-6.763,-10.580,0.000
4.317,-0.780,-3.449,-10.914,-0.376,8.661,-7.776,-12.149,0.000
2.258,-0.947,-2.840,-11.277,-2.429,7.712,-9.260,-12.895,0.000
-0.606,-1.204,-1.325,-12.898,-4.684,6.410,-11.111,-13.054,0.000
-3.272,-1.806,0.913,-15.613,-6.459,5.017,-12.808,-13.057,0.000
-4.519,-2.870,3.699,-18.702,-6.957,3.864,-13.662,-13.330,0.000
-3.746,-4.312,6.766,-21.335,-5.880,3.182,-13.160,-14.018,0.000
-1.319,-5.851,9.667,-22.806,-3.675,3.024,-11.093,-14.883,0.000
1.803,-7.134,11.893,-22.705,-1.177,3.297,-7.587,-15.505,0.000
4.590,-7.892,13.059,-21.141,0.934,3.762,-3.322,-15.586,0.000
6.193,-7.983,12.965,-18.770,2.368,4.056,0.382,-15.083,0.000
6.123,-7.379,11.627,-16.437,3.159,3.821,2.113,-14.140,0.000
4.523,-6.173,9.444,-14.738,3.485,2.910,1.238,-12.974,0.000
2.192,-4.578,7.245,-13.865,3.530,1.444,-1.767,-11.801,0.000
0.130,-2.853,5.934,-13.720,3.414,-0.314,-5.766,-10.781,0.000
-1.074,-1.266,5.927,-14.060,3.197,-2.130,-9.523,-9.981,0.000
-1.468,-0.093,6.945,-14.600,2.901,-3.880,-11.959,-9.382,0.000
-1.476,0.452,8.284,-15.084,2.569,-5.524,-12.375,-8.912,0.000
-1.468,0.373,9.163,-15.323,2.361,-7.035,-10.755,-8.474,0.000
-1.531,-0.071,8.902,-15.182,2.587,-8.338,-7.801,-7.945,0.000
-1.527,-0.557,7.110,-14.583,3.563,-9.292,-4.475,-7.191,0.000
-1.249,-1.010,4.040,-13.574,5.322,-9.681,-1.436,-6.075,0.000
-0.523,-1.734,0.692,-12.350,7.490,-9.201,1.167,-4.448,0.000
0.738,-3.143,-1.706,-11.171,9.496,-7.639,3.495,-2.213,0.000
2.467,-5.231,-2.472,-10.255,10.864,-5.270,5.639,0.519,0.000
4.443,-7.318,-1.766,-9.740,11.332,-3.024,7.398,3.357,0.000
6.404,-8.433,-0.285,-9.650,10.878,-2.009,8.425,5.791,0.000
8.174,-7.987,1.167,-9.802,9.808,-2.722,8.567,7.414,0.000
9.705,-6.064,1.896,-9.776,8.763,-4.717,8.031,7.995,0.000
11.013,-3.225,1.461,-9.108,8.416,-6.990,7.257,7.511,0.000
12.062,-0.251,-0.160,-7.607,9.020,-8.551,6.699,6.269,0.000
12.694,2.000,-2.564,-5.483,10.233,-8.693,6.718,4.932,0.000
12.690,2.843,-5.147,-3.199,11.451,-7.130,7.486,4.198,0.000
11.888,2.100,-7.324,-1.292,12.333,-4.246,8.807,4.306,0.000
10.234,0.176,-8.587,-0.298,13.048,-1.129,10.066,4.847,0.000
7.801,-2.215,-8.608,-0.569,14.059,0.970,10.515,5.123,0.000
4.883,-4.342,-7.461,-1.941,15.713,1.410,9.678,4.746,0.000
2.038,-5.567,-5.681,-3.622,18.024,0.450,7.502,3.914,0.000
-0.131,-5.478,-3.991,-4.628,20.699,-1.116,4.246,3.144,0.000
-1.317,-4.145,-2.948,-4.480,23.174,-2.449,0.414,2.785,0.000
-1.627,-2.178,-2.810,-3.475,24.632,-2.919,-3.305,2.760,0.000
-1.412,-0.386,-3.544,-2.355,24.308,-2.227,-6.302,2.672,0.000
-1.046,0.703,-4.808,-1.774,21.980,-0.586,-8.452,2.027,0.000
-0.807,1.027,-5.967,-2.037,18.135,1.269,-10.235,0.352,0.000
-0.827,0.858,-6.372,-3.116,13.647,2.453,-12.333,-2.641,0.000
-1.029,0.613,-5.771,-4.692,9.408,2.464,-14.955,-6.766,0.000
-1.128,0.736,-4.454,-6.233,6.190,1.375,-17.525,-11.270,0.000
-0.773,1.551,-3.001,-7.222,4.490,-0.338,-19.091,-15.204,0.000
0.268,3.050,-1.918,-7.453,4.288,-1.991,-19.045,-17.952,0.000
2.041,4.840,-1.482,-7.116,5.010,-2.792,-17.455,-19.406,0.000
4.444,6.376,-1.714,-6.565,5.874,-2.108,-14.874,-19.818,0.000
7.244,7.299,-2.346,-5.972,6.333,0.097,-12.063,-19.587,0.000
10.074,7.558,-2.841,-5.161,6.252,3.122,-9.833,-19.124,0.000
12.541,7.314,-2.650,-3.774,5.760,5.948,-8.820,-18.736,0.000
14.334,6.793,-1.607,-1.594,4.997,7.818,-9.186,-18.527,0.000
15.230,6.192,-0.075,1.292,3.966,8.469,-10.570,-18.386,0.000
15.129,5.644,1.295,4.560,2.558,8.014,-12.368,-18.144,0.000
14.155,5.218,1.904,7.710,0.678,6.761,-14.056,-17.791,0.000
12.687,4.937,1.348,10.099,-1.676,5.086,-15.313,-17.580,0.000
11.171,4.820,-0.511,11.151,-4.389,3.324,-15.958,-17.862,0.000
9.863,4.909,-3.388,10.704,-7.158,1.745,-15.803,-18.769,0.000
8.727,5.285,-6.538,9.116,-9.467,0.583,-14.530,-20.080,0.000
7.541,5.995,-9.091,7.041,-10.800,0.016,-11.840,-21.377,0.000
6.079,6.890,-10.523,5.183,-11.010,0.060,-7.837,-22.290,0.000
4.200,7.552,-10.806,4.190,-10.441,0.542,-3.201,-22.613,0.000
1.916,7.533,-10.241,4.461,-9.641,1.188,1.166,-22.332,0.000
-0.493,6.780,-9.217,5.753,-8.908,1.734,4.686,-21.679,0.000
-2.427,5.828,-8.083,7.058,-8.082,1.969,7.318,-21.127,0.000
-3.236,5.458,-7.082,7.139,-6.756,1.764,9.346,-21.141,0.000
-2.667,6.142,-6.341,5.380,-4.697,1.122,10.992,-21.761,0.000
-1.025,7.788,-5.904,2.140,-2.061,0.179,12.194,-22.439,0.000
1.073,9.905,-5.768,-1.641,0.726,-0.863,12.701,-22.386,0.000
3.024,11.823,-5.878,-4.980,3.154,-1.792,12.368,-21.136,0.000
4.391,12.810,-6.130,-7.120,4.719,-2.387,11.296,-18.797,0.000
4.966,12.296,-6.383,-7.708,5.062,-2.462,9.768,-15.840,0.000
4.851,10.215,-6.480,-7.066,4.195,-1.930,8.130,-12.809,0.000
4.446,7.099,-6.236,-6.227,2.545,-0.812,6.732,-10.161,0.000
4.229,3.761,-5.498,-6.354,0.711,0.770,5.832,-8.159,0.000
4.463,0.926,-4.248,-7.845,-0.845,2.537,5.476,-6.755,0.000
5.081,-0.903,-2.650,-9.970,-1.912,4.023,5.485,-5.603,0.000
5.799,-1.476,-0.967,-11.476,-2.503,4.771,5.616,-4.292,0.000
6.255,-0.869,0.508,-11.553,-2.818,4.665,5.785,-2.714,0.000
6.082,0.548,1.477,-10.275,-3.200,4.057,6.163,-1.210,0.000
5.035,2.300,1.760,-8.295,-3.979,3.525,6.986,-0.327,0.000
3.210,3.994,1.520,-6.315,-5.259,3.515,8.181,-0.398,0.000
1.127,5.381,1.358,-4.783,-6.834,4.176,9.192,-1.361,0.000
-0.538,6.326,1.991,-3.831,-8.346,5.409,9.314,-2.886,0.000
-1.347,6.742,3.722,-3.261,-9.501,6.924,8.321,-4.563,0.000
-1.238,6.535,6.217,-2.619,-10.162,8.294,6.737,-6.001,0.000
-0.411,5.623,8.790,-1.465,-10.322,9.095,5.448,-6.906,0.000
0.841,4.050,10.814,0.216,-10.069,9.068,5.053,-7.140,0.000
2.236,2.037,11.915,1.869,-9.545,8.156,5.555,-6.705,0.000
3.561,-0.096,11.989,2.741,-8.892,6.464,6.560,-5.697,0.000
4.699,-1.996,11.200,2.491,-8.219,4.292,7.614,-4.306,0.000
5.602,-3.305,9.931,1.452,-7.611,2.144,8.398,-2.830,0.000
6.240,-3.766,8.585,0.296,-7.137,0.547,8.770,-1.574,0.000
6.558,-3.430,7.358,-0.520,-6.879,-0.222,8.719,-0.713,0.000
6.440,-2.727,6.170,-1.020,-6.955,-0.222,8.299,-0.251,0.000
5.771,-2.214,4.856,-1.522,-7.466,0.273,7.553,-0.065,0.000
4.556,-2.205,3.515,-2.251,-8.387,0.919,6.482,0.048,0.000
2.977,-2.613,2.678,-3.115,-9.521,1.386,5.045,0.341,0.000
1.307,-3.121,2.990,-3.786,-10.579,1.424,3.233,0.994,0.000
-0.196,-3.463,4.579,-3.884,-11.296,0.948,1.249,1.894,0.000
-1.316,-3.565,6.783,-3.080,-11.458,0.055,-0.411,2.552,0.000
-1.887,-3.498,8.571,-1.214,-10.916,-1.055,-1.202,2.402,0.000
-1.780,-3.352,9.232,1.478,-9.598,-2.108,-0.963,1.332,0.000
-0.869,-3.146,8.677,4.294,-7.501,-2.773,-0.091,-0.096,0.000
0.917,-2.821,7.279,6.397,-4.723,-2.775,0.734,-1.023,0.000
3.421,-2.253,5.613,7.297,-1.632,-2.124,0.961,-0.940,0.000
6.179,-1.267,4.290,7.025,1.037,-1.192,0.353,0.029,0.000
8.585,0.288,3.779,5.927,2.468,-0.501,-1.040,1.340,0.000
10.118,2.405,4.201,4.369,2.241,-0.386,-2.928,2.393,0.000
10.417,4.866,5.301,2.575,0.497,-0.857,-4.828,2.717,0.000
9.364,7.347,6.645,0.623,-2.276,-1.710,-6.266,2.104,0.000
7.327,9.510,7.843,-1.465,-5.502,-2.694,-7.020,0.789,0.000
5.230,11.035,8.627,-3.654,-8.647,-3.602,-7.197,-0.522,0.000
4.097,11.690,8.845,-5.854,-11.301,-4.290,-7.100,-1.045,0.000
4.321,11.467,8.445,-7.883,-13.202,-4.626,-7.080,-0.531,0.000
5.369,10.612,7.434,-9.444,-14.183,-4.444,-7.470,0.496,0.000
6.236,9.493,5.854,-10.247,-14.158,-3.595,-8.501,1.162,0.000
6.142,8.440,3.822,-10.229,-13.212,-2.114,-10.181,0.932,0.000
4.860,7.687,1.554,-9.624,-11.629,-0.287,-12.252,-0.075,0.000
2.652,7.361,-0.648,-8.823,-9.776,1.534,-14.293,-1.306,0.000
0.168,7.471,-2.363,-8.177,-7.985,3.234,-15.790,-2.146,0.000
-1.636,7.919,-3.014,-7.919,-6.510,5.068,-16.140,-2.122,0.000
-1.869,8.534,-2.127,-8.152,-5.508,7.440,-14.869,-1.035,0.000
-0.226,9.048,0.140,-8.844,-5.014,10.461,-12.052,0.847,0.000
2.839,9.073,2.773,-9.848,-4.966,13.742,-8.478,2.743,0.000
6.429,8.238,4.425,-10.959,-5.254,16.606,-5.241,3.762,0.000
9.549,6.465,4.218,-11.952,-5.755,18.450,-3.164,3.485,0.000
11.236,4.079,2.079,-12.575,-6.341,18.898,-2.574,2.194,0.000
10.835,1.638,-1.453,-12.607,-6.894,17.883,-3.390,0.588,0.000
8.497,-0.258,-5.441,-11.965,-7.300,15.843,-5.213,-0.617,0.000
5.331,-1.039,-8.681,-10.737,-7.445,13.761,-7.422,-0.862,0.000
2.781,-0.334,-10.125,-9.132,-7.245,12.696,-9.388,0.121,0.000
1.726,1.696,-9.508,-7.451,-6.747,13.055,-10.676,2.102,0.000
2.114,4.243,-7.531,-6.085,-6.160,14.307,-11.081,4.310,0.000
3.296,6.258,-5.331,-5.420,-5.770,15.438,-10.586,5.816,0.000
4.544,7.013,-3.757,-5.678,-5.805,15.624,-9.378,6.074,0.000
5.335,6.324,-3.054,-6.885,-6.393,14.551,-7.838,5.120,0.000
5.440,4.465,-2.999,-8.893,-7.557,12.364,-6.393,3.352,0.000
4.978,2.116,-3.141,-11.325,-9.188,9.601,-5.344,1.242,0.000
4.369,0.315,-2.969,-13.544,-11.040,7.112,-4.807,-0.822,0.000
4.087,0.061,-2.097,-14.869,-12.830,5.703,-4.739,-2.562,0.000
4.336,1.711,-0.518,-14.900,-14.349,5.651,-4.932,-3.756,0.000
4.935,4.780,1.338,-13.621,-15.490,6.549,-5.028,-4.150,0.000
5.500,8.302,2.876,-11.286,-16.223,7.676,-4.666,-3.526,0.000
5.704,11.278,3.728,-8.353,-16.553,8.531,-3.697,-1.914,0.000
5.398,12.858,3.905,-5.434,-16.495,9.076,-2.269,0.306,0.000
4.590,12.513,3.666,-3.133,-16.076,9.554,-0.659,2.568,0.000
3.409,10.331,3.320,-1.871,-15.401,10.142,0.951,4.306,0.000
2.068,7.075,3.112,-1.853,-14.690,10.744,2.580,5.025,0.000
0.777,3.777,3.142,-3.061,-14.199,11.091,4.322,4.420,0.000
-0.338,1.252,3.263,-5.127,-14.082,10.974,6.075,2.623,0.000
-1.247,-0.076,3.056,-7.277,-14.350,10.372,7.394,0.272,0.000
-1.960,-0.104,2.086,-8.645,-14.897,9.423,7.727,-1.815,0.000
-2.426,1.031,0.341,-8.741,-15.519,8.394,6.882,-3.089,0.000
-2.476,3.046,-1.580,-7.611,-15.930,7.643,5.235,-3.440,0.000
-1.887,5.615,-2.841,-5.667,-15.861,7.478,3.472,-3.098,0.000
-0.514,8.374,-2.976,-3.479,-15.211,7.952,2.218,-2.505,0.000
1.645,10.892,-2.148,-1.674,-14.099,8.793,1.860,-2.240,0.000
4.441,12.778,-0.875,-0.775,-12.759,9.608,2.517,-2.808,0.000
7.454,13.880,0.416,-1.023,-11.404,10.194,3.983,-4.343,0.000
9.938,14.340,1.627,-2.344,-10.166,10.661,5.750,-6.506,0.000
11.113,14.446,2.889,-4.470,-9.073,11.255,7.237,-8.726,0.000
10.655,14.410,4.297,-7.004,-8.007,12.020,8.060,-10.487,0.000
8.879,14.258,5.744,-9.433,-6.707,12.625,8.113,-11.448,0.000
6.489,13.891,6.987,-11.236,-4.947,12.568,7.502,-11.470,0.000
4.296,13.223,7.804,-12.003,-2.866,11.565,6.481,-10.672,0.000
3.086,12.260,8.090,-11.440,-1.117,9.727,5.414,-9.421,0.000
3.417,11.078,7.885,-9.445,-0.518,7.415,4.667,-8.175,0.000
5.269,9.794,7.432,-6.382,-1.449,5.010,4.487,-7.315,0.000
7.949,8.535,7.191,-3.176,-3.598,2.796,4.975,-7.096,0.000
10.470,7.411,7.625,-0.906,-6.220,0.938,6.124,-7.606,0.000
12.037,6.499,8.868,-0.163,-8.489,-0.493,7.804,-8.633,0.000
12.223,5.848,10.597,-0.812,-9.663,-1.462,9.764,-9.631,0.000
10.970,5.491,12.239,-2.276,-9.278,-1.929,11.680,-9.993,0.000
8.652,5.446,13.258,-3.954,-7.478,-1.841,13.140,-9.484,0.000
6.051,5.715,13.269,-5.433,-5.087,-1.132,13.612,-8.424,0.000
4.001,6.284,12.131,-6.525,-3.167,0.221,12.603,-7.399,0.000
2.895,7.102,10.143,-7.240,-2.380,2.024,9.999,-6.834,0.000
2.507,8.062,8.101,-7.702,-2.752,3.802,6.182,-6.779,0.000
2.297,9.024,6.930,-7.977,-3.903,4.976,1.831,-7.010,0.000
1.852,9.803,7.126,-7.821,-5.390,5.155,-2.278,-7.192,0.000
1.117,10.167,8.550,-6.573,-6.897,4.232,-5.346,-6.998,0.000
0.292,9.936,10.637,-3.548,-8.256,2.333,-6.775,-6.233,0.000
-0.366,9.208,12.640,1.188,-9.382,-0.205,-6.583,-5.032,0.000
-0.668,8.447,13.758,6.487,-10.178,-2.857,-5.521,-3.917,0.000
-0.580,8.190,13.388,10.754,-10.547,-5.075,-4.607,-3.520,0.000
-0.341,8.552,11.538,12.960,-10.456,-6.494,-4.455,-4.150,0.000
-0.490,9.005,8.951,13.066,-9.980,-6.971,-4.981,-5.627,0.000
-1.549,8.733,6.660,11.708,-9.263,-6.530,-5.654,-7.488,0.000
-3.450,7.243,5.365,9.732,-8.486,-5.337,-5.881,-9.298,0.000
-5.301,4.646,5.182,7.913,-7.856,-3.668,-5.216,-10.795,0.000
-5.905,1.479,5.801,6.752,-7.536,-1.833,-3.491,-11.936,0.000
-4.638,-1.548,6.718,6.283,-7.551,-0.140,-1.007,-12.929,0.000
-1.823,-3.676,7.377,6.082,-7.759,1.104,1.416,-14.216,0.000
1.601,-4.307,7.336,5.603,-7.928,1.668,2.847,-16.193,0.000
4.563,-3.283,6.454,4.684,-7.819,1.581,2.847,-18.720,0.000
6.085,-0.948,4.937,3.751,-7.223,1.180,1.694,-20.915,0.000
5.531,2.083,3.178,3.479,-6.009,0.912,0.079,-21.645,0.000
2.984,5.128,1.633,4.214,-4.236,1.000,-1.319,-20.362,0.000
-0.674,7.499,0.774,5.702,-2.194,1.307,-2.038,-17.456,0.000
-4.218,8.638,0.961,7.330,-0.287,1.469,-1.871,-13.888,0.000
-6.626,8.330,2.198,8.495,1.102,1.116,-0.880,-10.688,0.000
-7.271,6.727,4.055,8.794,1.652,-0.019,0.642,-8.697,0.000
-5.989,4.189,5.880,8.096,1.159,-2.017,2.314,-8.354,0.000
-3.298,1.137,7.046,6.657,-0.312,-4.599,3.767,-9.346,0.000
-0.442,-2.010,7.042,5.127,-2.393,-7.072,4.647,-10.535,0.000
1.200,-4.896,5.594,4.230,-4.557,-8.639,4.668,-10.598,0.000
1.004,-7.273,2.926,4.302,-6.271,-8.887,3.703,-9.019,0.000
-0.560,-8.967,-0.168,5.123,-7.032,-7.954,1.811,-6.478,0.000
-2.399,-9.874,-2.746,6.160,-6.497,-6.343,-0.807,-4.247,0.000
-3.470,-9.993,-4.368,6.918,-4.737,-4.684,-3.743,-3.209,0.000
-3.103,-9.433,-5.342,7.106,-2.328,-3.616,-6.352,-3.408,0.000
-1.098,-8.359,-6.356,6.647,-0.066,-3.587,-7.969,-4.310,0.000
2.110,-6.966,-7.846,5.684,1.402,-4.536,-8.251,-5.296,0.000
5.454,-5.473,-9.691,4.533,1.711,-5.804,-7.289,-5.947,0.000
7.744,-4.066,-11.414,3.518,0.801,-6.521,-5.483,-6.100,0.000
8.374,-2.827,-12.578,2.760,-0.975,-6.199,-3.457,-5.794,0.000
7.577,-1.712,-12.993,2.104,-2.847,-4.967,-2.010,-5.184,0.000
6.101,-0.616,-12.686,1.279,-3.974,-3.325,-1.840,-4.397,0.000
4.785,0.549,-11.797,0.178,-3.950,-1.766,-3.078,-3.401,0.000
4.354,1.813,-10.489,-1.016,-2.990,-0.573,-5.140,-1.952,0.000
5.239,3.158,-8.869,-1.962,-1.660,0.203,-7.110,0.229,0.000
7.306,4.546,-6.966,-2.393,-0.510,0.743,-8.302,3.150,0.000
9.799,5.922,-4.749,-2.226,0.108,1.412,-8.488,6.406,0.000
11.743,7.199,-2.225,-1.540,0.059,2.580,-7.810,9.348,0.000
12.502,8.185,0.347,-0.553,-0.583,4.364,-6.644,11.288,0.000
11.987,8.527,2.361,0.406,-1.587,6.532,-5.483,11.575,0.000
10.479,7.837,3.176,1.019,-2.696,8.648,-4.746,9.802,0.000
8.400,5.929,2.697,1.145,-3.755,10.232,-4.514,6.275,0.000
6.169,2.911,1.613,0.868,-4.749,10.824,-4.460,2.177,0.000
4.098,-0.851,0.962,0.383,-5.726,10.101,-4.087,-1.009,0.000
2.311,-4.677,1.439,-0.156,-6.671,8.126,-3.082,-2.363,0.000
0.762,-7.534,3.088,-0.704,-7.435,5.419,-1.469,-1.856,0.000
-0.668,-8.445,5.466,-1.288,-7.851,2.691,0.506,-0.065,0.000
-2.048,-7.200,7.879,-1.913,-7.958,0.498,2.537,2.237,0.000
-3.340,-4.622,9.528,-2.504,-8.108,-0.894,4.339,4.306,0.000
-4.417,-2.033,9.802,-2.930,-8.768,-1.525,5.706,5.642,0.000
-5.096,-0.500,8.718,-3.064,-10.180,-1.820,6.544,6.212,0.000
-5.151,-0.498,7.057,-2.808,-12.195,-2.584,6.852,6.480,0.000
-4.459,-1.971,5.874,-2.161,-14.384,-4.625,6.729,7.056,0.000
-3.323,-4.385,5.770,-1.356,-16.143,-8.108,6.464,8.186,0.000
-2.605,-6.830,6.598,-0.927,-16.737,-12.299,6.586,9.537,0.000
-3.276,-8.431,7.748,-1.460,-15.555,-16.037,7.635,10.487,0.000
-5.628,-8.907,8.610,-3.149,-12.549,-18.434,9.733,10.612,0.000
-8.932,-8.764,8.809,-5.629,-8.383,-19.167,12.420,9.902,0.000
-11.926,-8.842,8.250,-8.230,-4.042,-18.352,14.946,8.615,0.000
-13.547,-9.627,7.127,-10.343,-0.315,-16.358,16.719,7.003,0.000
-13.261,-10.935,5.877,-11.572,2.407,-13.642,17.489,5.167,0.000
-11.054,-12.189,4.958,-11.764,4.084,-10.631,17.280,3.103,0.000
-7.469,-12.920,4.549,-11.042,4.944,-7.694,16.284,0.907,0.000
-3.543,-13.005,4.461,-9.763,5.382,-5.184,14.754,-1.095,0.000
-0.366,-12.581,4.324,-8.369,5.777,-3.383,12.924,-2.478,0.000
1.478,-11.808,3.884,-7.236,6.283,-2.335,10.995,-2.967,0.000
2.093,-10.716,3.144,-6.643,6.763,-1.786,9.164,-2.550,0.000
1.972,-9.237,2.309,-6.742,6.950,-1.321,7.611,-1.443,0.000
1.605,-7.354,1.695,-7.459,6.700,-0.525,6.476,-0.096,0.000
1.271,-5.207,1.677,-8.474,6.105,0.941,5.860,0.812,0.000
1.041,-3.086,2.526,-9.358,5.391,3.229,5.808,0.640,0.000
0.844,-1.443,4.102,-9.742,4.758,6.065,6.238,-0.796,0.000
0.538,-0.908,5.750,-9.386,4.292,8.651,6.925,-3.068,0.000
-0.003,-1.999,6.664,-8.249,3.994,10.014,7.593,-5.444,0.000
-0.802,-4.571,6.480,-6.704,3.845,9.535,8.040,-7.295,0.000
-1.756,-7.586,5.525,-5.609,3.858,7.135,8.178,-8.264,0.000
-2.707,-9.650,4.495,-5.883,4.022,3.186,7.982,-8.252,0.000
-3.539,-9.813,3.955,-7.767,4.164,-1.496,7.416,-7.382,0.000
-4.220,-7.890,4.086,-10.524,3.872,-5.665,6.374,-5.931,0.000
-4.798,-4.293,4.721,-12.943,2.735,-8.092,4.750,-4.207,0.000
-5.410,0.147,5.400,-14.103,0.812,-8.231,2.615,-2.460,0.000
-6.277,4.304,5.438,-13.709,-1.152,-6.437,0.305,-0.868,0.000
-7.574,7.126,4.227,-11.970,-2.154,-3.624,-1.706,0.429,0.000
-9.178,8.113,1.720,-9.397,-1.640,-0.878,-2.981,1.287,0.000
-10.555,7.433,-1.397,-6.652,0.181,0.706,-3.180,1.507,0.000
-11.067,5.639,-4.117,-4.339,2.624,0.301,-2.151,0.942,0.000
-10.503,3.356,-5.706,-2.818,4.943,-2.223,-0.145,-0.276,0.000
-9.297,1.133,-5.949,-2.192,6.546,-6.195,2.104,-1.623,0.000
-8.195,-0.662,-5.065,-2.382,7.083,-10.573,3.708,-2.430,0.000
-7.699,-1.944,-3.609,-3.146,6.520,-14.449,4.071,-2.255,0.000
-7.815,-2.906,-2.392,-4.087,5.097,-17.243,3.075,-1.040,0.000
-8.196,-3.843,-2.168,-4.749,3.187,-18.706,1.020,0.967,0.000
-8.417,-4.923,-3.186,-4.694,1.222,-18.918,-1.310,3.257,0.000
-8.133,-6.083,-5.048,-3.512,-0.305,-18.207,-2.645,5.103,0.000
-7.193,-7.103,-7.042,-0.955,-0.959,-16.933,-1.743,5.831,0.000
-5.788,-7.725,-8.596,2.734,-0.554,-15.253,1.758,5.244,0.000
-4.487,-7.699,-9.474,6.692,0.789,-13.031,7.019,3.764,0.000
-3.952,-6.861,-9.696,9.848,2.732,-10.039,12.591,2.156,0.000
-4.507,-5.269,-9.360,11.567,4.766,-6.354,17.209,1.172,0.000
-5.985,-3.240,-8.522,11.880,6.226,-2.557,20.132,1.412,0.000
-7.907,-1.186,-7.207,11.229,6.502,0.560,21.131,3.174,0.000
-9.716,0.598,-5.552,10.070,5.387,2.466,20.449,6.172,0.000
-10.879,2.014,-3.900,8.651,3.197,3.084,18.673,9.441,0.000
-10.996,3.088,-2.676,7.022,0.573,2.703,16.460,11.816,0.000
-9.951,3.848,-2.192,5.164,-1.688,1.879,14.293,12.611,0.000
-7.931,4.236,-2.559,3.106,-2.700,1.356,12.428,11.877,0.000
-5.280,4.168,-3.662,0.984,-1.774,1.804,10.917,10.148,0.000
-2.392,3.684,-5.037,-0.865,1.053,3.421,9.624,8.116,0.000
0.318,3.025,-5.824,-1.857,4.831,5.811,8.252,6.446,0.000
2.468,2.494,-5.144,-1.438,8.196,8.294,6.497,5.609,0.000
3.730,2.221,-2.721,0.419,10.042,10.332,4.301,5.690,0.000
3.801,2.054,0.874,3.014,9.781,11.703,1.957,6.364,0.000
2.504,1.717,4.658,5.308,7.359,12.437,-0.112,7.131,0.000
0.070,1.104,7.852,6.495,3.380,12.681,-1.689,7.605,0.000
-2.738,0.423,10.150,6.230,-0.895,12.593,-2.921,7.622,0.000
-4.960,0.055,11.613,4.594,-4.086,12.290,-4.142,7.180,0.000
-5.931,0.295,12.430,2.078,-5.403,11.828,-5.555,6.336,0.000
-5.463,1.225,12.742,-0.471,-4.891,11.217,-7.070,5.132,0.000
-3.748,2.696,12.586,-2.199,-3.134,10.457,-8.400,3.623,0.000
-1.292,4.253,11.915,-2.733,-0.891,9.577,-9.256,2.017,0.000
1.160,5.122,10.635,-2.331,1.093,8.660,-9.437,0.746,0.000
2.887,4.555,8.693,-1.570,2.287,7.802,-8.870,0.281,0.000
3.548,2.452,6.240,-0.895,2.609,7.074,-7.661,0.760,0.000
3.279,-0.409,3.701,-0.408,2.470,6.506,-6.087,1.843,0.000
2.492,-2.874,1.564,0.004,2.440,6.112,-4.456,2.935,0.000
1.629,-4.179,0.054,0.371,2.791,5.940,-2.939,3.525,0.000
1.051,-4.289,-0.982,0.476,3.301,6.094,-1.513,3.340,0.000
0.992,-3.681,-1.872,-0.009,3.537,6.645,-0.043,2.362,0.000
1.528,-3.022,-2.763,-1.184,3.387,7.421,1.576,0.882,0.000
2.596,-2.968,-3.449,-2.755,3.308,7.908,3.337,-0.512,0.000
4.021,-3.962,-3.562,-4.205,4.018,7.484,5.112,-1.212,0.000
5.453,-5.951,-2.961,-5.062,5.901,5.825,6.609,-1.000,0.000
6.327,-8.320,-1.913,-5.021,8.730,3.074,7.350,-0.199,0.000
6.060,-10.228,-0.888,-3.980,11.894,-0.298,6.875,0.584,0.000
4.429,-11.054,-0.167,-2.098,14.759,-3.634,5.126,0.812,0.000
1.700,-10.564,0.335,0.202,16.851,-6.152,2.596,0.190,0.000
-1.567,-8.856,0.919,2.438,17.890,-7.176,0.023,-1.303,0.000
-4.747,-6.366,1.790,4.297,17.797,-6.497,-2.031,-3.312,0.000
-7.253,-3.829,2.892,5.703,16.619,-4.476,-3.365,-5.099,0.000
-8.639,-1.976,3.990,6.749,14.458,-1.798,-4.053,-5.901,0.000
-8.759,-1.101,4.835,7.586,11.491,0.750,-4.294,-5.497,0.000
-7.775,-0.914,5.258,8.359,7.994,2.375,-4.300,-4.414,0.000
-6.034,-0.854,5.189,9.157,4.324,2.484,-4.197,-3.498,0.000
-4.002,-0.568,4.663,9.947,0.966,1.046,-3.951,-3.209,0.000
-2.247,-0.139,3.787,10.556,-1.419,-1.303,-3.354,-3.300,0.000
-1.247,0.074,2.665,10.752,-2.207,-3.646,-2.198,-3.117,0.000
-1.064,-0.237,1.315,10.358,-1.228,-5.298,-0.581,-2.145,0.000
-1.237,-1.162,-0.346,9.287,1.095,-6.017,0.947,-0.282,0.000
-1.080,-2.570,-2.402,7.550,4.022,-5.904,1.687,2.233,0.000
-0.162,-4.109,-4.694,5.299,6.839,-5.264,1.279,4.967,0.000
1.490,-5.229,-6.712,2.847,8.993,-4.486,-0.085,7.397,0.000
3.522,-5.419,-7.828,0.575,10.166,-3.887,-1.870,9.124,0.000
5.423,-4.592,-7.692,-1.169,10.359,-3.533,-3.500,10.166,0.000
6.633,-3.224,-6.389,-2.085,9.875,-3.192,-4.500,11.035,0.000
6.718,-2.056,-4.316,-2.007,9.135,-2.514,-4.613,12.363,0.000
5.652,-1.678,-2.050,-1.124,8.479,-1.316,-3.969,14.295,0.000
3.889,-2.356,-0.277,-0.055,8.102,0.299,-3.110,16.213,0.000
2.109,-4.050,0.431,0.426,8.061,2.034,-2.687,17.177,0.000
0.885,-6.418,-0.033,-0.192,8.284,3.515,-3.020,16.672,0.000
0.568,-8.843,-1.209,-1.996,8.593,4.351,-3.926,14.945,0.000
1.282,-10.688,-2.367,-4.752,8.752,4.254,-4.977,12.711,0.000
2.911,-11.627,-2.919,-7.979,8.497,3.272,-5.901,10.682,0.000
5.116,-11.753,-2.585,-11.006,7.538,1.851,-6.779,9.319,0.000
7.449,-11.381,-1.356,-13.186,5.659,0.600,-7.890,8.745,0.000
9.395,-10.799,0.548,-14.156,2.970,-0.042,-9.355,8.644,0.000
10.355,-10.137,2.731,-13.907,0.012,0.061,-10.955,8.268,0.000
9.834,-9.399,4.759,-12.670,-2.511,0.782,-12.255,6.804,0.000
7.819,-8.595,6.270,-10.852,-4.113,1.753,-12.847,3.918,0.000
4.920,-7.816,6.984,-9.002,-4.679,2.401,-12.458,-0.039,0.000
2.043,-7.180,6.755,-7.627,-4.363,2.173,-11.009,-4.317,0.000
-0.047,-6.705,5.736,-6.952,-3.467,0.902,-8.746,-8.118,0.000
-0.903,-6.233,4.430,-6.849,-2.354,-1.071,-6.260,-10.745,0.000
-0.399,-5.505,3.465,-6.993,-1.360,-3.151,-4.211,-11.735,0.000
1.218,-4.292,3.257,-7.079,-0.732,-4.848,-2.933,-11.085,0.000
3.362,-2.456,3.881,-6.920,-0.650,-5.920,-2.292,-9.277,0.000
5.360,0.004,5.161,-6.455,-1.198,-6.336,-1.875,-7.001,0.000
6.745,2.814,6.764,-5.747,-2.257,-6.183,-1.279,-4.842,0.000
7.336,5.377,8.266,-4.955,-3.459,-5.578,-0.256,-3.170,0.000
7.148,7.034,9.285,-4.252,-4.355,-4.624,1.214,-2.150,0.000
6.269,7.489,9.659,-3.734,-4.656,-3.414,2.778,-1.781,0.000
4.784,6.957,9.481,-3.396,-4.330,-2.054,3.675,-1.951,0.000
2.770,5.928,8.997,-3.178,-3.516,-0.661,3.133,-2.488,0.000
0.397,4.824,8.498,-3.042,-2.416,0.625,1.078,-3.134,0.000
-1.999,3.827,8.270,-3.006,-1.221,1.635,-1.588,-3.522,0.000
-4.032,2.926,8.511,-3.088,-0.054,2.217,-3.545,-3.307,0.000
-5.433,2.045,9.173,-3.182,1.101,2.337,-3.931,-2.408,0.000
-6.110,1.140,9.912,-2.989,2.398,2.107,-2.734,-1.102,0.000
-6.141,0.228,10.255,-2.166,4.002,1.714,-0.543,0.138,0.000
-5.810,-0.608,9.841,-0.605,5.854,1.339,1.793,0.871,0.000
-5.606,-1.229,8.509,1.440,7.571,1.120,3.381,0.788,0.000
-5.998,-1.523,6.311,3.486,8.665,1.140,3.591,-0.244,0.000
-7.073,-1.541,3.598,4.969,8.931,1.408,2.507,-2.059,0.000
-8.386,-1.547,1.039,5.306,8.610,1.861,1.050,-4.165,0.000
-9.249,-1.879,-0.667,4.100,8.186,2.390,0.426,-5.936,0.000
-9.168,-2.738,-1.253,1.527,8.080,2.833,1.293,-6.820,0.000
-8.044,-4.083,-1.039,-1.513,8.487,2.969,3.424,-6.398,0.000
-6.128,-5.667,-0.616,-3.808,9.352,2.598,6.059,-4.448,0.000
-4.040,-7.019,-0.337,-4.403,10.305,1.697,8.422,-1.140,0.000
-2.743,-7.442,-0.070,-2.812,10.657,0.480,9.990,2.902,0.000
-3.134,-6.317,0.602,0.932,9.696,-0.715,10.546,6.844,0.000
-5.354,-3.679,2.002,6.036,7.170,-1.584,10.209,9.894,0.000
-8.521,-0.444,4.152,10.876,3.470,-1.917,9.377,11.378,0.000
-11.255,2.100,6.824,13.705,-0.640,-1.628,8.522,10.857,0.000
-12.415,3.074,9.604,13.738,-4.317,-0.841,7.979,8.412,0.000
-11.404,2.325,11.944,11.542,-6.765,0.094,7.885,4.719,0.000
-8.205,0.254,13.352,8.426,-7.389,0.757,8.234,0.723,0.000
-3.538,-2.385,13.668,5.572,-6.054,0.852,8.934,-2.705,0.000
1.137,-4.641,13.143,3.624,-3.130,0.286,9.845,-4.893,0.000
4.249,-5.675,12.257,2.718,0.719,-0.839,10.801,-5.475,0.000
5.025,-5.200,11.534,2.645,4.662,-2.163,11.568,-4.621,0.000
3.802,-3.586,11.459,3.025,7.731,-3.051,11.817,-3.081,0.000
1.563,-1.542,12.353,3.518,9.095,-2.869,11.250,-1.780,0.000
-0.698,0.274,14.135,3.993,8.531,-1.468,9.866,-1.258,0.000
-2.278,1.413,16.246,4.563,6.567,0.641,8.069,-1.457,0.000
-2.824,1.652,17.915,5.424,4.105,2.656,6.434,-1.974,0.000
-2.330,0.982,18.522,6.574,1.946,4.072,5.360,-2.486,0.000
-1.050,-0.446,17.731,7.700,0.584,4.930,4.923,-2.970,0.000
0.651,-2.420,15.539,8.340,0.196,5.639,4.976,-3.583,0.000
2.352,-4.702,12.476,8.187,0.630,6.632,5.312,-4.368,0.000
3.570,-7.026,9.664,7.204,1.466,8.181,5.765,-5.080,0.000
3.863,-9.123,8.309,5.587,2.233,10.309,6.234,-5.306,0.000
3.033,-10.730,8.918,3.744,2.658,12.666,6.646,-4.709,0.000
1.184,-11.569,10.989,2.274,2.749,14.502,6.910,-3.150,0.000
-1.340,-11.435,13.438,1.741,2.692,15.036,6.922,-0.731,0.000
-3.945,-10.411,15.168,2.312,2.706,14.063,6.588,2.073,0.000
-5.779,-8.939,15.324,3.636,2.974,12.183,5.839,4.373,0.000
-6.065,-7.575,13.450,5.109,3.580,10.351,4.663,5.286,0.000
-4.701,-6.595,9.732,6.258,4.414,9.183,3.192,4.640,0.000
-2.479,-5.834,5.034,6.900,5.149,8.653,1.747,3.245,0.000
-0.587,-4.881,0.470,7.064,5.408,8.311,0.701,2.321,0.000
0.126,-3.426,-3.089,6.846,5.050,7.700,0.283,2.577,0.000
-0.527,-1.426,-5.171,6.291,4.283,6.578,0.513,3.811,0.000
-2.215,0.919,-5.681,5.390,3.506,4.975,1.272,5.280,0.000
-4.281,3.208,-4.927,4.157,3.083,3.230,2.407,6.354,0.000
-5.875,4.872,-3.578,2.677,3.241,1.973,3.784,6.853,0.000
-6.251,5.408,-2.377,1.113,4.045,1.799,5.305,6.926,0.000
-5.165,4.765,-1.804,-0.279,5.355,2.745,6.888,6.737,0.000
-2.988,3.476,-1.957,-1.134,6.827,4.085,8.431,6.255,0.000
-0.441,2.336,-2.675,-1.141,8.051,4.763,9.824,5.314,0.000
1.673,1.935,-3.666,-0.349,8.720,4.058,10.975,3.855,0.000
2.573,2.464,-4.594,0.711,8.667,1.866,11.811,2.060,0.000
1.683,3.812,-5.155,1.316,7.877,-1.432,12.319,0.290,0.000
-1.024,5.695,-5.146,0.981,6.549,-5.117,12.650,-1.039,0.000
-4.935,7.755,-4.460,-0.356,5.120,-8.234,13.155,-1.510,0.000
-9.107,9.647,-3.074,-2.422,4.091,-9.942,14.222,-0.864,0.000
-12.597,11.065,-1.119,-4.694,3.805,-10.052,15.986,0.705,0.000
-14.572,11.708,1.102,-6.457,4.370,-9.180,18.204,2.447,0.000
-14.476,11.350,3.267,-7.054,5.680,-8.294,20.375,3.453,0.000
-12.355,10.020,5.254,-6.256,7.385,-8.043,21.864,3.265,0.000
-8.932,8.067,7.229,-4.382,8.885,-8.467,21.944,2.129,0.000
-5.205,5.947,9.436,-2.054,9.584,-9.204,20.064,0.702,0.000
-1.961,3.892,11.802,0.085,9.278,-9.861,16.373,-0.359,0.000
0.410,1.778,13.727,1.488,8.304,-10.214,11.908,-0.610,0.000
1.845,-0.697,14.376,1.823,7.264,-10.240,8.040,0.093,0.000
2.491,-3.647,13.191,1.183,6.636,-10.077,5.646,1.459,0.000
2.593,-6.806,10.101,0.129,6.594,-9.968,4.783,2.743,0.000
2.328,-9.671,5.459,-0.625,7.070,-10.124,4.929,3.122,0.000
1.634,-11.719,0.057,-0.668,7.885,-10.517,5.332,2.244,0.000
0.146,-12.502,-4.891,-0.062,8.832,-10.822,5.229,0.438,0.000
-2.532,-11.794,-8.216,0.831,9.726,-10.619,4.071,-1.608,0.000
-6.290,-9.879,-9.533,1.641,10.397,-9.743,1.839,-3.318,0.000
-10.270,-7.645,-9.468,2.128,10.653,-8.425,-0.890,-4.451,0.000
-13.281,-6.174,-9.078,2.220,10.313,-7.100,-3.319,-5.073,0.000
-14.460,-6.135,-8.946,2.010,9.309,-6.097,-4.951,-5.495,0.000
-13.523,-7.558,-8.765,1.727,7.730,-5.489,-5.793,-6.187,0.000
-10.691,-9.987,-7.766,1.592,5.768,-5.146,-6.163,-7.518,0.000
-6.650,-12.633,-5.560,1.635,3.702,-4.811,-6.379,-9.312,0.000
-2.494,-14.456,-2.568,1.616,1.894,-4.170,-6.597,-10.676,0.000
0.693,-14.508,0.295,1.244,0.668,-2.952,-6.825,-10.492,0.000
2.379,-12.451,2.174,0.550,0.137,-1.078,-7.048,-8.271,0.000
2.749,-8.721,2.562,0.063,0.143,1.288,-7.310,-4.502,0.000
2.378,-4.205,1.374,0.461,0.408,3.849,-7.694,-0.264,0.000
1.781,0.064,-0.898,1.943,0.727,6.259,-8.239,3.300,0.000
1.190,3.035,-3.195,3.951,1.062,8.148,-8.886,5.230,0.000
0.593,3.929,-4.394,5.575,1.467,9.205,-9.504,4.979,0.000
-0.142,2.735,-4.054,6.260,1.911,9.326,-9.926,2.802,0.000
-1.163,0.365,-2.683,6.124,2.192,8.646,-9.971,-0.164,0.000
-2.571,-1.878,-1.254,5.741,2.039,7.434,-9.522,-2.501,0.000
-4.345,-2.992,-0.459,5.754,1.338,6.007,-8.694,-3.345,0.000
-6.335,-2.563,-0.371,6.663,0.232,4.693,-7.888,-2.705,0.000
-8.332,-0.688,-0.605,8.690,-0.981,3.762,-7.600,-1.132,0.000
-10.151,2.076,-0.640,11.588,-2.003,3.329,-8.099,0.758,0.000
-11.635,4.792,0.000,14.596,-2.613,3.349,-9.310,2.544,0.000
-12.624,6.517,1.571,16.811,-2.704,3.691,-10.933,4.012,0.000
-12.868,6.792,3.878,17.707,-2.341,4.223,-12.611,5.008,0.000
-11.964,5.791,6.212,17.307,-1.764,4.850,-14.005,5.312,0.000
-9.547,4.050,7.729,15.980,-1.252,5.519,-14.873,4.702,0.000
-5.735,2.128,8.017,14.183,-0.950,6.182,-15.134,3.192,0.000
-1.315,0.454,7.313,12.309,-0.799,6.772,-14.869,1.150,0.000
2.632,-0.706,6.212,10.619,-0.647,7.212,-14.220,-0.887,0.000
5.282,-1.211,5.250,9.212,-0.449,7.435,-13.278,-2.463,0.000
6.278,-0.981,4.685,8.056,-0.357,7.393,-12.034,-3.318,0.000
5.693,0.005,4.501,7.047,-0.606,7.066,-10.425,-3.380,0.000
4.031,1.590,4.440,6.065,-1.295,6.516,-8.443,-2.754,0.000
2.176,3.370,4.067,4.993,-2.271,5.900,-6.194,-1.684,0.000
1.009,4.818,2.997,3.740,-3.255,5.420,-3.879,-0.430,0.000
0.894,5.424,1.256,2.305,-4.033,5.263,-1.784,0.841,0.000
1.493,4.736,-0.573,0.803,-4.550,5.581,-0.294,2.084,0.000
2.123,2.501,-1.702,-0.577,-4.856,6.435,0.249,3.295,0.000
2.284,-0.981,-1.672,-1.599,-4.994,7.652,-0.197,4.359,0.000
1.905,-4.737,-0.582,-1.983,-4.924,8.764,-1.290,4.963,0.000
1.227,-7.585,1.089,-1.516,-4.569,9.225,-2.513,4.751,0.000
0.586,-8.850,2.737,-0.286,-3.929,8.768,-3.475,3.631,0.000
0.279,-8.639,3.766,1.222,-3.147,7.541,-4.039,1.903,0.000
0.456,-7.575,3.771,2.370,-2.393,5.962,-4.273,0.074,0.000
0.971,-6.438,2.829,2.709,-1.647,4.526,-4.369,-1.403,0.000
1.358,-5.969,1.578,2.127,-0.588,3.719,-4.581,-2.239,0.000
1.081,-6.650,0.826,0.780,1.202,3.872,-5.115,-2.337,0.000
-0.064,-8.382,0.989,-0.943,3.859,4.914,-5.985,-1.831,0.000
-1.782,-10.406,1.846,-2.466,7.059,6.306,-6.961,-1.067,0.000
-3.482,-11.712,2.807,-3.227,10.224,7.336,-7.667,-0.423,0.000
-4.538,-11.628,3.323,-2.951,12.832,7.547,-7.684,-0.065,0.000
-4.408,-10.037,3.085,-1.740,14.540,6.913,-6.573,0.140,0.000
-2.779,-7.244,2.090,0.040,15.189,5.722,-4.030,0.458,0.000
0.130,-3.833,0.733,1.836,14.781,4.457,-0.226,1.015,0.000
3.472,-0.578,-0.182,2.939,13.422,3.715,4.062,1.662,0.000
6.190,1.833,0.181,2.734,11.281,3.994,7.818,2.106,0.000
7.594,3.169,2.091,1.155,8.685,5.354,10.300,2.138,0.000
7.579,3.760,5.017,-1.161,6.177,7.308,11.233,1.752,0.000
6.427,4.218,8.006,-3.245,4.370,9.122,10.744,1.083,0.000
4.549,5.058,10.196,-4.330,3.714,10.228,9.321,0.313,0.000
2.314,6.518,11.036,-4.064,4.418,10.387,7.751,-0.393,0.000
-0.015,8.574,10.354,-2.485,6.413,9.613,6.808,-0.912,0.000
-2.278,10.930,8.482,-0.021,9.150,8.062,6.828,-1.157,0.000
-4.356,13.036,6.257,2.551,11.531,5.941,7.581,-1.054,0.000
-6.139,14.299,4.630,4.394,12.397,3.461,8.564,-0.538,0.000
-7.497,14.346,4.140,4.975,11.337,0.884,9.449,0.415,0.000
-8.252,13.108,4.726,4.165,8.990,-1.410,10.281,1.764,0.000
-8.250,10.775,5.942,2.172,6.503,-3.023,11.324,3.377,0.000
-7.505,7.860,7.216,-0.438,4.685,-3.693,12.721,4.903,0.000
-6.251,5.221,7.995,-2.733,3.628,-3.354,14.307,5.710,0.000
-4.804,3.729,7.880,-3.777,2.955,-2.138,15.730,5.171,0.000
-3.367,3.753,6.812,-3.173,2.321,-0.491,16.683,3.199,0.000
-1.955,4.970,5.108,-1.254,1.706,0.798,17.006,0.466,0.000
-0.477,6.639,3.258,1.217,1.330,0.980,16.665,-1.989,0.000
1.076,7.923,1.684,3.411,1.379,0.030,15.682,-3.319,0.000
2.533,8.043,0.662,4.609,1.847,-1.077,14.075,-3.118,0.000
3.654,6.520,0.333,4.403,2.564,-0.975,11.883,-1.404,0.000
4.339,3.611,0.731,3.055,3.297,1.088,9.340,1.332,0.000
4.728,0.456,1.820,1.599,3.815,4.810,6.964,4.164,0.000
5.082,-1.563,3.448,1.244,3.929,9.184,5.367,6.121,0.000
5.586,-1.800,5.124,2.436,3.498,13.005,4.925,6.710,0.000
6.238,-0.746,5.905,4.474,2.400,15.124,5.650,6.100,0.000
6.888,0.472,4.839,6.082,0.560,14.816,7.272,4.842,0.000
7.288,0.866,1.818,6.341,-1.929,12.384,9.301,3.518,0.000
7.125,-0.038,-2.069,5.108,-4.740,9.338,11.058,2.570,0.000
6.145,-2.217,-5.207,2.828,-7.418,7.547,11.928,2.232,0.000
4.369,-5.191,-6.486,0.196,-9.501,7.989,11.714,2.480,0.000
2.168,-8.129,-5.751,-2.061,-10.552,10.244,10.760,3.049,0.000
0.079,-10.207,-3.536,-3.429,-10.301,13.058,9.654,3.566,0.000
-1.434,-11.069,-0.649,-3.914,-8.952,15.200,8.833,3.682,0.000
-2.071,-10.972,2.082,-4.097,-7.289,15.891,8.392,3.101,0.000
-1.714,-10.480,4.029,-4.734,-6.279,14.918,8.169,1.666,0.000
-0.493,-10.038,4.936,-6.152,-6.464,12.786,7.896,-0.423,0.000
1.209,-9.777,4.907,-7.997,-7.717,10.683,7.290,-2.539,0.000
2.912,-9.608,4.198,-9.537,-9.475,9.892,6.141,-3.943,0.000
4.191,-9.435,3.012,-10.143,-11.065,10.948,4.412,-4.305,0.000
4.714,-9.280,1.413,-9.519,-11.877,13.327,2.254,-3.913,0.000
4.274,-9.253,-0.582,-7.704,-11.540,15.929,-0.103,-3.397,0.000
2.876,-9.417,-2.756,-5.127,-10.212,17.752,-2.474,-3.315,0.000
0.740,-9.718,-4.566,-2.584,-8.648,18.202,-4.756,-3.946,0.000
-1.807,-10.028,-5.381,-0.888,-7.750,17.136,-6.874,-5.262,0.000
-4.428,-10.236,-4.917,-0.363,-7.890,14.924,-8.648,-6.868,0.000
-6.805,-10.298,-3.416,-0.666,-8.621,12.404,-9.714,-8.012,0.000
-8.683,-10.217,-1.408,-1.109,-9.067,10.494,-9.723,-7.921,0.000
-9.940,-9.995,0.615,-1.110,-8.544,9.676,-8.761,-6.309,0.000
-10.577,-9.599,2.362,-0.408,-6.848,9.816,-7.537,-3.565,0.000
-10.638,-8.963,3.752,0.961,-4.221,10.380,-7.001,-0.452,0.000
-10.096,-8.031,4.880,2.707,-1.311,10.681,-7.741,2.283,0.000
-8.799,-6.775,5.948,4.342,0.883,10.004,-9.716,4.072,0.000
-6.585,-5.252,7.109,5.382,1.424,7.836,-12.426,4.642,0.000
-3.566,-3.741,8.225,5.600,0.098,4.281,-15.130,4.202,0.000
-0.260,-2.806,8.765,5.105,-2.362,0.193,-16.963,3.481,0.000
2.631,-3.037,8.121,4.204,-4.803,-3.272,-17.237,3.358,0.000
4.544,-4.574,6.183,3.243,-6.410,-5.289,-15.922,4.355,0.000
5.177,-6.914,3.574,2.540,-7.036,-5.605,-13.785,6.439,0.000
4.489,-9.232,1.253,2.301,-6.999,-4.422,-11.899,9.160,0.000
2.762,-10.863,-0.114,2.504,-6.725,-2.280,-10.929,11.776,0.000
0.591,-11.498,-0.430,2.865,-6.521,0.054,-10.835,13.324,0.000
-1.352,-11.158,0.021,3.014,-6.517,1.847,-11.154,12.970,0.000
-2.593,-10.154,0.899,2.730,-6.657,2.722,-11.464,10.601,0.000
-2.934,-9.011,2.006,2.052,-6.744,2.732,-11.638,7.028,0.000
-2.386,-8.211,3.309,1.214,-6.555,2.169,-11.770,3.499,0.000
-1.110,-7.829,4.850,0.595,-5.960,1.317,-11.938,1.053,0.000
0.638,-7.398,6.658,0.680,-4.966,0.331,-12.049,0.247,0.000
2.551,-6.254,8.668,1.863,-3.666,-0.744,-11.904,1.166,0.000
4.238,-4.105,10.560,4.059,-2.217,-1.872,-11.354,3.375,0.000
5.187,-1.288,11.706,6.566,-0.824,-2.957,-10.406,5.974,0.000
4.961,1.475,11.510,8.451,0.363,-3.867,-9.201,7.980,0.000
3.629,3.440,10.066,9.153,1.419,-4.510,-8.002,8.822,0.000
1.928,4.003,8.418,8.726,2.711,-4.863,-7.174,8.493,0.000
0.824,2.854,7.926,7.651,4.666,-4.932,-7.006,7.325,0.000
0.790,0.277,9.184,6.556,7.336,-4.678,-7.418,5.694,0.000
1.500,-2.778,11.550,6.061,10.200,-3.961,-7.837,3.862,0.000
2.165,-5.208,13.685,6.561,12.444,-2.616,-7.496,1.959,0.000
2.092,-6.512,14.428,7.874,13.384,-0.623,-5.898,0.053,0.000
0.965,-7.089,13.209,9.136,12.650,1.827,-3.005,-1.782,0.000
-1.139,-7.822,10.079,9.299,10.216,4.443,0.869,-3.459,0.000
-3.708,-9.398,5.778,7.916,6.540,7.005,5.142,-4.915,0.000
-5.831,-11.975,1.681,5.462,2.585,9.436,9.016,-6.115,0.000
-6.605,-15.257,-0.819,2.913,-0.589,11.731,11.735,-7.057,0.000
-5.756,-18.597,-1.191,1.105,-2.390,13.814,12.934,-7.758,0.000
-3.863,-21.088,-0.070,0.427,-2.878,15.431,12.734,-8.244,0.000
-1.915,-21.901,1.346,0.844,-2.523,16.274,11.559,-8.521,0.000
-0.681,-20.790,2.191,1.951,-1.869,16.238,9.976,-8.545,0.000
-0.438,-18.251,2.350,3.056,-1.368,15.518,8.612,-8.212,0.000
-1.065,-15.165,2.250,3.465,-1.313,14.481,7.983,-7.402,0.000
-2.224,-12.367,2.461,2.829,-1.815,13.461,8.239,-6.083,0.000
-3.492,-10.472,3.457,1.253,-2.844,12.663,9.107,-4.355,0.000
-4.486,-9.812,5.466,-0.886,-4.284,12.159,10.110,-2.396,0.000
-4.957,-10.350,8.269,-3.119,-5.903,11.884,10.877,-0.423,0.000
-4.776,-11.711,11.169,-4.970,-7.335,11.680,11.266,1.318,0.000
-3.886,-13.377,13.333,-6.041,-8.200,11.397,11.323,2.596,0.000
-2.289,-14.882,14.268,-6.115,-8.311,11.050,11.187,3.250,0.000
-0.030,-15.868,13.995,-5.149,-7.736,10.880,11.028,3.181,0.000
2.807,-16.141,12.857,-3.259,-6.720,11.185,10.960,2.350,0.000
6.015,-15.785,11.288,-0.799,-5.589,12.038,10.950,0.827,0.000
9.229,-15.186,9.680,1.594,-4.708,13.149,10.789,-1.194,0.000
12.043,-14.825,8.292,3.244,-4.369,14.015,10.216,-3.428,0.000
14.188,-14.964,7.165,3.832,-4.634,14.134,9.129,-5.470,0.000
15.582,-15.524,6.128,3.529,-5.281,13.089,7.664,-6.766,0.000
16.293,-16.167,4.947,2.810,-5.963,10.653,6.101,-6.831,0.000
16.511,-16.397,3.542,2.203,-6.393,7.031,4.727,-5.677,0.000
16.518,-15.601,2.080,2.168,-6.425,2.933,3.782,-3.979,0.000
16.561,-13.256,0.829,2.991,-6.026,-0.738,3.416,-2.656,0.000
16.669,-9.295,-0.095,4.607,-5.237,-3.299,3.622,-2.228,0.000
16.582,-4.244,-0.849,6.569,-4.123,-4.425,4.241,-2.530,0.000
15.941,1.044,-1.755,8.279,-2.744,-4.093,5.047,-2.987,0.000
14.601,5.661,-3.128,9.308,-1.144,-2.570,5.856,-3.054,0.000
12.776,8.723,-5.179,9.504,0.638,-0.357,6.553,-2.453,0.000
10.883,9.593,-7.946,8.966,2.541,1.978,7.070,-1.185,0.000
9.311,8.288,-11.118,8.048,4.413,3.914,7.313,0.492,0.000
8.315,5.583,-13.969,7.343,5.963,4.993,7.114,2.114,0.000
7.999,2.564,-15.669,7.421,6.880,4.892,6.308,3.245,0.000
8.286,0.025,-15.783,8.419,7.046,3.608,4.896,3.803,0.000
8.947,-1.760,-14.435,9.885,6.610,1.510,3.125,4.165,0.000
9.687,-2.889,-12.089,11.095,5.889,-0.852,1.381,4.872,0.000
10.213,-3.546,-9.240,11.527,5.257,-2.945,0.051,6.137,0.000
10.239,-3.820,-6.268,11.074,5.092,-4.335,-0.515,7.628,0.000
9.560,-3.704,-3.406,9.957,5.673,-4.747,-0.102,8.725,0.000
8.204,-3.219,-0.793,8.620,6.990,-4.192,1.200,8.963,0.000
6.485,-2.496,1.443,7.644,8.690,-2.982,2.935,8.234,0.000
4.830,-1.736,3.173,7.521,10.277,-1.543,4.532,6.722,0.000
3.545,-1.117,4.293,8.313,11.376,-0.199,5.643,4.807,0.000
2.715,-0.747,4.735,9.547,11.836,0.919,6.276,2.990,0.000
2.254,-0.626,4.493,10.542,11.687,1.841,6.628,1.734,0.000
1.975,-0.570,3.724,10.895,11.093,2.724,6.799,1.274,0.000
1.643,-0.184,2.786,10.693,10.300,3.813,6.639,1.577,0.000
1.034,0.951,2.077,10.357,9.534,5.284,5.901,2.432,0.000
0.007,2.986,1.812,10.398,8.882,6.978,4.600,3.493,0.000
-1.493,5.674,1.934,11.282,8.265,8.280,3.185,4.308,0.000
-3.409,8.551,2.231,13.266,7.561,8.468,2.302,4.428,0.000
-5.456,11.149,2.516,16.100,6.833,7.307,2.369,3.598,0.000
-7.061,13.084,2.720,18.929,6.430,5.306,3.385,1.789,0.000
-7.602,14.107,2.866,20.761,6.788,3.361,5.011,-0.845,0.000
-6.822,14.176,3.008,21.218,8.023,2.214,6.657,-3.960,0.000
-4.994,13.443,3.177,20.825,9.763,2.204,7.543,-7.022,0.000
-2.720,12.158,3.376,20.536,11.359,3.288,7.013,-9.485,0.000
-0.715,10.616,3.579,20.934,12.223,5.051,5.068,-11.050,0.000
0.296,9.141,3.748,21.861,11.965,6.769,2.556,-11.735,0.000
-0.238,8.009,3.862,22.701,10.492,7.710,0.649,-11.771,0.000
-2.372,7.333,3.978,22.921,8.205,7.552,0.062,-11.478,0.000
-5.589,7.028,4.260,22.355,6.056,6.509,0.719,-11.201,0.000
-9.094,6.886,4.905,21.132,5.087,5.082,2.012,-11.210,0.000
-12.159,6.644,6.030,19.498,5.709,3.709,3.196,-11.581,0.000
-14.245,6.015,7.623,17.674,7.428,2.608,3.594,-12.155,0.000
-15.022,4.772,9.546,15.806,9.302,1.789,2.745,-12.647,0.000
-14.398,2.899,11.478,13.986,10.650,1.120,0.577,-12.759,0.000
-12.474,0.642,12.885,12.304,11.375,0.389,-2.590,-12.221,0.000
-9.447,-1.605,13.230,10.836,11.767,-0.582,-6.236,-10.877,0.000
-5.624,-3.432,12.318,9.587,12.088,-1.769,-9.778,-8.865,0.000
-1.438,-4.450,10.427,8.459,12.327,-2.894,-12.606,-6.688,0.000
2.634,-4.409,8.060,7.314,12.280,-3.599,-14.195,-5.007,0.000
6.136,-3.434,5.589,6.069,11.790,-3.750,-14.297,-4.348,0.000
8.614,-2.107,3.103,4.761,10.888,-3.556,-12.981,-5.002,0.000
9.716,-1.125,0.510,3.509,9.740,-3.387,-10.543,-6.937,0.000
9.412,-0.784,-2.207,2.479,8.520,-3.472,-7.515,-9.523,0.000
8.050,-0.756,-4.830,1.856,7.336,-3.757,-4.666,-11.429,0.000
6.171,-0.414,-7.007,1.785,6.231,-4.010,-2.720,-11.232,0.000
4.293,0.599,-8.450,2.244,5.259,-4.024,-1.908,-8.434,0.000
2.833,2.102,-9.023,3.006,4.534,-3.725,-1.811,-3.873,0.000
2.029,3.567,-8.789,3.744,4.187,-3.142,-1.719,0.906,0.000
1.812,4.461,-8.115,4.157,4.234,-2.333,-1.170,4.530,0.000
1.793,4.416,-7.703,4.010,4.522,-1.331,-0.201,6.202,0.000
1.509,3.272,-8.250,3.181,4.813,-0.157,0.826,5.769,0.000
0.821,1.124,-9.867,1.764,4.924,1.097,1.545,3.883,0.000
0.072,-1.701,-11.846,0.106,4.793,2.216,1.759,1.957,0.000
-0.154,-4.770,-13.081,-1.340,4.453,2.956,1.498,1.481,0.000
0.548,-7.596,-12.712,-2.184,3.998,3.218,1.090,3.007,0.000
2.223,-9.623,-10.404,-2.156,3.548,3.124,1.158,5.779,0.000
4.617,-10.359,-6.354,-1.197,3.199,2.900,2.300,8.410,0.000
7.253,-9.635,-1.439,0.299,2.978,2.688,4.554,9.918,0.000
9.472,-7.690,2.759,1.393,2.826,2.450,7.186,10.198,0.000
10.653,-5.013,4.640,1.070,2.651,2.013,9.153,9.752,0.000
10.517,-2.196,3.662,-0.969,2.403,1.159,9.854,9.194,0.000
9.206,0.111,0.735,-3.985,2.103,-0.323,9.437,8.946,0.000
7.135,1.381,-2.511,-6.729,1.769,-2.505,8.479,9.164,0.000
4.859,1.468,-4.787,-8.245,1.286,-5.047,7.430,9.742,0.000
3.024,0.672,-5.627,-8.239,0.341,-7.081,6.323,10.372,0.000
2.162,-0.528,-5.211,-6.962,-1.358,-7.636,4.931,10.726,0.000
2.367,-1.847,-4.027,-5.031,-3.621,-6.367,3.151,10.641,0.000
3.192,-3.355,-2.610,-3.288,-5.564,-3.852,1.227,10.181,0.000
3.921,-5.278,-1.353,-2.479,-6.089,-1.162,-0.416,9.531,0.000
3.926,-7.579,-0.378,-2.845,-4.724,0.756,-1.537,8.864,0.000
2.813,-9.749,0.454,-4.006,-1.977,1.365,-2.259,8.282,0.000
0.485,-11.096,1.375,-5.276,1.095,0.600,-2.939,7.796,0.000
-2.701,-11.316,2.486,-6.051,3.538,-1.017,-3.918,7.311,0.000
-5.891,-10.739,3.661,-5.984,4.817,-2.388,-5.387,6.624,0.000
-8.094,-10.054,4.659,-4.973,4.816,-2.371,-7.307,5.530,0.000
-8.680,-9.869,5.286,-3.171,3.807,-0.600,-9.270,3.994,0.000
-7.558,-10.486,5.469,-0.936,2.348,2.213,-10.450,2.225,0.000
-5.069,-11.854,5.197,1.320,1.018,4.831,-9.986,0.555,0.000
-1.974,-13.484,4.422,3.293,0.113,6.331,-7.626,-0.749,0.000
0.579,-14.451,2.993,4.822,-0.436,6.479,-3.974,-1.555,0.000
1.500,-13.835,0.786,5.869,-0.854,5.576,-0.071,-1.874,0.000
0.460,-11.453,-1.966,6.496,-1.191,4.194,3.181,-1.880,0.000
-1.866,-8.133,-4.519,6.845,-1.159,2.994,5.268,-1.909,0.000
-4.307,-5.152,-6.003,7.077,-0.374,2.522,6.062,-2.311,0.000
-5.930,-3.391,-6.100,7.334,1.150,2.988,5.794,-3.240,0.000
-6.359,-2.970,-5.330,7.718,2.767,4.240,4.981,-4.579,0.000
-5.705,-3.453,-4.633,8.238,3.584,5.935,4.180,-6.030,0.000
-4.449,-4.194,-4.697,8.673,3.128,7.714,3.724,-7.216,0.000
-3.314,-4.550,-5.643,8.499,1.650,9.261,3.650,-7.723,0.000
-2.945,-4.054,-7.139,7.153,-0.164,10.313,3.814,-7.247,0.000
-3.458,-2.616,-8.607,4.495,-1.643,10.629,4.064,-5.872,0.000
-4.294,-0.533,-9.356,1.004,-2.366,9.943,4.325,-4.170,0.000
-4.632,1.758,-8.855,-2.506,-2.238,8.089,4.583,-2.882,0.000
-4.041,4.002,-7.130,-5.282,-1.601,5.342,4.805,-2.433,0.000
-2.753,6.243,-4.894,-6.801,-1.223,2.569,4.889,-2.735,0.000
-1.363,8.654,-3.131,-6.844,-1.906,0.825,4.721,-3.384,0.000
-0.295,11.192,-2.533,-5.675,-3.862,0.684,4.317,-3.963,0.000
0.455,13.411,-3.261,-4.054,-6.472,1.986,3.888,-4.199,0.000
1.179,14.703,-5.051,-2.899,-8.719,4.087,3.738,-3.967,0.000
2.140,14.731,-7.297,-2.841,-9.821,6.205,4.096,-3.236,0.000
3.393,13.618,-9.121,-4.074,-9.512,7.599,5.039,-1.999,0.000
4.803,11.808,-9.720,-6.447,-7.958,7.761,6.467,-0.269,0.000
6.121,9.884,-8.883,-9.527,-5.672,6.678,8.010,1.820,0.000
7.039,8.471,-7.169,-12.661,-3.415,4.883,8.982,3.962,0.000
7.291,8.039,-5.525,-15.178,-1.913,3.105,8.663,5.808,0.000
6.779,8.608,-4.762,-16.647,-1.495,1.792,6.770,7.200,0.000
5.606,9.664,-5.333,-16.927,-1.983,0.932,3.629,8.253,0.000
3.989,10.478,-7.298,-16.094,-2.904,0.219,-0.072,9.209,0.000
2.216,10.567,-10.218,-14.410,-3.716,-0.651,-3.588,10.172,0.000
0.635,9.884,-13.154,-12.293,-3.917,-1.819,-6.241,10.969,0.000
-0.423,8.686,-15.085,-10.204,-3.130,-3.255,-7.603,11.263,0.000
-0.747,7.349,-15.497,-8.565,-1.238,-4.764,-7.780,10.758,0.000
-0.272,6.253,-14.594,-7.759,1.599,-6.007,-7.485,9.305,0.000
0.902,5.622,-13.009,-8.085,5.025,-6.635,-7.612,6.952,0.000
2.374,5.278,-11.444,-9.624,8.458,-6.460,-8.597,4.093,0.000
3.385,4.565,-10.489,-12.213,11.062,-5.507,-10.151,1.527,0.000
3.152,2.735,-10.498,-15.491,12.058,-3.961,-11.550,0.111,0.000
1.462,-0.382,-11.427,-18.831,11.289,-2.153,-12.067,0.237,0.000
-1.096,-4.097,-12.820,-21.290,9.426,-0.552,-11.175,1.629,0.000
-3.528,-7.359,-14.070,-21.938,7.551,0.442,-8.650,3.643,0.000
-5.004,-9.548,-14.762,-20.440,6.584,0.853,-4.747,5.657,0.000
-5.107,-10.834,-14.792,-17.259,7.035,1.270,-0.233,7.261,0.000
-3.783,-11.840,-14.296,-13.310,8.972,2.473,3.964,8.249,0.000
-1.262,-13.036,-13.553,-9.548,11.928,4.810,7.183,8.537,0.000
2.038,-14.405,-12.926,-6.781,14.924,7.915,9.166,8.068,0.000
5.605,-15.562,-12.739,-5.505,16.915,11.006,9.965,6.833,0.000
8.778,-16.027,-13.122,-5.638,17.446,13.323,9.847,5.043,0.000
10.665,-15.386,-13.970,-6.479,16.870,14.336,9.209,3.213,0.000
10.467,-13.430,-15.047,-7.137,15.946,13.884,8.447,1.947,0.000
8.153,-10.395,-16.099,-7.118,15.216,12.428,7.855,1.549,0.000
4.720,-7.022,-16.890,-6.568,14.716,11.112,7.609,1.872,0.000
1.631,-4.194,-17.204,-6.003,14.140,11.179,7.782,2.508,0.000
-0.005,-2.431,-16.801,-5.893,13.197,13.044,8.318,3.068,0.000
0.217,-1.716,-15.370,-6.442,11.821,15.928,9.033,3.325,0.000
2.091,-1.704,-12.689,-7.589,10.159,18.453,9.689,3.211,0.000
4.894,-2.041,-9.017,-9.035,8.530,19.550,10.063,2.774,0.000
7.502,-2.535,-5.275,-10.279,7.374,18.868,9.955,2.113,0.000
8.833,-3.112,-2.608,-10.819,7.043,16.653,9.187,1.325,0.000
8.472,-3.651,-1.695,-10.410,7.470,13.562,7.586,0.479,0.000
6.857,-3.867,-2.468,-9.142,8.041,10.511,4.965,-0.376,0.000
4.846,-3.470,-4.356,-7.306,7.941,8.348,1.253,-1.160,0.000
3.121,-2.524,-6.580,-5.272,6.680,7.484,-3.146,-1.667,0.000
1.910,-1.612,-8.331,-3.422,4.319,7.806,-7.178,-1.504,0.000
1.079,-1.500,-9.028,-2.048,1.319,8.888,-9.588,-0.306,0.000
0.333,-2.536,-8.680,-1.200,-1.617,10.199,-9.664,1.849,0.000
-0.641,-4.387,-7.977,-0.648,-3.637,11.192,-7.513,4.263,0.000
-2.022,-6.350,-7.814,-0.037,-4.054,11.445,-3.802,6.008,0.000
-3.632,-7.844,-8.548,0.902,-2.869,10.862,0.536,6.568,0.000
-4.864,-8.656,-9.686,2.253,-0.940,9.711,4.461,6.104,0.000
-5.009,-8.916,-10.331,3.929,0.548,8.393,7.087,5.182,0.000
-3.791,-9.019,-9.944,5.641,0.900,7.109,7.992,4.346,0.000
-1.584,-9.554,-8.698,6.904,0.254,5.719,7.266,3.890,0.000
0.873,-11.039,-7.205,7.273,-0.734,3.930,5.351,3.860,0.000
2.886,-13.536,-6.017,6.768,-1.376,1.674,3.002,4.119,0.000
3.980,-16.504,-5.369,6.033,-1.215,-0.695,1.272,4.437,0.000
3.976,-19.128,-5.215,5.942,-0.071,-2.634,1.152,4.586,0.000
3.096,-20.766,-5.383,6.937,1.941,-3.816,2.969,4.438,0.000
1.965,-21.118,-5.686,8.747,4.478,-4.319,6.177,3.972,0.000
1.300,-20.189,-5.975,10.685,7.114,-4.480,9.755,3.200,0.000
1.493,-18.244,-6.095,12.128,9.461,-4.649,12.701,2.066,0.000
2.458,-15.754,-5.838,12.750,11.172,-5.053,14.260,0.395,0.000
3.793,-13.239,-5.026,12.531,11.968,-5.755,14.073,-1.981,0.000
4.988,-11.145,-3.729,11.727,11.704,-6.628,12.476,-4.953,0.000
5.531,-9.837,-2.359,10.808,10.365,-7.370,10.550,-7.998,0.000
5.059,-9.554,-1.443,10.248,8.038,-7.653,9.554,-10.422,0.000
3.633,-10.282,-1.231,10.272,4.949,-7.315,10.067,-11.731,0.000
1.803,-11.717,-1.517,10.770,1.488,-6.434,11.660,-11.770,0.000
0.292,-13.404,-1.829,11.439,-1.884,-5.247,13.361,-10.659,0.000
-0.475,-14.853,-1.717,11.933,-4.701,-4.090,14.379,-8.740,0.000
-0.559,-15.578,-0.895,11.940,-6.483,-3.365,14.450,-6.519,0.000
-0.328,-15.212,0.700,11.249,-6.868,-3.425,13.748,-4.514,0.000
-0.168,-13.734,2.808,9.884,-5.901,-4.364,12.687,-3.090,0.000
-0.327,-11.532,4.827,8.132,-4.129,-5.945,11.771,-2.441,0.000
-0.881,-9.146,6.064,6.400,-2.332,-7.692,11.394,-2.610,0.000
-1.694,-6.925,6.083,5.041,-1.153,-8.932,11.612,-3.469,0.000
-2.442,-4.888,4.812,4.294,-0.964,-8.791,12.083,-4.721,0.000
-2.794,-2.849,2.487,4.246,-1.854,-6.544,12.317,-6.003,0.000
-2.679,-0.669,-0.332,4.742,-3.582,-2.296,12.022,-6.969,0.000
-2.382,1.596,-2.776,5.369,-5.597,2.754,11.251,-7.309,0.000
-2.319,3.747,-4.038,5.646,-7.285,6.938,10.287,-6.832,0.000
-2.647,5.527,-4.010,5.322,-8.289,9.053,9.468,-5.636,0.000
-3.091,6.671,-3.515,4.479,-8.613,8.722,9.104,-4.176,0.000
-3.184,6.992,-3.765,3.405,-8.470,6.259,9.364,-3.022,0.000
-2.693,6.520,-5.475,2.408,-8.069,2.536,10.099,-2.501,0.000
-1.825,5.544,-8.468,1.720,-7.498,-1.147,10.786,-2.554,0.000
-1.026,4.472,-11.929,1.456,-6.736,-3.556,10.822,-2.883,0.000
-0.632,3.665,-14.733,1.538,-5.733,-4.198,10.005,-3.154,0.000
-0.692,3.381,-15.628,1.697,-4.465,-3.516,8.727,-3.122,0.000
-1.048,3.748,-13.696,1.637,-2.968,-2.409,7.664,-2.704,0.000
-1.500,4.690,-9.164,1.288,-1.404,-1.554,7.268,-2.096,0.000
-1.919,5.919,-3.677,0.904,-0.083,-1.091,7.532,-1.800,0.000
-2.292,7.075,0.618,0.834,0.673,-0.806,8.127,-2.339,0.000
-2.767,7.907,2.439,1.121,0.769,-0.519,8.635,-3.776,0.000
-3.647,8.335,1.917,1.313,0.425,-0.307,8.685,-5.514,0.000
-5.208,8.395,0.081,0.752,0.026,-0.422,8.040,-6.650,0.000
-7.367,8.159,-1.902,-0.891,-0.089,-1.042,6.703,-6.546,0.000
-9.537,7.683,-3.161,-3.378,0.276,-2.130,4.914,-5.061,0.000
-10.941,7.024,-3.296,-6.146,1.162,-3.474,3.019,-2.470,0.000
-11.098,6.328,-2.566,-8.694,2.418,-4.746,1.331,0.628,0.000
-10.023,5.892,-1.860,-10.770,3.703,-5.550,0.096,3.377,0.000
-8.095,6.028,-2.193,-12.325,4.633,-5.573,-0.541,4.987,0.000
-5.900,6.811,-3.980,-13.364,4.964,-4.846,-0.599,5.192,0.000
-4.142,7.971,-6.758,-13.823,4.650,-3.826,-0.274,4.386,0.000
-3.408,9.065,-9.593,-13.643,3.786,-3.095,0.155,3.261,0.000
-3.806,9.724,-11.660,-13.020,2.562,-2.892,0.403,2.287,0.000
-4.865,9.767,-12.505,-12.527,1.225,-2.918,0.216,1.483,0.000
-5.836,9.183,-12.026,-12.834,0.000,-2.609,-0.561,0.609,0.000
-6.103,8.125,-10.427,-14.174,-1.014,-1.619,-1.831,-0.451,0.000
-5.349,6.867,-8.131,-16.106,-1.866,-0.052,-3.185,-1.457,0.000
-3.566,5.661,-5.593,-17.827,-2.665,1.679,-4.093,-1.945,0.000
-1.115,4.534,-3.157,-18.647,-3.444,3.089,-4.175,-1.488,0.000
1.281,3.219,-1.026,-18.212,-4.087,3.741,-3.304,0.177,0.000
2.856,1.402,0.684,-16.523,-4.392,3.345,-1.595,3.067,0.000
3.265,-0.838,1.860,-14.005,-4.186,1.894,0.534,6.742,0.000
2.745,-2.812,2.336,-11.485,-3.373,-0.321,2.348,10.238,0.000
1.872,-3.599,1.964,-9.809,-1.956,-2.866,3.106,12.478,0.000
1.237,-2.710,0.823,-9.278,-0.119,-5.281,2.540,12.906,0.000
1.297,-0.367,-0.693,-9.454,1.749,-7.119,1.040,11.709,0.000
2.327,2.756,-2.069,-9.557,3.185,-8.028,-0.646,9.514,0.000
4.362,5.886,-2.958,-9.090,3.835,-7.927,-1.824,6.999,0.000
7.227,8.332,-3.301,-8.120,3.502,-7.038,-2.034,4.684,0.000
10.609,9.637,-3.266,-7.044,2.174,-5.768,-1.124,2.840,0.000
14.045,9.766,-3.166,-6.142,0.132,-4.601,0.620,1.418,0.000
16.873,9.119,-3.405,-5.342,-2.007,-4.055,2.454,0.068,0.000
18.426,8.254,-4.294,-4.349,-3.572,-4.519,3.505,-1.610,0.000
18.356,7.562,-5.753,-2.944,-4.254,-5.934,3.224,-3.721,0.000
16.729,7.138,-7.198,-1.164,-4.262,-7.676,1.539,-5.927,0.000
13.908,6.937,-7.897,0.747,-4.047,-8.892,-1.286,-7.692,0.000
10.502,7.059,-7.548,2.416,-3.875,-8.976,-4.769,-8.689,0.000
7.327,7.905,-6.524,3.395,-3.610,-7.764,-8.286,-8.967,0.000
5.171,9.916,-5.576,3.331,-2.922,-5.454,-11.274,-8.822,0.000
4.457,12.997,-5.361,2.252,-1.710,-2.567,-13.474,-8.571,0.000
5.156,16.241,-6.214,0.662,-0.317,0.108,-14.983,-8.432,0.000
6.915,18.394,-8.084,-0.740,0.714,1.804,-16.065,-8.488,0.000
9.133,18.624,-10.385,-1.445,1.129,2.178,-16.881,-8.676,0.000
10.998,16.840,-11.960,-1.284,1.187,1.437,-17.345,-8.816,0.000
11.745,13.541,-11.596,-0.346,1.431,0.095,-17.228,-8.738,0.000
11.059,9.679,-8.856,1.137,2.253,-1.326,-16.354,-8.476,0.000
9.191,6.547,-4.381,2.872,3.676,-2.433,-14.710,-8.343,0.000
6.683,5.293,0.609,4.568,5.399,-3.016,-12.446,-8.704,0.000
4.019,6.167,4.997,5.938,6.874,-3.083,-9.923,-9.562,0.000
1.472,8.281,8.068,6.665,7.361,-2.840,-7.733,-10.382,0.000
-0.837,10.230,9.544,6.504,6.256,-2.538,-6.461,-10.434,0.000
-2.734,10.985,9.596,5.521,3.664,-2.280,-6.308,-9.406,0.000
-3.853,10.282,8.758,4.191,0.612,-1.954,-6.961,-7.681,0.000
-3.816,8.449,7.652,3.160,-1.546,-1.373,-7.842,-6.011,0.000
-2.675,6.156,6.726,2.876,-2.040,-0.558,-8.452,-4.987,0.000
-1.101,4.236,6.163,3.451,-1.067,0.137,-8.535,-4.782,0.000
-0.006,3.373,5.948,4.720,0.586,0.275,-8.080,-5.197,0.000
0.090,3.693,5.922,6.321,2.115,-0.190,-7.345,-5.741,0.000
-0.662,4.647,5.832,7.747,3.005,-0.698,-6.828,-5.725,0.000
-1.681,5.426,5.437,8.524,3.094,-0.461,-7.051,-4.580,0.000
-2.328,5.556,4.668,8.447,2.608,0.858,-8.225,-2.406,0.000
-2.116,5.157,3.680,7.650,2.098,2.826,-10.141,-0.160,0.000
-0.828,4.693,2.742,6.447,2.131,4.580,-12.331,0.933,0.000
1.291,4.548,2.091,5.161,2.847,5.382,-14.255,0.343,0.000
3.506,4.805,1.865,4.046,3.796,4.876,-15.379,-1.351,0.000
4.995,5.289,2.053,3.266,4.268,3.108,-15.314,-2.965,0.000
5.456,5.675,2.378,2.894,3.796,0.553,-14.054,-3.524,0.000
5.339,5.572,2.264,2.942,2.387,-1.929,-12.041,-2.644,0.000
5.429,4.672,1.128,3.387,0.380,-3.471,-9.946,-0.513,0.000
6.164,2.974,-1.083,4.151,-1.746,-3.751,-8.402,2.146,0.000
7.306,0.854,-3.676,5.097,-3.485,-3.175,-7.918,4.154,0.000
8.219,-1.159,-5.641,6.033,-4.433,-2.478,-8.740,4.366,0.000
8.361,-2.684,-6.330,6.702,-4.438,-2.130,-10.548,2.413,0.000
7.533,-3.610,-5.753,6.751,-3.616,-2.050,-12.355,-1.053,0.000
5.852,-4.042,-4.348,5.873,-2.237,-1.830,-12.992,-4.872,0.000
3.691,-4.243,-2.626,4.077,-0.642,-1.141,-11.855,-8.073,0.000
1.608,-4.579,-0.969,1.795,0.787,0.043,-9.203,-10.173,0.000
0.140,-5.364,0.419,-0.337,1.697,1.507,-5.825,-11.133,0.000
-0.454,-6.601,1.465,-1.787,1.857,2.939,-2.593,-11.259,0.000
-0.259,-7.896,2.149,-2.248,1.163,4.022,-0.244,-11.078,0.000
0.433,-8.678,2.465,-1.698,-0.365,4.545,0.760,-11.088,0.000
1.247,-8.538,2.435,-0.560,-2.521,4.556,0.415,-11.459,0.000
1.790,-7.358,2.124,0.255,-4.877,4.389,-0.833,-11.936,0.000
1.743,-5.259,1.617,-0.226,-6.938,4.463,-2.355,-12.073,0.000
1.006,-2.553,0.981,-2.347,-8.326,4.965,-3.633,-11.586,0.000
-0.265,0.293,0.250,-5.552,-8.840,5.719,-4.360,-10.516,0.000
-1.756,2.793,-0.609,-8.803,-8.468,6.332,-4.415,-9.144,0.000
-3.077,4.566,-1.734,-11.163,-7.486,6.403,-3.833,-7.900,0.000
-3.786,5.349,-3.390,-12.061,-6.475,5.620,-2.749,-7.302,0.000
-3.540,5.048,-5.800,-11.330,-6.043,3.845,-1.319,-7.786,0.000
-2.360,3.920,-8.821,-9.294,-6.378,1.284,0.339,-9.413,0.000
-0.730,2.633,-11.790,-6.729,-7.065,-1.458,2.158,-11.781,0.000
0.712,1.941,-13.839,-4.512,-7.386,-3.656,4.067,-14.255,0.000
1.628,2.142,-14.393,-3.168,-6.770,-4.870,5.873,-16.256,0.000
2.177,2.869,-13.361,-2.730,-5.000,-5.086,7.182,-17.372,0.000
2.780,3.400,-11.035,-2.923,-2.198,-4.588,7.568,-17.402,0.000
3.724,3.160,-8.013,-3.405,1.148,-3.796,6.897,-16.455,0.000
4.951,1.953,-5.133,-3.913,4.200,-3.170,5.450,-14.957,0.000
6.196,-0.067,-3.168,-4.314,6.098,-3.052,3.727,-13.440,0.000
7.257,-2.425,-2.382,-4.640,6.424,-3.441,2.174,-12.308,0.000
8.140,-4.378,-2.399,-5.072,5.363,-3.928,1.061,-11.757,0.000
8.966,-5.214,-2.526,-5.809,3.499,-3.979,0.455,-11.828,0.000
9.753,-4.699,-2.200,-6.859,1.632,-3.383,0.191,-12.484,0.000
10.280,-3.226,-1.206,-7.957,0.693,-2.447,-0.108,-13.664,0.000
10.234,-1.516,0.369,-8.723,1.420,-1.741,-0.843,-15.258,0.000
9.507,-0.223,2.168,-8.926,3.816,-1.693,-2.169,-16.946,0.000
8.342,0.230,3.627,-8.590,6.950,-2.394,-3.893,-18.106,0.000
7.177,-0.319,4.217,-7.889,9.491,-3.659,-5.634,-18.066,0.000
6.377,-1.716,3.811,-6.974,10.469,-5.109,-7.058,-16.571,0.000
6.120,-3.524,2.817,-5.879,9.579,-6.248,-7.973,-13.966,0.000
6.405,-5.224,1.901,-4.597,7.082,-6.648,-8.360,-10.934,0.000
7.078,-6.465,1.602,-3.279,3.719,-6.227,-8.432,-8.150,0.000
7.876,-7.141,2.167,-2.348,0.620,-5.336,-8.632,-6.128,0.000
8.525,-7.339,3.549,-2.275,-1.158,-4.510,-9.410,-5.136,0.000
8.847,-7.288,5.351,-3.133,-1.289,-4.114,-10.874,-5.081,0.000
8.772,-7.327,6.838,-4.407,-0.400,-4.197,-12.639,-5.513,0.000
8.283,-7.764,7.240,-5.326,0.451,-4.561,-14.066,-5.858,0.000
7.343,-8.679,6.221,-5.402,0.554,-4.868,-14.609,-5.699,0.000
5.858,-9.850,4.041,-4.682,-0.109,-4.707,-13.956,-4.873,0.000
3.757,-10.897,1.308,-3.563,-1.125,-3.722,-12.027,-3.461,0.000
1.216,-11.463,-1.321,-2.480,-2.132,-1.803,-9.000,-1.837,0.000
-1.235,-11.294,-3.275,-1.739,-3.087,0.857,-5.289,-0.669,0.000
-2.955,-10.300,-4.143,-1.450,-4.172,3.869,-1.406,-0.615,0.000
-3.596,-8.697,-3.759,-1.481,-5.508,6.717,2.123,-1.801,0.000
-3.260,-7.048,-2.170,-1.487,-6.980,8.764,4.745,-3.616,0.000
-2.332,-6.001,0.428,-1.125,-8.258,9.456,6.013,-5.107,0.000
-1.249,-5.878,3.639,-0.389,-8.851,8.672,5.849,-5.553,0.000
-0.379,-6.526,6.828,0.260,-8.144,6.840,4.629,-4.722,0.000
0.068,-7.490,9.301,0.201,-5.681,4.660,2.969,-2.767,0.000
0.136,-8.248,10.532,-0.828,-1.712,2.753,1.499,-0.083,0.000
0.127,-8.322,10.234,-2.494,2.587,1.508,0.764,2.811,0.000
0.404,-7.391,8.388,-4.129,5.729,1.064,1.108,5.448,0.000
1.101,-5.462,5.446,-5.121,6.867,1.266,2.450,7.599,0.000
2.002,-2.914,2.388,-5.098,6.181,1.704,4.229,9.297,0.000
2.698,-0.302,0.304,-3.972,4.512,1.915,5.708,10.726,0.000
2.832,1.846,-0.246,-2.019,2.848,1.669,6.395,12.094,0.000
2.209,3.085,0.531,0.122,2.055,1.054,6.197,13.565,0.000
0.847,3.147,1.957,1.732,2.660,0.307,5.280,15.188,0.000
-0.889,2.138,3.280,2.375,4.574,-0.484,3.860,16.782,0.000
-2.239,0.579,3.871,2.016,7.051,-1.514,2.063,17.872,0.000
-2.390,-0.898,3.369,0.915,9.134,-3.082,-0.079,17.919,0.000
-1.010,-1.996,1.884,-0.463,10.251,-5.194,-2.556,16.713,0.000
1.536,-2.942,0.028,-1.511,10.445,-7.371,-5.320,14.526,0.000
4.474,-4.215,-1.466,-1.683,10.135,-8.914,-8.231,11.933,0.000
6.961,-6.058,-2.276,-0.831,9.748,-9.344,-10.947,9.591,0.000
8.243,-8.239,-2.709,0.697,9.528,-8.606,-12.857,8.147,0.000
7.836,-10.203,-3.360,2.297,9.544,-6.960,-13.352,8.033,0.000
5.829,-11.345,-4.533,3.445,9.799,-4.855,-12.306,9.107,0.000
2.966,-11.127,-5.962,3.830,10.317,-2.843,-10.260,10.539,0.000
0.239,-9.227,-7.066,3.410,11.109,-1.416,-8.084,11.271,0.000
-1.628,-5.802,-7.419,2.521,12.039,-0.830,-6.492,10.709,0.000
-2.366,-1.567,-6.989,1.899,12.734,-1.071,-5.833,9.002,0.000
-2.054,2.573,-6.015,2.314,12.776,-1.935,-6.132,6.763,0.000
-0.965,5.982,-4.787,3.992,12.035,-3.047,-7.158,4.650,0.000
0.552,8.460,-3.507,6.381,10.828,-3.862,-8.509,3.151,0.000
2.183,10.097,-2.270,8.554,9.697,-3.846,-9.743,2.489,0.000
3.718,11.041,-1.124,9.798,9.088,-2.749,-10.479,2.522,0.000
5.041,11.339,-0.133,9.886,9.194,-0.697,-10.394,2.754,0.000
6.110,10.932,0.650,8.995,9.972,1.946,-9.284,2.603,0.000
6.954,9.733,1.289,7.597,11.155,4.710,-7.238,1.762,0.000
7.659,7.688,2.014,6.362,12.288,7.075,-4.708,0.337,0.000
8.343,4.858,3.093,5.935,12.912,8.599,-2.311,-1.287,0.000
9.125,1.633,4.576,6.674,12.813,9.093,-0.589,-2.591,0.000
10.116,-1.173,6.175,8.588,12.093,8.645,0.068,-2.993,0.000
11.377,-2.700,7.479,11.412,11.019,7.492,-0.517,-2.036,0.000
12.820,-2.683,8.327,14.592,9.808,5.892,-2.169,0.277,0.000
14.160,-1.704,8.975,17.271,8.528,4.062,-4.329,3.367,0.000
15.028,-0.730,9.877,18.585,7.145,2.164,-6.291,6.410,0.000
15.123,-0.392,11.284,18.150,5.642,0.342,-7.477,8.767,0.000
14.256,-0.642,13.043,16.209,4.095,-1.231,-7.531,10.153,0.000
12.376,-0.988,14.749,13.357,2.651,-2.354,-6.309,10.539,0.000
9.649,-0.901,16.016,10.172,1.485,-2.796,-3.956,9.996,0.000
6.498,-0.053,16.602,7.058,0.780,-2.283,-0.894,8.568,0.000
3.447,1.568,16.430,4.268,0.671,-0.647,2.305,6.296,0.000
0.977,3.482,15.574,2.084,1.135,1.820,5.001,3.421,0.000
-0.504,4.675,14.216,0.959,1.952,4.220,6.477,0.497,0.000
-0.733,4.115,12.554,1.297,2.821,5.481,6.151,-1.801,0.000
0.247,1.607,10.725,2.936,3.487,5.082,4.017,-2.993,0.000
2.050,-1.870,8.797,4.913,3.792,3.353,0.796,-2.905,0.000
4.137,-4.798,6.830,5.944,3.672,1.154,-2.461,-1.631,0.000
6.036,-6.103,5.004,5.206,3.152,-0.552,-4.909,0.476,0.000
7.414,-5.573,3.687,2.663,2.329,-0.914,-6.116,2.828,0.000
8.086,-3.672,3.228,-1.158,1.349,0.553,-5.997,4.793,0.000
8.023,-1.262,3.537,-5.451,0.418,3.530,-4.698,5.905,0.000
7.317,0.586,3.906,-9.307,-0.173,6.758,-2.484,5.917,0.000
6.137,0.970,3.414,-11.979,-0.153,8.707,0.320,4.786,0.000
4.772,-0.330,1.606,-13.212,0.539,8.572,3.227,2.769,0.000
3.647,-2.702,-1.209,-13.288,1.680,6.663,5.507,0.438,0.000
3.144,-5.143,-4.270,-12.737,2.910,3.991,6.439,-1.547,0.000
3.264,-6.825,-6.854,-11.963,3.946,1.680,5.807,-2.747,0.000
3.490,-7.328,-8.506,-11.082,4.665,0.682,4.091,-3.042,0.000
3.097,-6.631,-9.075,-9.991,5.083,1.566,2.153,-2.531,0.000
1.667,-5.132,-8.734,-8.525,5.301,4.225,0.805,-1.386,0.000
-0.694,-3.609,-7.923,-6.561,5.456,7.836,0.623,0.229,0.000
-3.526,-2.876,-7.116,-4.047,5.641,11.311,1.857,2.181,0.000
-6.278,-3.303,-6.561,-1.063,5.792,13.848,4.262,4.306,0.000
-8.434,-4.655,-6.190,2.167,5.649,15.122,7.075,6.339,0.000
-9.637,-6.347,-5.766,5.365,4.950,15.157,9.349,7.969,0.000
-9.856,-7.790,-5.113,8.285,3.785,14.143,10.345,8.913,0.000
-9.394,-8.546,-4.216,10.717,2.754,12.297,9.668,8.929,0.000
-8.669,-8.397,-3.166,12.475,2.639,9.786,7.282,7.903,0.000
-7.934,-7.422,-2.035,13.357,3.827,6.766,3.690,6.062,0.000
-7.164,-5.992,-0.810,13.094,6.061,3.422,-0.019,4.045,0.000
-6.181,-4.573,0.536,11.491,8.679,0.002,-2.623,2.611,0.000
-4.890,-3.505,1.851,8.768,10.924,-3.086,-3.421,2.172,0.000
-3.407,-2.929,2.707,5.706,12.104,-5.208,-2.463,2.612,0.000
-1.993,-2.826,2.595,3.246,11.789,-5.762,-0.293,3.509,0.000
-0.929,-3.047,1.305,1.833,10.147,-4.672,2.365,4.456,0.000
-0.466,-3.351,-0.912,1.156,8.028,-2.580,4.763,5.226,0.000
-0.718,-3.461,-3.505,0.508,6.474,-0.458,6.281,5.765,0.000
-1.457,-3.120,-5.822,-0.601,5.964,0.954,6.556,6.123,0.000
-2.046,-2.084,-7.184,-2.134,6.126,1.382,5.459,6.375,0.000
-1.766,-0.219,-7.067,-3.712,6.153,0.923,3.072,6.581,0.000
-0.356,2.268,-5.387,-4.966,5.521,-0.131,-0.165,6.762,0.000
1.756,4.724,-2.580,-5.740,4.332,-1.420,-3.386,6.913,0.000
3.788,6.356,0.651,-6.055,3.063,-2.635,-5.611,7.046,0.000
5.097,6.696,3.577,-5.988,2.092,-3.615,-6.221,7.282,0.000
5.409,5.790,5.537,-5.565,1.432,-4.331,-5.112,7.877,0.000
4.778,4.066,6.084,-4.762,0.830,-4.802,-2.570,9.079,0.000
3.537,2.211,5.264,-3.594,0.019,-4.960,0.836,10.816,0.000
2.212,1.093,3.698,-2.180,-1.125,-4.592,4.321,12.560,0.000
1.298,1.433,2.235,-0.711,-2.554,-3.463,7.150,13.589,0.000
0.955,3.249,1.506,0.575,-4.021,-1.594,8.964,13.403,0.000
0.910,5.668,1.750,1.411,-5.100,0.618,9.859,11.889,0.000
0.729,7.453,2.861,1.613,-5.426,2.615,10.175,9.251,0.000
0.236,7.815,4.436,1.291,-5.104,3.992,10.206,5.958,0.000
-0.296,6.743,5.823,0.929,-4.865,4.632,10.055,2.703,0.000
-0.388,4.765,6.435,1.137,-5.603,4.619,9.679,0.178,0.000
0.181,2.592,6.211,2.261,-7.582,4.106,9.002,-1.202,0.000
1.162,0.921,5.794,4.228,-10.086,3.217,7.992,-1.370,0.000
2.054,0.262,6.086,6.670,-11.929,2.032,6.690,-0.508,0.000
2.507,0.749,7.519,9.082,-12.300,0.643,5.236,0.989,0.000
2.518,2.134,9.743,10.899,-11.135,-0.795,3.887,2.549,0.000
2.328,3.977,11.927,11.651,-8.914,-2.053,2.932,3.613,0.000
2.239,5.824,13.252,11.218,-6.323,-2.804,2.599,3.905,0.000
2.485,7.265,13.136,9.876,-4.047,-2.597,3.022,3.514,0.000
3.153,7.981,11.310,8.103,-2.583,-1.093,4.186,2.758,0.000
4.053,7.797,7.936,6.330,-2.048,1.447,5.729,2.036,0.000
4.689,6.675,3.589,4.851,-2.175,3.951,6.858,1.759,0.000
4.525,4.687,-0.982,3.819,-2.558,5.076,6.699,2.235,0.000
3.409,2.085,-5.057,3.278,-2.979,4.096,4.906,3.502,0.000
1.747,-0.671,-7.982,3.202,-3.529,1.255,1.894,5.286,0.000
0.212,-3.057,-9.278,3.516,-4.406,-2.557,-1.487,7.163,0.000
-0.702,-4.677,-8.895,4.025,-5.501,-6.251,-4.401,8.765,0.000
-0.875,-5.322,-7.264,4.379,-6.193,-8.753,-6.222,9.847,0.000
-0.521,-4.960,-5.059,4.216,-5.707,-9.286,-6.642,10.278,0.000
-0.139,-3.808,-2.937,3.421,-3.787,-7.778,-5.826,10.012,0.000
-0.459,-2.330,-1.443,2.228,-0.998,-4.940,-4.415,9.047,0.000
-2.096,-1.046,-0.918,1.046,1.671,-1.829,-3.210,7.415,0.000
-4.953,-0.259,-1.352,0.193,3.445,0.690,-2.774,5.274,0.000
-7.984,0.038,-2.369,-0.222,4.046,2.141,-3.297,2.946,0.000
-9.789,0.050,-3.452,-0.267,3.653,2.386,-4.651,0.838,0.000
-9.553,0.036,-4.231,-0.138,2.818,1.546,-6.412,-0.668,0.000
-7.440,0.225,-4.590,-0.102,2.377,-0.097,-7.891,-1.231,0.000
-4.243,0.750,-4.602,-0.379,3.110,-2.203,-8.414,-0.602,0.000
-0.887,1.551,-4.427,-0.949,5.231,-4.385,-7.748,1.244,0.000
1.834,2.346,-4.245,-1.493,8.223,-6.180,-6.249,4.082,0.000
3.433,2.783,-4.193,-1.576,11.198,-7.173,-4.589,7.525,0.000
3.929,2.646,-4.305,-0.953,13.380,-7.234,-3.385,11.027,0.000
3.837,1.938,-4.501,0.319,14.302,-6.595,-3.034,13.872,0.000
3.822,0.833,-4.656,1.986,13.841,-5.663,-3.677,15.415,0.000
4.238,-0.358,-4.696,3.759,12.327,-4.765,-5.131,15.517,0.000
4.948,-1.208,-4.636,5.387,10.519,-4.030,-6.895,14.692,0.000
5.566,-1.332,-4.561,6.687,9.243,-3.439,-8.363,13.751,0.000
5.870,-0.669,-4.599,7.531,8.843,-2.931,-9.047,13.285,0.000
5.999,0.435,-4.908,7.803,8.986,-2.486,-8.649,13.438,0.000
6.270,1.479,-5.588,7.410,8.967,-2.128,-7.111,14.020,0.000
6.803,2.202,-6.522,6.356,8.179,-1.889,-4.808,14.723,0.000
7.328,2.762,-7.304,4.774,6.330,-1.782,-2.615,15.243,0.000
7.377,3.529,-7.461,2.839,3.444,-1.756,-1.475,15.360,0.000
6.667,4.722,-6.829,0.674,-0.114,-1.629,-1.704,14.967,0.000
5.275,6.217,-5.716,-1.697,-3.659,-1.047,-2.720,14.044,0.000
3.534,7.672,-4.670,-4.257,-6.469,0.316,-3.507,12.591,0.000
1.853,8.747,-4.126,-6.796,-8.135,2.405,-3.375,10.586,0.000
0.624,9.223,-4.242,-8.790,-8.662,4.618,-2.310,7.969,0.000
0.089,9.046,-4.934,-9.624,-8.284,6.152,-0.801,4.728,0.000
0.147,8.406,-5.925,-9.015,-7.219,6.554,0.437,1.135,0.000
0.318,7.737,-6.801,-7.174,-5.529,5.950,0.633,-2.140,0.000
0.058,7.510,-7.157,-4.625,-3.170,4.823,-0.751,-4.314,0.000
-0.707,7.911,-6.795,-1.980,-0.181,3.668,-3.568,-4.979,0.000
-1.357,8.726,-5.769,0.162,3.209,2.810,-6.843,-4.280,0.000
-1.022,9.516,-4.277,1.357,6.651,2.361,-9.314,-2.696,0.000
0.632,9.859,-2.544,1.500,9.766,2.221,-10.233,-0.760,0.000
3.052,9.465,-0.772,0.854,12.178,2.116,-9.671,1.088,0.000
5.219,8.224,0.867,-0.151,13.627,1.760,-8.196,2.534,0.000
6.371,6.322,2.184,-1.142,14.176,1.078,-6.359,3.353,0.000
6.333,4.255,2.924,-1.893,14.274,0.275,-4.430,3.321,0.000
5.398,2.586,2.846,-2.310,14.517,-0.335,-2.444,2.251,0.000
4.115,1.579,1.904,-2.396,15.305,-0.624,-0.435,0.127,0.000
3.130,1.069,0.325,-2.202,16.702,-0.779,1.400,-2.829,0.000
2.935,0.681,-1.532,-1.796,18.514,-1.143,2.777,-6.258,0.000
3.543,0.174,-3.329,-1.276,20.387,-1.950,3.535,-9.740,0.000
4.391,-0.377,-4.823,-0.777,21.861,-3.183,3.735,-12.817,0.000
4.738,-0.701,-5.877,-0.438,22.525,-4.623,3.590,-15.112,0.000
4.270,-0.561,-6.462,-0.339,22.249,-5.892,3.353,-16.503,0.000
3.350,0.120,-6.633,-0.485,21.244,-6.488,3.254,-17.157,0.000
2.655,1.253,-6.479,-0.824,19.901,-5.978,3.456,-17.329,0.000
2.542,2.551,-6.120,-1.271,18.600,-4.343,4.028,-17.069,0.000
2.752,3.536,-5.703,-1.713,17.627,-2.097,4.957,-16.082,0.000
2.703,3.732,-5.371,-2.024,17.123,-0.022,6.173,-13.968,0.000
2.058,2.967,-5.231,-2.058,16.987,1.186,7.532,-10.723,0.000
1.005,1.479,-5.342,-1.636,16.862,1.053,8.797,-6.974,0.000
0.061,-0.260,-5.741,-0.666,16.309,-0.590,9.709,-3.661,0.000
-0.336,-1.754,-6.480,0.586,15.058,-3.385,10.093,-1.529,0.000
-0.030,-2.570,-7.649,1.371,13.106,-6.390,9.892,-0.918,0.000
0.865,-2.429,-9.315,0.846,10.628,-8.507,9.160,-1.782,0.000
2.001,-1.363,-11.372,-1.217,7.875,-9.094,8.100,-3.649,0.000
2.852,0.250,-13.460,-4.142,5.128,-8.197,7.070,-5.667,0.000
2.944,1.834,-15.123,-6.807,2.633,-6.331,6.417,-6.974,0.000
2.183,2.757,-16.043,-8.363,0.562,-4.248,6.204,-7.219,0.000
0.972,2.358,-16.124,-8.551,-0.967,-2.805,6.105,-6.749,0.000
-0.089,0.172,-15.466,-7.572,-1.864,-2.671,5.634,-6.228,0.000
-0.634,-3.597,-14.357,-5.868,-2.047,-3.901,4.537,-6.060,0.000
-0.722,-7.891,-13.249,-3.954,-1.425,-5.798,2.962,-6.127,0.000
-0.654,-11.273,-12.582,-2.254,0.035,-7.373,1.313,-6.025,0.000
-0.669,-12.594,-12.526,-0.973,2.102,-8.008,0.026,-5.554,0.000
-0.768,-11.232,-12.891,-0.090,4.187,-7.731,-0.542,-4.961,0.000
-0.790,-7.159,-13.326,0.498,5.605,-7.008,-0.205,-4.742,0.000
-0.581,-1.210,-13.611,0.811,6.003,-6.403,0.891,-5.224,0.000
-0.097,4.840,-13.793,0.697,5.517,-6.390,2.235,-6.354,0.000
0.595,9.017,-14.078,-0.066,4.583,-7.181,3.224,-7.784,0.000
1.319,10.204,-14.608,-1.550,3.651,-8.463,3.558,-9.006,0.000
1.806,8.506,-15.351,-3.592,3.042,-9.326,3.386,-9.436,0.000
1.814,4.821,-16.144,-5.873,2.900,-8.778,3.091,-8.620,0.000
1.314,0.334,-16.782,-8.019,3.161,-6.624,2.927,-6.574,0.000
0.557,-3.756,-17.073,-9.641,3.576,-3.817,2.849,-3.892,0.000
-0.078,-6.513,-16.889,-10.451,3.823,-1.820,2.645,-1.418,0.000
-0.284,-7.568,-16.234,-10.472,3.638,-1.573,2.224,0.211,0.000
0.077,-7.139,-15.257,-10.097,2.841,-3.026,1.778,0.728,0.000
0.952,-5.752,-14.150,-9.844,1.364,-5.428,1.673,0.175,0.000
2.002,-3.980,-13.007,-9.992,-0.659,-7.755,2.234,-1.164,0.000
2.577,-2.331,-11.770,-10.420,-2.860,-8.955,3.640,-2.845,0.000
2.033,-1.188,-10.308,-10.783,-4.796,-8.289,5.876,-4.423,0.000
0.294,-0.737,-8.559,-10.790,-6.170,-5.825,8.602,-5.646,0.000
-1.924,-0.989,-6.609,-10.346,-6.904,-2.572,11.112,-6.490,0.000
-3.559,-1.817,-4.640,-9.504,-7.070,0.118,12.643,-7.066,0.000
-3.910,-2.901,-2.877,-8.343,-6.784,1.393,12.854,-7.487,0.000
-2.934,-3.702,-1.558,-6.892,-6.144,1.231,11.998,-7.800,0.000
-1.043,-3.656,-0.846,-5.142,-5.218,0.164,10.684,-8.002,0.000
1.212,-2.483,-0.659,-3.150,-4.110,-1.129,9.566,-8.111,0.000
3.331,-0.299,-0.611,-1.101,-3.009,-2.042,9.190,-8.206,0.000
4.996,2.518,-0.221,0.717,-2.139,-2.156,9.837,-8.401,0.000
6.182,5.466,0.764,1.959,-1.697,-1.311,11.229,-8.779,0.000
7.150,7.975,2.237,2.218,-1.830,0.430,12.443,-9.368,0.000
8.242,9.555,3.869,1.188,-2.613,2.824,12.375,-10.115,0.000
9.611,10.004,5.325,-1.010,-3.971,5.351,10.473,-10.844,0.000
11.102,9.448,6.366,-3.700,-5.663,7.138,7.016,-11.223,0.000
12.405,8.200,6.894,-5.976,-7.362,7.285,2.794,-10.907,0.000
13.293,6.639,7.016,-7.163,-8.738,5.446,-1.318,-9.770,0.000
13.728,5.146,7.034,-6.985,-9.472,2.044,-4.561,-7.992,0.000
13.770,3.999,7.282,-5.483,-9.345,-2.064,-6.456,-5.911,0.000
13.414,3.208,7.876,-2.913,-8.432,-6.002,-7.007,-3.814,0.000
12.489,2.471,8.615,0.332,-7.171,-9.064,-6.713,-1.853,0.000
10.805,1.368,9.108,3.811,-6.135,-10.830,-6.244,-0.087,0.000
8.515,-0.326,8.950,6.995,-5.723,-11.329,-6.022,1.394,0.000
6.280,-2.513,7.797,9.203,-6.018,-11.025,-6.062,2.376,0.000
4.931,-4.881,5.495,9.840,-6.812,-10.519,-6.143,2.605,0.000
4.861,-7.042,2.360,8.884,-7.559,-10.172,-6.108,1.983,0.000
5.777,-8.601,-0.713,7.079,-7.371,-9.955,-6.020,0.648,0.000
6.975,-9.224,-2.692,5.482,-5.400,-9.594,-6.072,-1.099,0.000
7.766,-8.726,-3.104,4.783,-1.514,-8.810,-6.366,-2.879,0.000
7.691,-7.066,-2.306,5.011,3.441,-7.445,-6.791,-4.261,0.000
6.577,-4.322,-1.121,5.746,8.116,-5.487,-7.093,-4.877,0.000
4.625,-0.782,-0.295,6.478,11.306,-3.118,-6.996,-4.584,0.000
2.390,3.008,-0.223,6.816,12.209,-0.720,-6.271,-3.501,0.000
0.517,6.400,-0.949,6.574,10.564,1.280,-4.816,-1.888,0.000
-0.589,8.828,-2.189,5.849,6.990,2.606,-2.813,-0.029,0.000
-0.865,9.835,-3.402,5.002,3.047,3.202,-0.792,1.817,0.000
-0.514,9.163,-4.061,4.432,0.490,3.194,0.615,3.429,0.000
0.068,6.969,-4.021,4.253,0.151,2.904,1.024,4.596,0.000
0.331,3.888,-3.649,4.183,1.516,2.850,0.434,5.079,0.000
-0.209,0.712,-3.540,3.785,3.320,3.534,-0.864,4.671,0.000
-1.627,-2.025,-4.084,2.893,4.424,5.104,-2.356,3.377,0.000
-3.460,-4.208,-5.278,1.807,4.248,7.220,-3.352,1.485,0.000
-5.019,-5.981,-6.857,1.067,2.801,9.278,-3.270,-0.555,0.000
-5.841,-7.483,-8.498,1.069,0.707,10.699,-2.122,-2.253,0.000
-5.893,-8.675,-9.933,1.882,-0.868,11.051,-0.685,-3.129,0.000
-5.431,-9.380,-10.984,3.319,-0.783,10.139,-0.020,-2.856,0.000
-4.793,-9.403,-11.550,5.027,1.230,8.181,-0.698,-1.570,0.000
-4.268,-8.606,-11.559,6.558,4.252,5.861,-2.460,0.034,0.000
-4.006,-6.983,-10.970,7.532,6.831,4.009,-4.515,1.081,0.000
-3.914,-4.857,-9.845,7.839,7.977,3.171,-5.957,1.110,0.000
-3.653,-2.946,-8.386,7.697,7.593,3.470,-5.990,0.305,0.000
-2.851,-2.056,-6.847,7.456,6.210,4.748,-4.163,-0.780,0.000
-1.472,-2.576,-5.429,7.330,4.573,6.778,-0.798,-1.680,0.000
0.027,-4.295,-4.238,7.278,3.378,9.377,2.891,-2.250,0.000
0.981,-6.659,-3.276,7.108,3.073,12.371,5.424,-2.604,0.000
0.965,-9.116,-2.424,6.694,3.638,15.345,5.991,-2.971,0.000
-0.006,-11.286,-1.450,6.083,4.553,17.508,4.810,-3.578,0.000
-1.572,-12.954,-0.134,5.453,5.136,18.022,2.744,-4.561,0.000
-3.128,-13.964,1.526,5.026,4.990,16.668,0.773,-5.862,0.000
-3.885,-14.122,3.220,5.029,4.177,14.113,-0.282,-7.199,0.000
-3.178,-13.257,4.521,5.598,3.054,11.450,0.038,-8.220,0.000
-0.993,-11.464,5.185,6.624,2.031,9.511,1.550,-8.692,0.000
1.855,-9.211,5.274,7.694,1.440,8.549,3.383,-8.570,0.000
4.211,-7.138,5.004,8.286,1.448,8.355,4.457,-7.908,0.000
5.303,-5.743,4.488,8.066,1.922,8.465,4.167,-6.735,0.000
5.054,-5.263,3.598,6.995,2.396,8.324,2.645,-4.979,0.000
3.880,-5.657,2.114,5.256,2.281,7.501,0.463,-2.557,0.000
2.427,-6.516,0.064,3.175,1.150,5.976,-1.781,0.388,0.000
1.400,-7.063,-2.100,1.178,-1.151,4.225,-3.683,3.364,0.000
1.368,-6.501,-3.746,-0.319,-4.495,2.920,-5.079,5.731,0.000
2.524,-4.585,-4.492,-1.047,-8.326,2.507,-6.056,7.023,0.000
4.648,-1.831,-4.379,-0.893,-11.605,3.048,-6.901,7.065,0.000
7.277,0.887,-3.705,0.102,-13.218,4.309,-7.912,5.967,0.000
9.854,2.941,-2.724,1.652,-12.633,5.855,-9.143,4.191,0.000
11.769,4.215,-1.488,3.196,-10.126,7.118,-10.302,2.552,0.000
12.521,4.953,0.070,4.104,-6.483,7.574,-10.921,1.887,0.000
11.989,5.448,1.881,4.000,-2.649,6.990,-10.621,2.543,0.000
10.513,5.867,3.585,2.864,0.438,5.494,-9.215,4.195,0.000
8.668,6.242,4.695,0.963,2.093,3.416,-6.715,6.162,0.000
7.001,6.567,4.906,-1.196,2.249,1.143,-3.418,7.848,0.000
5.914,6.879,4.230,-2.885,1.538,-0.954,0.077,8.945,0.000
5.580,7.262,2.920,-3.403,0.871,-2.594,3.096,9.413,0.000
5.773,7.807,1.385,-2.458,0.870,-3.679,5.188,9.408,0.000
5.838,8.585,0.123,-0.282,1.638,-4.297,6.207,9.202,0.000
5.050,9.608,-0.452,2.572,2.919,-4.634,6.238,9.030,0.000
3.214,10.765,-0.288,5.441,4.351,-4.890,5.532,8.918,0.000
0.909,11.792,0.222,7.646,5.616,-5.225,4.443,8.617,0.000
-0.937,12.353,0.549,8.657,6.514,-5.693,3.311,7.810,0.000
-1.732,12.156,0.496,8.364,6.998,-6.081,2.340,6.442,0.000
-1.519,10.978,0.411,7.133,7.158,-5.845,1.571,4.879,0.000
-0.747,8.701,0.873,5.545,7.144,-4.394,0.931,3.667,0.000
0.130,5.461,2.128,4.053,7.135,-1.608,0.296,3.140,0.000
0.882,1.698,3.823,2.850,7.320,1.950,-0.475,3.244,0.000
1.509,-2.022,5.272,1.923,7.816,5.362,-1.475,3.661,0.000
2.152,-5.198,5.929,1.187,8.486,7.839,-2.617,4.000,0.000
3.011,-7.455,5.612,0.573,8.863,8.923,-3.586,3.905,0.000
4.210,-8.608,4.486,0.064,8.390,8.533,-3.996,3.171,0.000
5.597,-8.811,3.040,-0.300,6.853,7.077,-3.649,1.917,0.000
6.673,-8.586,2.036,-0.433,4.554,5.445,-2.643,0.643,0.000
6.854,-8.564,2.161,-0.264,2.092,4.585,-1.293,-0.036,0.000
5.898,-9.110,3.465,0.159,0.036,4.877,-0.065,0.220,0.000
4.084,-10.170,5.155,0.631,-1.214,5.910,0.456,1.328,0.000
2.008,-11.439,6.111,0.919,-1.505,6.895,-0.222,2.887,0.000
0.310,-12.592,5.706,0.986,-1.039,7.330,-2.120,4.285,0.000
-0.436,-13.405,4.151,1.091,-0.388,7.299,-4.658,4.757,0.000
0.121,-13.774,2.170,1.607,-0.223,7.216,-7.008,3.697,0.000
1.844,-13.689,0.467,2.713,-0.939,7.327,-8.603,1.226,0.000
4.034,-13.200,-0.536,4.246,-2.519,7.432,-9.352,-1.602,0.000
5.807,-12.393,-0.740,5.812,-4.651,7.072,-9.495,-3.413,0.000
6.633,-11.445,-0.354,6.933,-6.842,5.922,-9.368,-3.490,0.000
6.541,-10.654,0.177,7.115,-8.480,3.996,-9.258,-2.190,0.000
5.895,-10.311,0.396,6.001,-9.052,1.594,-9.337,-0.519,0.000
5.047,-10.464,0.126,3.669,-8.501,-0.802,-9.605,0.515,0.000
4.137,-10.813,-0.443,0.718,-7.343,-2.586,-9.913,0.230,0.000
3.120,-10.905,-0.963,-2.036,-6.325,-3.291,-10.065,-1.594,0.000
1.873,-10.427,-1.250,-3.977,-5.922,-3.001,-9.956,-4.506,0.000
0.288,-9.346,-1.433,-4.840,-6.130,-2.503,-9.618,-7.366,0.000
-1.634,-7.853,-1.797,-4.660,-6.655,-2.834,-9.179,-8.903,0.000
-3.619,-6.314,-2.471,-3.726,-7.271,-4.566,-8.811,-8.532,0.000
-5.054,-5.226,-3.281,-2.523,-8.000,-7.513,-8.708,-6.646,0.000
-5.312,-5.024,-3.854,-1.535,-8.994,-10.981,-9.015,-4.174,0.000
-4.325,-5.764,-3.826,-1.016,-10.230,-14.108,-9.698,-1.934,0.000
-2.810,-7.014,-2.940,-0.921,-11.338,-16.031,-10.501,-0.327,0.000
-1.786,-8.099,-1.138,-1.028,-11.815,-16.145,-11.101,0.620,0.000
-1.771,-8.421,1.224,-1.098,-11.458,-14.500,-11.347,1.125,0.000
-2.435,-7.585,3.303,-0.949,-10.561,-11.921,-11.361,1.521,0.000
-2.985,-5.413,4.175,-0.489,-9.686,-9.536,-11.362,2.129,0.000
-2.864,-2.009,3.515,0.249,-9.283,-8.157,-11.354,3.155,0.000
-2.095,2.244,1.852,1.116,-9.505,-8.035,-10.959,4.682,0.000
-1.113,6.756,0.161,1.952,-10.215,-8.982,-9.641,6.701,0.000
-0.413,10.640,-0.750,2.745,-10.998,-10.511,-7.130,9.071,0.000
-0.349,12.627,-0.522,3.698,-11.191,-11.951,-3.616,11.502,0.000
-1.003,11.583,0.791,5.103,-10.175,-12.706,0.409,13.632,0.000
-1.993,7.532,2.772,7.131,-7.823,-12.598,4.337,15.107,0.000
-2.434,2.062,4.729,9.722,-4.674,-11.968,7.542,15.586,0.000
-1.412,-2.577,5.980,12.613,-1.586,-11.389,9.518,14.856,0.000
1.218,-4.836,6.230,15.304,0.724,-11.251,10.080,13.085,0.000
4.516,-4.433,5.687,17.041,1.867,-11.578,9.379,10.908,0.000
7.122,-2.006,4.822,17.120,1.760,-12.145,7.733,9.075,0.000
8.331,1.414,4.062,15.435,0.606,-12.684,5.459,7.884,0.000
8.569,4.735,3.636,12.686,-1.169,-12.997,2.804,6.954,0.000
8.894,7.101,3.577,9.926,-3.095,-12.987,-0.028,5.608,0.000
10.129,8.128,3.729,7.911,-4.823,-12.660,-2.745,3.553,0.000
12.417,7.889,3.787,6.825,-6.157,-12.094,-4.866,1.211,0.000
15.358,6.651,3.456,6.453,-7.030,-11.370,-5.884,-0.608,0.000
18.284,4.601,2.692,6.499,-7.482,-10.483,-5.587,-1.297,0.000
20.438,1.731,1.787,6.788,-7.628,-9.326,-4.177,-0.727,0.000
21.228,-2.000,1.145,7.267,-7.612,-7.774,-2.114,0.858,0.000
20.550,-6.240,0.905,7.879,-7.573,-5.886,0.044,3.028,0.000
18.855,-10.025,0.776,8.469,-7.638,-3.983,1.722,5.295,0.000
16.842,-12.183,0.260,8.812,-7.878,-2.466,2.480,7.243,0.000
15.092,-12.041,-0.936,8.718,-8.213,-1.494,2.253,8.613,0.000
13.925,-9.701,-2.707,8.073,-8.380,-0.843,1.405,9.280,0.000
13.416,-5.828,-4.641,6.858,-8.097,-0.105,0.468,9.206,0.000
13.413,-1.468,-6.146,5.197,-7.378,0.996,-0.222,8.443,0.000
13.581,2.065,-6.513,3.362,-6.664,2.440,-0.676,7.127,0.000
13.533,3.615,-5.228,1.631,-6.567,4.003,-1.099,5.444,0.000
12.971,2.830,-2.540,0.087,-7.427,5.411,-1.595,3.634,0.000
11.718,0.359,0.325,-1.446,-9.122,6.430,-2.017,2.004,0.000
9.727,-2.647,1.857,-3.224,-11.219,6.952,-2.078,0.866,0.000
7.151,-5.157,1.379,-5.221,-13.188,7.120,-1.607,0.445,0.000
4.360,-6.533,-0.490,-6.968,-14.511,7.360,-0.670,0.860,0.000
1.800,-6.548,-2.446,-7.842,-14.798,8.149,0.477,2.119,0.000
-0.202,-5.420,-3.480,-7.598,-13.942,9.636,1.471,4.029,0.000
-1.490,-3.737,-3.358,-6.605,-12.143,11.487,1.888,6.154,0.000
-2.063,-2.124,-2.473,-5.556,-9.797,13.143,1.403,7.961,0.000
-2.090,-0.818,-1.557,-4.993,-7.448,14.220,0.088,8.992,0.000
-1.890,0.493,-1.465,-5.086,-5.799,14.692,-1.492,8.905,0.000
-1.823,2.323,-2.822,-5.706,-5.497,14.762,-2.607,7.543,0.000
-2.149,4.787,-5.474,-6.568,-6.772,14.646,-2.865,5.109,0.000
-2.992,7.306,-8.319,-7.342,-9.310,14.439,-2.425,2.231,0.000
-4.347,8.960,-9.940,-7.741,-12.449,14.126,-1.786,-0.315,0.000
-6.045,9.095,-9.573,-7.575,-15.350,13.671,-1.449,-1.969,0.000
-7.743,7.595,-7.502,-6.738,-17.057,13.080,-1.761,-2.514,0.000
-9.057,4.793,-4.660,-5.180,-16.805,12.407,-2.848,-2.029,0.000
-9.744,1.396,-2.066,-2.950,-14.563,11.743,-4.542,-0.875,0.000
-9.761,-1.592,-0.545,-0.212,-11.204,11.198,-6.374,0.341,0.000
-9.247,-3.248,-0.554,2.774,-7.972,10.854,-7.768,1.017,0.000
-8.558,-3.290,-1.960,5.595,-5.709,10.670,-8.264,0.902,0.000
-8.273,-2.248,-4.028,7.646,-4.538,10.458,-7.578,0.216,0.000
-8.952,-1.024,-5.811,8.367,-4.071,9.964,-5.658,-0.563,0.000
-10.720,-0.257,-6.640,7.700,-3.759,9.002,-2.877,-1.000,0.000
-13.105,-0.039,-6.295,6.256,-3.097,7.500,-0.116,-0.838,0.000
-15.325,-0.066,-4.920,4.953,-1.791,5.499,1.607,-0.038,0.000
-16.688,0.077,-2.954,4.464,0.062,3.204,1.675,1.148,0.000
-16.757,0.755,-1.071,4.997,1.931,0.994,0.076,2.170,0.000
-15.388,2.192,0.072,6.393,3.182,-0.739,-2.756,2.439,0.000
-12.855,4.386,0.167,8.277,3.567,-1.849,-6.068,1.728,0.000
-9.842,7.115,-0.645,10.169,3.412,-2.527,-8.869,0.323,0.000
-7.142,10.054,-1.970,11.641,3.337,-3.122,-10.301,-1.193,0.000
-5.262,12.867,-3.404,12.468,3.814,-3.876,-10.212,-2.220,0.000
-4.292,15.209,-4.649,12.649,4.959,-4.788,-9.347,-2.270,0.000
-4.037,16.780,-5.526,12.339,6.627,-5.689,-8.814,-1.089,0.000
-4.179,17.393,-5.942,11.839,8.567,-6.382,-9.274,1.093,0.000
-4.378,16.975,-5.833,11.577,10.537,-6.720,-10.594,3.497,0.000
-4.379,15.582,-5.154,11.928,12.365,-6.644,-12.134,5.171,0.000
-4.133,13.524,-3.916,12.883,13.977,-6.248,-13.233,5.550,0.000
-3.814,11.421,-2.221,13.917,15.374,-5.786,-13.463,4.661,0.000
-3.658,9.941,-0.262,14.293,16.541,-5.539,-12.695,2.936,0.000
-3.708,9.407,1.601,13.545,17.321,-5.642,-11.165,0.982,0.000
-3.697,9.639,2.792,11.684,17.338,-6.010,-9.442,-0.548,0.000
-3.242,10.165,2.737,9.087,16.180,-6.410,-8.148,-1.134,0.000
-2.178,10.515,1.263,6.364,13.745,-6.549,-7.606,-0.622,0.000
-0.716,10.365,-1.258,4.292,10.382,-6.109,-7.720,0.729,0.000
0.707,9.619,-4.130,3.517,6.711,-4.849,-8.183,2.452,0.000
1.676,8.538,-6.612,4.110,3.406,-2.793,-8.777,4.097,0.000
1.906,7.769,-8.022,5.415,1.119,-0.298,-9.525,5.314,0.000
1.331,8.041,-7.908,6.485,0.337,2.132,-10.556,5.888,0.000
0.271,9.674,-6.366,6.720,1.134,4.067,-11.802,5.764,0.000
-0.522,12.397,-4.115,6.140,3.120,5.244,-12.837,5.018,0.000
-0.222,15.519,-2.095,5.180,5.678,5.570,-13.115,3.787,0.000
1.494,18.092,-0.899,4.347,8.208,5.166,-12.445,2.210,0.000
4.221,18.976,-0.550,4.044,10.213,4.352,-11.199,0.415,0.000
7.166,17.265,-0.657,4.481,11.360,3.522,-10.017,-1.475,0.000
9.631,13.080,-0.637,5.589,11.560,3.010,-9.325,-3.281,0.000
11.235,7.861,0.159,7.031,10.956,3.058,-9.098,-4.727,0.000
11.921,3.538,2.225,8.383,9.791,3.783,-9.000,-5.564,0.000
11.938,1.274,5.553,9.343,8.298,5.084,-8.638,-5.825,0.000
11.782,0.956,9.525,9.799,6.647,6.612,-7.717,-5.923,0.000
11.945,1.657,13.245,9.768,4.953,7.925,-6.129,-6.450,0.000
12.578,2.384,15.981,9.315,3.309,8.687,-4.099,-7.845,0.000
13.369,2.484,17.313,8.498,1.828,8.738,-2.210,-10.253,0.000
13.823,1.710,17.122,7.384,0.644,8.101,-1.091,-13.532,0.000
13.711,0.190,15.603,6.132,-0.097,7.051,-0.929,-17.167,0.000
13.270,-1.683,13.218,5.057,-0.237,6.132,-1.278,-20.248,0.000
12.954,-3.465,10.494,4.511,0.290,5.921,-1.433,-21.840,0.000
12.980,-4.853,7.845,4.691,1.203,6.657,-1.040,-21.566,0.000
13.107,-5.725,5.519,5.549,1.770,8.107,-0.370,-19.813,0.000
12.837,-6.075,3.659,6.819,1.154,9.739,-0.017,-17.400,0.000
11.814,-5.967,2.387,7.958,-0.958,10.952,-0.331,-15.149,0.000
10.019,-5.491,1.881,8.128,-4.108,11.169,-1.132,-13.695,0.000
7.712,-4.753,2.274,6.548,-7.439,10.005,-1.951,-13.398,0.000
5.366,-3.896,3.381,3.151,-10.255,7.580,-2.463,-14.236,0.000
3.612,-3.125,4.578,-1.159,-12.273,4.617,-2.736,-15.822,0.000
2.984,-2.627,5.071,-5.050,-13.560,2.056,-3.123,-17.604,0.000
3.512,-2.437,4.340,-7.580,-14.368,0.523,-4.052,-19.035,0.000
4.591,-2.392,2.315,-8.520,-15.004,0.124,-5.896,-19.617,0.000
5.379,-2.273,-0.714,-8.155,-15.691,0.607,-8.812,-18.966,0.000
5.408,-2.046,-4.142,-6.938,-16.430,1.593,-12.425,-16.940,0.000
4.851,-1.983,-7.095,-5.263,-16.966,2.727,-15.718,-13.669,0.000
4.272,-2.457,-8.723,-3.412,-16.958,3.765,-17.507,-9.485,0.000
4.210,-3.575,-8.646,-1.638,-16.231,4.632,-17.194,-4.999,0.000
4.967,-5.007,-7.076,-0.276,-14.879,5.406,-15.046,-1.142,0.000
6.554,-6.198,-4.570,0.344,-13.132,6.208,-11.846,1.152,0.000
8.588,-6.726,-1.740,0.108,-11.176,7.053,-8.423,1.479,0.000
10.300,-6.462,0.873,-0.795,-9.059,7.788,-5.415,0.150,0.000
10.906,-5.521,2.908,-2.004,-6.756,8.211,-3.167,-2.079,0.000
10.225,-4.177,4.295,-3.166,-4.340,8.303,-1.656,-4.290,0.000
8.897,-2.803,5.260,-4.025,-2.086,8.322,-0.522,-5.547,0.000
7.916,-1.753,6.153,-4.444,-0.377,8.609,0.704,-5.187,0.000
7.880,-1.254,7.235,-4.433,0.463,9.220,2.319,-3.348,0.000
8.650,-1.393,8.592,-4.130,0.231,9.754,4.350,-1.134,0.000
9.620,-2.157,10.152,-3.724,-1.138,9.613,6.618,0.006,0.000
10.170,-3.438,11.699,-3.418,-3.481,8.446,8.806,-0.786,0.000
9.899,-5.032,12.878,-3.407,-6.384,6.367,10.489,-3.399,0.000
8.709,-6.702,13.361,-3.816,-9.302,3.811,11.281,-7.087,0.000
6.888,-8.197,13.106,-4.527,-11.628,1.356,11.064,-10.933,0.000
5.103,-9.251,12.452,-5.115,-12.688,-0.367,10.064,-14.097,0.000
4.079,-9.664,11.879,-5.066,-11.941,-0.869,8.710,-15.979,0.000
4.147,-9.453,11.626,-4.136,-9.409,-0.082,7.494,-16.374,0.000
5.088,-8.909,11.529,-2.505,-5.826,1.560,6.918,-15.444,0.000
6.372,-8.420,11.206,-0.596,-2.238,3.399,7.363,-13.553,0.000
7.493,-8.203,10.416,1.175,0.548,4.904,8.863,-11.196,0.000
8.124,-8.194,9.230,2.522,2.182,5.802,11.047,-8.977,0.000
8.139,-8.165,7.911,3.344,2.700,6.060,13.371,-7.451,0.000
7.628,-7.933,6.679,3.793,2.421,5.843,15.430,-6.882,0.000
6.858,-7.462,5.588,4.267,1.849,5.472,17.080,-7.168,0.000
6.133,-6.838,4.555,5.171,1.467,5.273,18.336,-7.971,0.000
5.632,-6.209,3.449,6.539,1.539,5.411,19.166,-8.833,0.000
5.353,-5.739,2.156,7.878,2.050,5.826,19.367,-9.232,0.000
5.172,-5.559,0.623,8.494,2.816,6.322,18.679,-8.706,0.000
4.920,-5.694,-1.079,8.055,3.611,6.654,17.095,-7.038,0.000
4.425,-6.053,-2.743,6.828,4.217,6.572,15.000,-4.308,0.000
3.560,-6.492,-4.118,5.435,4.465,5.882,12.985,-0.823,0.000
2.326,-6.877,-5.025,4.460,4.268,4.539,11.565,2.821,0.000
0.884,-7.110,-5.400,4.258,3.624,2.679,11.063,5.700,0.000
-0.523,-7.119,-5.286,4.934,2.603,0.547,11.543,6.892,0.000
-1.639,-6.842,-4.883,6.329,1.411,-1.532,12.653,6.024,0.000
-2.216,-6.195,-4.558,8.064,0.411,-3.155,13.597,3.467,0.000
-2.094,-5.098,-4.689,9.723,-0.031,-3.956,13.523,0.032,0.000
-1.366,-3.533,-5.414,11.054,0.175,-3.791,12.152,-3.362,0.000
-0.443,-1.575,-6.532,12.027,0.732,-2.800,10.016,-5.843,0.000
0.144,0.637,-7.641,12.695,1.172,-1.282,8.019,-6.765,0.000
0.018,2.887,-8.321,12.969,1.190,0.426,6.746,-5.962,0.000
-0.933,4.880,-8.206,12.496,0.794,1.999,6.140,-3.781,0.000
-2.591,6.341,-7.093,10.870,0.215,3.161,5.728,-0.815,0.000
-4.606,7.195,-5.145,8.088,-0.242,3.695,5.014,2.379,0.000
-6.416,7.625,-2.956,4.756,-0.290,3.416,3.716,5.378,0.000
-7.471,7.922,-1.252,1.756,0.249,2.217,1.839,7.902,0.000
-7.594,8.260,-0.462,-0.261,1.299,0.240,-0.215,9.766,0.000
-7.100,8.587,-0.542,-1.092,2.489,-2.045,-1.636,10.800,0.000
-6.542,8.702,-1.140,-0.913,3.363,-4.053,-1.606,10.869,0.000
-6.351,8.406,-1.809,-0.180,3.683,-5.375,0.035,9.987,0.000
-6.666,7.566,-2.124,0.447,3.543,-5.886,2.545,8.362,0.000
-7.377,6.148,-1.812,0.383,3.203,-5.672,4.789,6.327,0.000
-8.186,4.276,-0.930,-0.508,2.803,-4.923,6.037,4.294,0.000
-8.668,2.238,0.083,-1.785,2.222,-3.856,6.307,2.749,0.000
-8.463,0.346,0.684,-2.752,1.227,-2.633,6.104,2.090,0.000
-7.578,-1.264,0.639,-2.946,-0.223,-1.288,5.957,2.347,0.000
-6.500,-2.699,0.186,-2.342,-1.810,0.284,6.166,3.091,0.000
-5.894,-4.144,-0.189,-1.227,-3.028,2.197,6.772,3.725,0.000
-6.135,-5.571,-0.125,-0.014,-3.472,4.341,7.602,3.954,0.000
-7.110,-6.590,0.432,0.868,-2.968,6.265,8.335,3.978,0.000
-8.393,-6.679,1.321,1.085,-1.568,7.389,8.671,4.242,0.000
-9.499,-5.620,2.330,0.519,0.406,7.365,8.539,4.976,0.000
-10.018,-3.690,3.293,-0.712,2.376,6.216,8.158,5.964,0.000
-9.717,-1.433,4.122,-2.344,3.737,4.248,7.855,6.713,0.000
-8.699,0.702,4.788,-3.996,4.170,1.963,7.769,6.748,0.000
-7.431,2.522,5.280,-5.168,3.739,0.012,7.730,5.774,0.000
-6.494,4.042,5.563,-5.413,2.746,-1.030,7.406,3.723,0.000
-6.225,5.314,5.518,-4.618,1.542,-1.010,6.581,0.880,0.000
-6.587,6.312,4.925,-3.111,0.444,-0.301,5.282,-2.097,0.000
-7.327,6.917,3.613,-1.433,-0.311,0.459,3.714,-4.464,0.000
-8.203,6.950,1.775,-0.042,-0.577,0.728,2.165,-5.765,0.000
-9.105,6.197,0.111,0.813,-0.274,0.220,0.957,-5.958,0.000
-9.989,4.551,-0.536,1.081,0.582,-1.086,0.374,-5.260,0.000
-10.674,2.314,0.195,0.869,1.746,-2.874,0.587,-3.962,0.000
-10.720,0.328,1.929,0.387,2.673,-4.500,1.649,-2.315,0.000
-9.611,-0.424,3.863,-0.139,2.745,-5.276,3.492,-0.519,0.000
-7.128,0.540,5.242,-0.534,1.665,-4.903,5.800,1.210,0.000
-3.516,2.932,5.569,-0.692,-0.395,-3.622,7.959,2.561,0.000
0.661,5.971,4.640,-0.579,-2.937,-1.998,9.289,3.221,0.000
4.644,8.724,2.563,-0.277,-5.294,-0.644,9.430,3.061,0.000
7.531,10.262,-0.291,0.000,-6.698,-0.092,8.487,2.213,0.000
8.553,9.893,-3.482,0.020,-6.536,-0.650,6.901,0.973,0.000
7.537,7.537,-6.667,-0.283,-4.781,-2.137,5.330,-0.282,0.000
5.048,3.807,-9.632,-0.736,-2.137,-3.813,4.598,-1.146,0.000
2.041,-0.362,-12.274,-1.071,0.387,-4.756,5.424,-1.305,0.000
-0.548,-4.139,-14.552,-1.172,2.052,-4.421,7.989,-0.757,0.000
-1.957,-6.951,-16.440,-1.190,2.635,-2.856,11.788,0.122,0.000
-1.745,-8.522,-17.912,-1.430,2.327,-0.519,15.932,0.820,0.000
-0.048,-8.933,-18.961,-2.143,1.618,1.938,19.468,1.049,0.000
2.364,-8.590,-19.591,-3.419,1.188,3.787,21.499,0.892,0.000
4.494,-8.025,-19.818,-5.153,1.635,4.428,21.362,0.629,0.000
5.635,-7.701,-19.692,-6.936,3.055,3.681,18.951,0.446,0.000
5.569,-7.953,-19.300,-8.017,4.908,1.850,14.789,0.278,0.000
4.457,-8.967,-18.730,-7.672,6.399,-0.544,9.738,-0.103,0.000
2.717,-10.718,-18.020,-5.849,7.044,-3.075,4.762,-0.893,0.000
0.930,-12.960,-17.135,-3.423,6.915,-5.547,0.854,-2.146,0.000
-0.365,-15.348,-15.979,-1.664,6.420,-7.937,-1.179,-3.766,0.000
-0.915,-17.533,-14.406,-1.390,5.934,-10.239,-1.072,-5.455,0.000
-0.817,-19.184,-12.227,-2.602,5.603,-12.347,0.817,-6.718,0.000
-0.375,-20.050,-9.291,-4.720,5.380,-14.050,3.809,-7.090,0.000
0.053,-20.072,-5.679,-6.928,5.166,-15.030,7.210,-6.540,0.000
0.134,-19.401,-1.794,-8.369,4.907,-14.859,10.435,-5.624,0.000
-0.377,-18.309,1.794,-8.399,4.621,-13.209,13.074,-5.124,0.000
-1.521,-17.099,4.515,-6.915,4.394,-10.304,14.915,-5.472,0.000
-3.113,-16.081,5.853,-4.436,4.354,-7.098,15.892,-6.504,0.000
-4.840,-15.512,5.506,-1.784,4.604,-4.818,16.011,-7.714,0.000
-6.329,-15.499,3.764,0.244,5.098,-4.243,15.311,-8.690,0.000
-7.168,-15.992,1.631,1.000,5.603,-5.424,13.854,-9.340,0.000
-7.023,-16.829,0.362,0.116,5.843,-7.885,11.769,-9.838,0.000
-5.869,-17.755,0.753,-2.201,5.752,-10.882,9.435,-10.486,0.000
-4.060,-18.423,2.868,-5.093,5.575,-13.548,7.574,-11.609,0.000
-2.145,-18.512,6.229,-7.480,5.705,-15.112,6.912,-13.382,0.000
-0.634,-17.923,10.004,-8.679,6.397,-15.142,7.560,-15.539,0.000
0.089,-16.842,13.125,-8.634,7.643,-13.571,8.758,-17.260,0.000
-0.161,-15.604,14.636,-7.741,9.239,-10.627,9.369,-17.597,0.000
-1.201,-14.504,14.199,-6.616,10.872,-6.932,8.656,-16.193,0.000
-2.452,-13.714,12.222,-5.956,12.180,-3.544,6.633,-13.558,0.000
-3.245,-13.275,9.531,-6.300,12.891,-1.569,3.838,-10.639,0.000
-3.294,-13.080,6.980,-7.677,13.069,-1.544,0.990,-8.145,0.000
-2.877,-12.879,5.298,-9.503,13.185,-3.213,-1.209,-6.249,0.000
-2.547,-12.388,4.938,-10.975,13.818,-5.827,-2.277,-4.758,0.000
-2.646,-11.410,5.851,-11.644,15.149,-8.474,-2.214,-3.487,0.000
-3.076,-9.884,7.445,-11.651,16.750,-10.243,-1.543,-2.494,0.000
-3.459,-7.899,8.923,-11.466,17.897,-10.454,-0.944,-2.015,0.000
-3.453,-5.816,9.725,-11.430,18.110,-8.998,-0.728,-2.233,0.000
-2.919,-4.315,9.695,-11.520,17.397,-6.411,-0.621,-3.144,0.000
-1.944,-4.079,8.986,-11.440,16.114,-3.539,-0.075,-4.547,0.000
-0.866,-5.239,7.938,-10.824,14.760,-1.168,1.197,-5.997,0.000
-0.255,-7.150,6.992,-9.351,13.841,0.114,2.953,-6.797,0.000
-0.628,-8.823,6.520,-6.877,13.678,-0.006,4.633,-6.288,0.000
-1.968,-9.589,6.612,-3.660,14.123,-1.412,5.725,-4.339,0.000
-3.539,-9.401,7.008,-0.440,14.474,-3.541,5.939,-1.531,0.000
-4.346,-8.653,7.288,1.933,13.918,-5.651,5.235,1.241,0.000
-3.875,-7.894,7.135,3.081,12.278,-7.123,3.843,3.325,0.000
-2.422,-7.649,6.446,3.303,10.319,-7.571,2.233,4.558,0.000
-0.737,-8.239,5.311,3.235,9.178,-6.862,0.885,5.121,0.000
0.526,-9.523,4.010,3.285,9.381,-5.223,-0.020,5.295,0.000
1.087,-10.831,3.002,3.359,10.398,-3.260,-0.698,5.297,0.000
0.969,-11.329,2.732,3.076,11.121,-1.671,-1.529,5.243,0.000
0.311,-10.582,3.357,2.213,10.696,-0.869,-2.658,5.195,0.000
-0.775,-8.757,4.643,0.937,8.933,-0.854,-3.808,5.212,0.000
-2.195,-6.364,6.138,-0.370,6.221,-1.356,-4.467,5.383,0.000
-3.702,-3.856,7.387,-1.475,3.374,-2.051,-4.217,5.824,0.000
-4.779,-1.442,8.017,-2.471,1.509,-2.674,-2.885,6.690,0.000
-4.860,0.846,7.797,-3.614,1.589,-3.075,-0.535,8.102,0.000
-3.762,2.922,6.725,-4.956,3.710,-3.271,2.507,10.016,0.000
-1.870,4.501,5.023,-6.138,6.863,-3.429,5.668,12.158,0.000
0.134,5.241,3.021,-6.606,9.564,-3.749,8.344,14.122,0.000
1.665,5.097,1.039,-6.019,10.745,-4.288,10.189,15.449,0.000
2.426,4.473,-0.642,-4.445,10.130,-4.886,11.184,15.646,0.000
2.426,3.987,-1.814,-2.267,8.088,-5.286,11.481,14.368,0.000
2.027,4.051,-2.395,-0.085,5.466,-5.317,11.169,11.809,0.000
1.921,4.695,-2.422,1.357,3.456,-4.977,10.149,8.848,0.000
2.790,5.663,-2.018,1.451,3.100,-4.351,8.247,6.604,0.000
4.776,6.599,-1.385,0.211,4.541,-3.492,5.525,5.754,0.000
7.281,7.142,-0.809,-1.567,6.764,-2.341,2.428,6.258,0.000
9.397,7.045,-0.544,-2.784,8.273,-0.805,-0.423,7.579,0.000
10.561,6.315,-0.623,-2.765,8.102,1.058,-2.576,8.987,0.000
10.849,5.237,-0.786,-1.552,6.251,2.937,-3.881,9.722,0.000
10.732,4.195,-0.660,0.350,3.378,4.404,-4.448,9.258,0.000
10.677,3.428,-0.055,2.379,0.323,5.140,-4.594,7.687,0.000
10.917,2.936,0.905,4.131,-2.153,5.029,-4.780,5.839,0.000
11.430,2.589,1.897,5.407,-3.558,4.151,-5.402,4.805,0.000
11.957,2.310,2.588,6.183,-3.846,2.845,-6.475,5.226,0.000
12.048,2.169,2.733,6.540,-3.414,1.704,-7.522,7.013,0.000
11.285,2.312,2.254,6.566,-2.839,1.298,-7.910,9.550,0.000
9.628,2.787,1.420,6.291,-2.569,1.714,-7.425,11.945,0.000
7.531,3.461,0.887,5.667,-2.815,2.384,-6.516,13.163,0.000
5.638,4.098,1.366,4.667,-3.596,2.480,-5.925,12.402,0.000
4.309,4.506,3.032,3.481,-4.789,1.583,-6.059,9.728,0.000
3.429,4.601,5.299,2.614,-6.176,-0.016,-6.685,6.286,0.000
2.632,4.380,7.224,2.617,-7.526,-1.567,-7.178,3.629,0.000
1.736,3.873,8.164,3.605,-8.655,-2.229,-6.943,2.732,0.000
0.955,3.102,8.051,5.046,-9.439,-1.256,-5.647,3.574,0.000
0.741,2.112,7.203,6.097,-9.827,1.773,-3.308,5.462,0.000
1.437,1.080,5.988,6.125,-9.899,6.514,-0.491,7.480,0.000
3.110,0.385,4.622,4.940,-9.880,11.719,1.650,8.751,0.000
5.560,0.423,3.204,2.739,-10.002,15.835,1.931,8.672,0.000
8.279,1.258,1.901,0.069,-10.272,17.867,0.057,7.215,0.000
10.460,2.478,1.091,-2.231,-10.375,17.693,-3.013,4.974,0.000
11.297,3.452,1.199,-3.370,-9.896,15.800,-5.720,2.772,0.000
10.469,3.760,2.326,-3.114,-8.733,12.971,-6.880,1.153,0.000
8.301,3.373,4.085,-1.954,-7.282,10.083,-6.107,0.180,0.000
5.508,2.531,5.801,-0.700,-6.208,7.873,-3.678,-0.381,0.000
2.934,1.539,6.802,0.112,-6.076,6.699,-0.335,-0.771,0.000
1.426,0.644,6.543,0.488,-7.182,6.522,2.877,-1.069,0.000
1.598,-0.039,4.757,0.794,-9.503,7.084,5.018,-1.233,0.000
3.398,-0.590,1.766,1.427,-12.547,8.091,5.768,-1.253,0.000
5.988,-1.278,-1.428,2.624,-15.311,9.292,5.570,-1.250,0.000
8.228,-2.360,-3.657,4.402,-16.723,10.487,5.236,-1.428,0.000
9.375,-3.734,-4.360,6.459,-16.323,11.473,5.378,-1.977,0.000
9.365,-4.783,-3.890,8.174,-14.509,11.985,6.165,-3.013,0.000
8.605,-4.730,-3.125,8.908,-12.149,11.775,7.400,-4.529,0.000
7.658,-3.234,-2.897,8.497,-10.043,10.790,8.652,-6.286,0.000
7.059,-0.648,-3.711,7.426,-8.666,9.244,9.345,-7.759,0.000
7.160,2.268,-5.678,6.457,-8.100,7.508,9.022,-8.395,0.000
7.957,4.757,-8.410,6.039,-7.954,5.981,7.739,-8.020,0.000
9.060,6.254,-11.027,6.033,-7.375,5.038,6.214,-7.002,0.000
9.967,6.464,-12.529,5.937,-5.481,4.909,5.403,-5.999,0.000
10.433,5.457,-12.283,5.271,-2.041,5.456,5.849,-5.582,0.000
10.616,3.645,-10.178,3.780,2.258,6.093,7.414,-6.064,0.000
10.847,1.592,-6.483,1.454,6.287,6.131,9.527,-7.454,0.000
11.221,-0.160,-1.758,-1.438,9.181,5.329,11.554,-9.329,0.000
11.396,-1.126,3.207,-4.377,10.636,4.126,12.993,-10.807,0.000
10.843,-0.941,7.630,-6.817,10.819,3.288,13.542,-10.955,0.000
9.340,0.491,11.002,-8.473,10.235,3.324,13.166,-9.425,0.000
7.200,2.970,13.134,-9.408,9.607,4.216,12.048,-6.691,0.000
4.998,6.101,14.057,-9.888,9.599,5.542,10.459,-3.665,0.000
3.109,9.301,13.938,-10.198,10.482,6.670,8.656,-1.145,0.000
1.485,11.804,13.009,-10.541,12.034,6.872,6.847,0.431,0.000
-0.197,12.941,11.520,-11.033,13.770,5.584,5.157,0.986,0.000
-2.211,12.660,9.771,-11.715,15.224,2.826,3.559,0.795,0.000
-4.598,11.713,8.158,-12.587,16.066,-0.668,1.863,0.409,0.000
-7.182,11.154,7.082,-13.594,16.130,-3.894,-0.167,0.350,0.000
-9.617,11.558,6.790,-14.556,15.453,-6.207,-2.621,0.677,0.000
-11.420,12.672,7.335,-15.111,14.246,-7.569,-5.345,0.819,0.000
-12.224,13.763,8.611,-14.858,12.787,-8.353,-8.017,-0.037,0.000
-12.198,14.206,10.350,-13.610,11.314,-9.009,-10.219,-2.285,0.000
-12.204,13.775,12.124,-11.495,9.993,-9.874,-11.458,-5.615,0.000
-13.302,12.628,13.480,-8.877,8.912,-11.102,-11.361,-9.263,0.000
-15.922,11.231,14.122,-6.312,8.065,-12.604,-10.052,-12.355,0.000
-19.507,10.271,13.951,-4.528,7.356,-14.059,-8.285,-14.073,0.000
-22.970,10.358,13.025,-4.117,6.668,-15.070,-7.038,-13.886,0.000
-25.406,11.551,11.544,-4.962,5.942,-15.344,-6.882,-11.950,0.000
-26.403,13.210,9.837,-6.028,5.214,-14.749,-7.735,-9.222,0.000
-25.978,14.434,8.261,-5.999,4.599,-13.308,-9.113,-6.926,0.000
-24.405,14.736,7.096,-4.325,4.267,-11.264,-10.548,-5.809,0.000
-22.067,14.333,6.529,-1.681,4.441,-9.100,-11.802,-5.841,0.000
-19.322,13.814,6.647,0.628,5.314,-7.351,-12.831,-6.459,0.000
-16.456,13.564,7.391,1.641,6.876,-6.348,-13.618,-6.900,0.000
-13.724,13.473,8.541,1.205,8.850,-6.125,-14.046,-6.387,0.000
-11.335,13.125,9.794,-0.205,10.803,-6.504,-13.921,-4.362,0.000
-9.421,12.212,10.803,-1.817,12.270,-7.169,-13.092,-0.827,0.000
-8.036,10.749,11.181,-2.784,12.787,-7.714,-11.513,3.557,0.000
-7.135,8.974,10.613,-2.482,11.995,-7.776,-9.283,7.795,0.000
-6.502,7.137,9.092,-0.902,9.858,-7.212,-6.762,10.914,0.000
-5.722,5.381,6.994,1.244,6.723,-6.147,-4.630,12.079,0.000
-4.379,3.730,4.880,2.991,3.140,-4.848,-3.596,10.802,0.000
-2.398,2.147,3.227,3.770,-0.317,-3.571,-3.949,7.415,0.000
-0.188,0.605,2.321,3.678,-3.104,-2.498,-5.378,3.230,0.000
1.610,-0.874,2.229,3.224,-4.801,-1.731,-7.229,-0.118,0.000
2.521,-2.150,2.712,2.932,-5.264,-1.327,-8.825,-1.611,0.000
2.393,-2.942,3.220,3.137,-4.644,-1.323,-9.605,-1.214,0.000
1.352,-2.976,3.178,3.932,-3.250,-1.699,-9.255,0.451,0.000
-0.244,-2.236,2.423,5.133,-1.451,-2.242,-7.905,2.542,0.000
-1.858,-1.072,1.383,6.302,0.363,-2.472,-6.176,4.256,0.000
-2.964,0.037,0.726,6.972,1.830,-1.883,-4.841,5.010,0.000
-3.302,0.828,0.800,6.956,2.638,-0.381,-4.359,4.613,0.000
-2.944,1.420,1.371,6.453,2.503,1.531,-4.698,3.248,0.000
-2.193,2.119,1.868,5.810,1.232,3.093,-5.509,1.271,0.000
-1.491,3.090,1.808,5.133,-1.051,3.828,-6.385,-0.984,0.000
-1.381,4.181,1.012,4.103,-3.825,3.782,-6.998,-3.278,0.000
-2.289,5.059,-0.411,2.224,-6.419,3.303,-7.161,-5.467,0.000
-4.138,5.480,-2.095,-0.675,-8.369,2.665,-6.893,-7.479,0.000
-6.201,5.419,-3.468,-4.198,-9.541,1.852,-6.400,-9.268,0.000
-7.547,4.995,-3.972,-7.606,-10.042,0.680,-5.950,-10.788,0.000
-7.740,4.323,-3.387,-10.152,-10.063,-0.881,-5.714,-11.961,0.000
-7.141,3.423,-1.919,-11.222,-9.773,-2.534,-5.705,-12.661,0.000
-6.533,2.249,0.004,-10.488,-9.265,-3.813,-5.820,-12.769,0.000
-6.492,0.815,1.995,-8.204,-8.525,-4.410,-5.876,-12.309,0.000
-7.085,-0.730,3.819,-5.275,-7.439,-4.317,-5.633,-11.495,0.000
-7.999,-2.158,5.371,-2.787,-5.894,-3.742,-4.902,-10.637,0.000
-8.820,-3.244,6.580,-1.342,-3.942,-2.963,-3.731,-9.995,0.000
-9.194,-3.807,7.332,-0.793,-1.874,-2.228,-2.481,-9.726,0.000
-8.950,-3.747,7.508,-0.545,-0.064,-1.699,-1.636,-9.851,0.000
-8.226,-3.123,7.123,-0.008,1.270,-1.394,-1.512,-10.175,0.000
-7.493,-2.173,6.389,1.169,2.161,-1.202,-2.139,-10.272,0.000
-7.292,-1.184,5.606,3.074,2.785,-0.975,-3.345,-9.659,0.000
-7.851,-0.315,5.001,5.527,3.277,-0.659,-4.854,-8.099,0.000
-8.941,0.468,4.659,8.126,3.629,-0.346,-6.352,-5.707,0.000
-10.094,1.320,4.528,10.430,3.731,-0.185,-7.588,-2.844,0.000
-10.939,2.403,4.422,12.158,3.466,-0.225,-8.495,-0.026,0.000
-11.353,3.817,4.040,13.235,2.772,-0.346,-9.212,2.119,0.000
-11.393,5.527,3.111,13.713,1.668,-0.341,-9.936,3.058,0.000
-11.159,7.199,1.656,13.667,0.331,-0.058,-10.697,2.718,0.000
-10.698,8.115,0.085,13.131,-0.882,0.535,-11.251,1.599,0.000
-10.029,7.487,-1.060,12.075,-1.597,1.389,-11.261,0.434,0.000
-9.254,4.997,-1.517,10.428,-1.684,2.446,-10.642,-0.284,0.000
-8.631,1.013,-1.486,8.083,-1.361,3.674,-9.710,-0.519,0.000
-8.455,-3.655,-1.433,4.987,-1.038,5.040,-8.969,-0.581,0.000
-8.826,-7.998,-1.803,1.358,-1.115,6.390,-8.736,-0.951,0.000
-9.544,-10.912,-2.859,-2.216,-1.884,7.389,-8.973,-2.176,0.000
-10.247,-11.541,-4.632,-5.028,-3.444,7.689,-9.409,-4.662,0.000
-10.615,-9.894,-6.790,-6.634,-5.519,7.260,-9.757,-8.314,0.000
-10.459,-7.028,-8.619,-6.999,-7.396,6.533,-9.836,-12.406,0.000
-9.739,-4.431,-9.356,-6.362,-8.262,6.144,-9.628,-15.943,0.000
-8.586,-3.134,-8.728,-5.077,-7.743,6.529,-9.353,-18.143,0.000
-7.291,-3.351,-7.147,-3.514,-6.107,7.733,-9.474,-18.617,0.000
-6.176,-4.696,-5.403,-1.983,-3.990,9.494,-10.450,-17.348,0.000
-5.443,-6.492,-4.208,-0.715,-2.004,11.317,-12.310,-14.762,0.000
-5.115,-7.979,-4.003,0.110,-0.558,12.535,-14.481,-11.705,0.000
-5.076,-8.540,-4.914,0.370,0.179,12.571,-16.131,-9.114,0.000
-5.073,-7.956,-6.691,0.071,0.291,11.366,-16.713,-7.602,0.000
-4.719,-6.447,-8.718,-0.631,0.062,9.523,-16.183,-7.338,0.000
-3.634,-4.460,-10.297,-1.507,-0.194,7.914,-14.855,-8.152,0.000
-1.664,-2.456,-10.997,-2.331,-0.344,7.115,-13.171,-9.618,0.000
1.032,-0.830,-10.763,-2.915,-0.508,7.163,-11.570,-11.123,0.000
4.102,0.137,-9.796,-3.104,-0.890,7.729,-10.386,-12.053,0.000
7.102,0.328,-8.400,-2.758,-1.480,8.404,-9.774,-12.035,0.000
9.537,-0.219,-6.902,-1.720,-1.908,8.859,-9.721,-10.980,0.000
10.961,-1.359,-5.566,0.105,-1.652,8.955,-10.095,-9.011,0.000
11.144,-2.828,-4.526,2.544,-0.409,8.853,-10.607,-6.417,0.000
10.089,-4.221,-3.788,5.044,1.741,9.035,-10.796,-3.625,0.000
8.012,-5.084,-3.288,6.890,4.432,10.001,-10.180,-1.074,0.000
5.441,-5.043,-2.940,7.521,7.107,11.765,-8.520,0.924,0.000
3.278,-3.812,-2.666,6.637,9.077,13.650,-5.924,2.209,0.000
2.473,-1.258,-2.443,4.234,9.741,14.710,-2.770,2.739,0.000
3.519,2.402,-2.365,0.761,8.954,14.430,0.300,2.588,0.000
6.272,6.533,-2.682,-2.831,7.137,13.029,2.380,1.927,0.000
10.155,10.353,-3.660,-5.470,5.023,11.169,2.651,0.999,0.000
14.331,13.318,-5.321,-6.502,3.365,9.500,1.011,0.180,0.000
17.790,15.246,-7.340,-5.870,2.823,8.431,-1.700,0.018,0.000
19.649,16.229,-9.207,-3.956,3.791,8.092,-4.238,1.017,0.000
19.593,16.519,-10.483,-1.450,6.045,8.357,-5.744,3.206,0.000
17.996,16.434,-10.892,0.745,8.638,8.911,-6.095,5.973,0.000
15.588,16.252,-10.340,1.841,10.387,9.423,-5.716,8.417,0.000
13.074,16.115,-8.985,1.665,10.595,9.737,-5.310,9.898,0.000
10.962,16.013,-7.223,0.826,9.326,9.931,-5.676,10.255,0.000
9.508,15.837,-5.522,0.256,7.133,10.191,-7.435,9.673,0.000
8.670,15.433,-4.217,0.531,4.668,10.618,-10.629,8.472,0.000
8.139,14.620,-3.451,1.569,2.480,11.130,-14.595,6.964,0.000
7.558,13.260,-3.217,2.858,0.943,11.569,-18.342,5.394,0.000
6.806,11.383,-3.410,3.838,0.284,11.885,-20.997,3.974,0.000
6.119,9.238,-3.863,4.105,0.654,12.228,-21.969,2.946,0.000
5.886,7.171,-4.428,3.514,2.076,12.811,-20.998,2.527,0.000
6.317,5.463,-5.053,2.314,4.190,13.626,-18.289,2.776,0.000
7.281,4.272,-5.799,1.157,6.116,14.311,-14.520,3.530,0.000
8.433,3.647,-6.740,0.767,6.838,14.333,-10.538,4.463,0.000
9.408,3.547,-7.752,1.446,5.851,13.335,-7.036,5.130,0.000
9.916,3.859,-8.410,2.874,3.419,11.273,-4.452,4.975,0.000
9.795,4.433,-8.203,4.350,0.298,8.359,-2.956,3.558,0.000
9.077,5.031,-6.905,5.098,-2.614,4.999,-2.374,0.980,0.000
7.989,5.308,-4.745,4.398,-4.450,1.757,-2.213,-1.949,0.000
6.808,4.944,-2.217,1.820,-4.610,-0.847,-1.937,-4.157,0.000
5.686,3.924,0.160,-2.323,-3.126,-2.606,-1.370,-4.975,0.000
4.583,2.649,1.951,-6.815,-0.749,-3.698,-0.875,-4.419,0.000
3.393,1.694,2.856,-10.145,1.490,-4.455,-1.080,-2.978,0.000
2.160,1.446,2.740,-11.412,2.868,-5.026,-2.456,-1.330,0.000
1.200,1.938,1.602,-10.670,3.194,-5.204,-5.119,-0.177,0.000
0.899,2.942,-0.458,-8.627,2.675,-4.640,-8.824,-0.042,0.000
1.331,4.073,-3.147,-6.252,1.723,-3.262,-12.867,-0.995,0.000
2.087,4.871,-5.929,-4.547,0.827,-1.484,-16.049,-2.596,0.000
2.546,4.962,-8.192,-4.248,0.418,-0.009,-17.131,-4.177,0.000
2.345,4.306,-9.484,-5.397,0.745,0.488,-15.554,-5.194,0.000
1.586,3.275,-9.582,-7.240,1.860,-0.506,-11.688,-5.363,0.000
0.670,2.425,-8.497,-8.742,3.672,-3.193,-6.468,-4.679,0.000
0.012,2.195,-6.544,-9.329,5.906,-7.125,-1.008,-3.485,0.000
-0.117,2.778,-4.367,-9.194,8.089,-11.090,3.575,-2.478,0.000
0.331,4.137,-2.709,-8.967,9.695,-13.650,6.437,-2.393,0.000
1.074,5.983,-2.122,-9.164,10.334,-13.944,7.393,-3.512,0.000
1.474,7.783,-2.886,-9.897,9.807,-11.978,6.989,-5.485,0.000
0.893,8.970,-5.018,-10.958,8.082,-8.380,6.101,-7.616,0.000
-0.723,9.229,-8.167,-11.994,5.328,-4.139,5.431,-9.274,0.000
-2.607,8.590,-11.593,-12.634,1.920,-0.464,5.298,-10.073,0.000
-3.655,7.350,-14.434,-12.625,-1.657,1.606,5.716,-9.907,0.000
-3.214,6.043,-16.054,-12.000,-4.819,1.746,6.531,-8.994,0.000
-1.426,5.414,-16.134,-11.120,-6.850,0.495,7.531,-7.854,0.000
1.026,6.113,-14.643,-10.452,-7.148,-1.211,8.529,-7.074,0.000
3.287,8.140,-11.874,-10.259,-5.715,-2.668,9.390,-7.022,0.000
4.529,10.631,-8.435,-10.471,-3.339,-3.680,10.018,-7.748,0.000
4.197,12.373,-5.023,-10.805,-1.160,-4.405,10.335,-9.072,0.000
2.402,12.584,-2.203,-10.924,-0.043,-5.046,10.286,-10.654,0.000
0.014,11.248,-0.343,-10.523,-0.323,-5.653,9.824,-12.032,0.000
-1.855,8.906,0.413,-9.417,-1.871,-6.154,8.942,-12.787,0.000
-2.599,6.387,0.294,-7.685,-4.155,-6.481,7.762,-12.787,0.000
-2.419,4.633,-0.078,-5.718,-6.317,-6.659,6.570,-12.257,0.000
-1.977,4.332,0.004,-4.005,-7.498,-6.785,5.696,-11.586,0.000
-1.840,5.324,0.870,-2.836,-7.261,-6.943,5.321,-11.063,0.000
-2.196,6.404,2.282,-2.189,-5.721,-7.154,5.394,-10.749,0.000
-2.904,6.041,3.701,-1.872,-3.328,-7.394,5.698,-10.533,0.000
-3.625,3.517,4.697,-1.742,-0.653,-7.652,5.904,-10.243,0.000
-3.934,-0.589,5.135,-1.836,1.714,-7.966,5.601,-9.713,0.000
-3.493,-4.983,5.092,-2.325,3.307,-8.423,4.468,-8.841,0.000
-2.294,-8.542,4.661,-3.390,3.957,-9.156,2.594,-7.686,0.000
-0.726,-10.735,3.830,-5.155,3.816,-10.332,0.592,-6.485,0.000
0.663,-11.597,2.553,-7.613,3.194,-12.041,-0.775,-5.538,0.000
1.496,-11.613,0.991,-10.457,2.378,-14.063,-1.210,-5.052,0.000
1.704,-11.567,-0.345,-13.002,1.551,-15.753,-1.145,-5.085,0.000
1.457,-12.180,-0.820,-14.488,0.806,-16.350,-1.385,-5.592,0.000
1.080,-13.639,-0.083,-14.554,0.213,-15.473,-2.512,-6.482,0.000
0.997,-15.431,1.758,-13.412,-0.128,-13.322,-4.604,-7.656,0.000
1.556,-16.732,4.278,-11.599,-0.129,-10.439,-7.335,-9.052,0.000
2.750,-16.952,6.891,-9.627,0.160,-7.386,-10.134,-10.671,0.000
4.120,-15.965,8.936,-7.814,0.486,-4.590,-12.291,-12.587,0.000
5.051,-13.999,9.880,-6.286,0.483,-2.300,-13.184,-14.846,0.000
5.232,-11.466,9.624,-5.046,-0.208,-0.605,-12.604,-17.283,0.000
4.859,-8.859,8.583,-4.060,-1.893,0.510,-10.823,-19.415,0.000
4.441,-6.575,7.406,-3.319,-4.709,1.097,-8.355,-20.657,0.000
4.502,-4.720,6.601,-2.876,-8.332,1.237,-5.671,-20.674,0.000
5.441,-3.061,6.384,-2.867,-11.867,1.041,-3.085,-19.521,0.000
7.436,-1.263,6.721,-3.433,-14.245,0.640,-0.825,-17.562,0.000
10.292,0.748,7.395,-4.594,-14.842,0.199,0.774,-15.437,0.000
13.397,2.610,8.065,-6.193,-13.719,-0.072,1.132,-14.031,0.000
16.008,3.782,8.382,-8.010,-11.408,-0.013,-0.297,-14.146,0.000
17.616,3.989,8.112,-9.898,-8.685,0.301,-3.391,-15.940,0.000
18.062,3.431,7.164,-11.846,-6.441,0.482,-7.085,-18.729,0.000
17.458,2.591,5.575,-13.898,-5.398,0.053,-9.910,-21.427,0.000
16.108,1.942,3.571,-15.978,-5.700,-1.179,-10.848,-23.155,0.000
14.445,1.801,1.595,-17.782,-6.797,-2.960,-9.680,-23.499,0.000
12.894,2.277,0.193,-18.905,-7.829,-4.768,-6.821,-22.457,0.000
11.740,3.215,-0.119,-19.049,-8.143,-6.074,-3.141,-20.378,0.000
11.105,4.214,1.121,-18.111,-7.507,-6.455,0.178,-17.868,0.000
10.976,4.810,4.176,-16.189,-6.028,-5.696,2.073,-15.526,0.000
11.218,4.734,8.722,-13.661,-4.041,-3.968,2.198,-13.640,0.000
11.583,3.997,13.696,-11.216,-2.010,-1.874,1.099,-12.102,0.000
11.833,2.805,17.762,-9.575,-0.360,-0.151,-0.253,-10.637,0.000
11.913,1.489,19.987,-9.087,0.722,0.750,-1.102,-9.169,0.000
12.017,0.465,20.081,-9.580,1.331,0.808,-1.191,-8.000,0.000
12.440,0.100,18.296,-10.562,1.719,0.294,-0.670,-7.535,0.000
13.310,0.509,15.381,-11.468,2.152,-0.424,0.075,-7.736,0.000
14.479,1.494,12.502,-11.774,2.829,-0.992,0.551,-7.865,0.000
15.638,2.689,10.805,-11.117,3.822,-1.174,0.362,-6.941,0.000
16.520,3.727,10.773,-9.479,4.943,-0.968,-0.515,-4.585,0.000
16.994,4.315,12.033,-7.215,5.699,-0.632,-1.641,-1.404,0.000
17.068,4.283,13.750,-4.842,5.565,-0.532,-2.390,1.454,0.000
16.885,3.658,15.165,-2.783,4.458,-0.937,-2.345,3.020,0.000
16.699,2.676,15.849,-1.278,2.925,-1.939,-1.458,2.843,0.000
16.730,1.645,15.693,-0.401,1.783,-3.454,0.056,0.986,0.000
16.949,0.771,14.869,-0.087,1.520,-5.167,1.864,-1.941,0.000
16.983,0.092,13.748,-0.178,2.028,-6.510,3.600,-4.850,0.000
16.358,-0.474,12.749,-0.492,2.844,-6.874,4.968,-6.667,0.000
14.904,-1.065,12.211,-0.878,3.546,-5.942,5.849,-7.051,0.000
12.931,-1.832,12.374,-1.223,3.969,-3.810,6.315,-6.637,0.000
10.981,-2.865,13.329,-1.463,4.148,-0.870,6.530,-6.497,0.000
9.428,-4.060,14.868,-1.619,4.152,2.259,6.646,-7.301,0.000
8.293,-5.072,16.417,-1.802,3.953,4.751,6.754,-8.932,0.000
7.344,-5.521,17.288,-2.161,3.424,5.851,6.877,-10.759,0.000
6.289,-5.345,17.057,-2.811,2.403,5.296,6.971,-12.093,0.000
4.903,-4.950,15.711,-3.798,0.730,3.446,6.931,-12.425,0.000
3.135,-4.934,13.519,-5.064,-1.659,0.996,6.655,-11.541,0.000
1.289,-5.626,10.900,-6.339,-4.544,-1.380,6.140,-9.642,0.000
0.093,-6.879,8.344,-7.095,-7.345,-3.186,5.525,-7.349,0.000
0.315,-8.238,6.272,-6.815,-9.371,-4.148,4.990,-5.401,0.000
2.102,-9.227,4.882,-5.489,-10.211,-4.269,4.591,-4.283,0.000
4.719,-9.493,4.127,-3.815,-9.879,-3.794,4.192,-4.103,0.000
7.017,-8.903,3.837,-2.748,-8.727,-3.075,3.616,-4.667,0.000
8.156,-7.718,3.843,-2.731,-7.417,-2.473,2.939,-5.526,0.000
7.927,-6.632,4.053,-3.360,-6.891,-2.328,2.635,-6.010,0.000
6.610,-6.397,4.450,-3.743,-7.985,-2.855,3.288,-5.470,0.000
4.780,-7.244,5.068,-3.090,-10.769,-3.932,5.052,-3.636,0.000
3.157,-8.638,5.968,-1.008,-14.300,-5.018,7.412,-0.735,0.000
2.339,-9.665,7.145,2.457,-17.210,-5.448,9.516,2.690,0.000
2.437,-9.614,8.332,6.714,-18.597,-4.912,10.696,5.978,0.000
2.983,-8.248,8.910,10.632,-18.399,-3.653,10.712,8.418,0.000
3.272,-5.733,8.206,13.033,-17.143,-2.229,9.685,9.449,0.000
2.863,-2.588,6.046,13.427,-15.546,-1.151,8.025,8.981,0.000
1.797,0.389,2.981,12.258,-14.273,-0.715,6.335,7.481,0.000
0.429,2.406,-0.052,10.461,-13.717,-0.993,5.153,5.658,0.000
-0.835,3.044,-2.217,8.833,-13.713,-1.862,4.595,4.053,0.000
-1.668,2.350,-2.985,7.737,-13.479,-3.057,4.250,2.869,0.000
-1.854,0.667,-2.195,7.152,-12.088,-4.306,3.485,2.050,0.000
-1.270,-1.539,-0.190,6.820,-9.214,-5.466,1.950,1.422,0.000
0.164,-3.761,2.185,6.375,-5.440,-6.556,-0.202,0.801,0.000
2.435,-5.566,3.951,5.513,-1.818,-7.638,-2.466,0.053,0.000
5.218,-6.694,4.477,4.199,0.806,-8.610,-4.183,-0.859,0.000
7.754,-7.057,3.640,2.734,2.084,-9.093,-4.646,-1.879,0.000
9.165,-6.681,1.695,1.562,2.087,-8.649,-3.346,-2.875,0.000
8.964,-5.667,-0.828,1.006,1.148,-7.206,-0.437,-3.624,0.000
7.259,-4.173,-3.198,1.168,-0.276,-5.238,3.101,-3.776,0.000
4.562,-2.394,-4.747,1.962,-1.750,-3.467,5.956,-2.958,0.000
1.596,-0.609,-5.237,3.136,-2.960,-2.388,7.192,-0.953,0.000
-0.805,0.774,-4.977,4.293,-3.699,-2.058,6.512,2.233,0.000
-1.931,1.344,-4.522,5.052,-3.835,-2.164,4.162,6.337,0.000
-1.507,0.912,-4.256,5.259,-3.299,-2.113,0.855,10.632,0.000
0.239,-0.414,-4.193,5.058,-2.078,-1.111,-2.304,13.815,0.000
2.779,-2.334,-4.122,4.728,-0.262,1.467,-4.255,14.533,0.000
5.469,-4.449,-3.898,4.434,1.760,5.404,-4.603,12.309,0.000
7.615,-6.312,-3.599,4.113,3.208,9.372,-3.814,7.873,0.000
8.653,-7.529,-3.461,3.583,3.258,11.675,-2.791,2.599,0.000
8.418,-7.909,-3.709,2.775,1.676,11.437,-2.270,-2.273,0.000
7.212,-7.488,-4.467,1.844,-0.936,9.090,-2.542,-5.985,0.000
5.569,-6.432,-5.702,1.050,-3.566,5.865,-3.533,-8.305,0.000
3.958,-4.957,-7.105,0.518,-5.436,3.044,-4.947,-9.530,0.000
2.667,-3.293,-8.058,0.119,-6.277,1.581,-6.383,-10.392,0.000
1.806,-1.664,-7.915,-0.439,-6.234,1.905,-7.480,-11.653,0.000
1.349,-0.325,-6.490,-1.444,-5.664,3.656,-8.036,-13.575,0.000
1.193,0.393,-4.240,-3.095,-4.989,5.666,-8.023,-15.718,0.000
1.258,0.198,-1.922,-5.462,-4.537,6.589,-7.542,-17.286,0.000
1.589,-0.929,-0.075,-8.378,-4.388,5.806,-6.816,-17.641,0.000
2.406,-2.640,1.201,-11.411,-4.348,3.766,-6.193,-16.532,0.000
3.946,-4.429,2.135,-14.018,-4.145,1.491,-6.010,-14.084,0.000
6.163,-5.933,3.045,-15.726,-3.723,-0.184,-6.368,-10.869,0.000
8.594,-7.056,4.197,-16.167,-3.363,-0.952,-7.051,-7.889,0.000
10.589,-7.879,5.724,-15.143,-3.431,-0.924,-7.690,-6.170,0.000
11.673,-8.477,7.525,-12.793,-3.896,-0.351,-8.009,-6.145,0.000
11.687,-8.802,9.257,-9.652,-4.105,0.579,-7.937,-7.437,0.000
10.751,-8.707,10.504,-6.425,-3.170,1.794,-7.577,-9.247,0.000
9.250,-8.032,11.011,-3.753,-0.683,3.313,-7.150,-10.885,0.000
7.796,-6.652,10.767,-2.132,2.972,5.182,-6.951,-12.017,0.000
6.975,-4.536,9.947,-1.821,6.941,7.386,-7.201,-12.619,0.000
6.973,-1.907,8.897,-2.617,10.390,9.680,-7.810,-12.828,0.000
7.452,0.705,8.106,-3.795,12.732,11.510,-8.276,-12.817,0.000
7.826,2.654,8.027,-4.466,13.692,12.283,-7.952,-12.694,0.000
7.696,3.472,8.764,-4.090,13.382,11.819,-6.474,-12.428,0.000
7.036,2.955,9.968,-2.674,12.247,10.533,-3.935,-11.833,0.000
6.072,1.150,11.085,-0.601,10.842,9.122,-0.750,-10.695,0.000
5.061,-1.575,11.727,1.586,9.602,8.101,2.489,-8.979,0.000
4.174,-4.516,11.834,3.306,8.782,7.596,5.091,-6.923,0.000
3.482,-6.913,11.596,4.121,8.484,7.457,6.511,-4.889,0.000
3.020,-8.325,11.316,3.990,8.690,7.471,6.744,-3.165,0.000
2.840,-8.745,11.330,3.338,9.291,7.512,6.450,-1.885,0.000
2.990,-8.426,11.876,2.791,10.102,7.549,6.520,-1.042,0.000
3.409,-7.624,12.902,2.821,10.781,7.610,7.410,-0.516,0.000
3.874,-6.458,14.003,3.602,10.778,7.727,8.847,-0.109,0.000
4.113,-4.923,14.636,5.022,9.567,7.916,10.131,0.369,0.000
4.003,-2.989,14.437,6.657,7.094,8.161,10.623,0.985,0.000
3.657,-0.674,13.332,7.775,3.960,8.414,9.984,1.648,0.000
3.323,1.905,11.478,7.671,1.058,8.612,8.233,2.172,0.000
3.227,4.433,9.207,6.216,-0.965,8.675,5.864,2.372,0.000
3.491,6.340,6.986,4.073,-1.928,8.502,3.852,2.094,0.000
4.134,7.041,5.254,2.297,-2.016,8.026,3.216,1.288,0.000
5.072,6.335,4.194,1.766,-1.612,7.334,4.347,0.155,0.000
6.142,4.559,3.676,2.938,-1.174,6.731,6.763,-0.792,0.000
7.181,2.330,3.413,5.824,-1.059,6.590,9.534,-0.978,0.000
8.126,0.193,3.179,9.859,-1.310,7.113,11.877,-0.181,0.000
9.042,-1.530,2.917,13.896,-1.598,8.228,13.424,1.298,0.000
10.038,-2.752,2.715,16.670,-1.484,9.658,14.161,2.891,0.000
11.126,-3.608,2.742,17.453,-0.831,10.991,14.279,4.131,0.000
12.143,-4.402,3.203,16.265,0.016,11.705,14.038,4.836,0.000
12.845,-5.424,4.215,13.643,0.473,11.342,13.672,5.085,0.000
13.066,-6.678,5.553,10.427,0.133,9.797,13.347,5.190,0.000
12.782,-7.779,6.552,7.639,-1.053,7.401,13.172,5.641,0.000
12.061,-8.215,6.423,6.176,-2.850,4.690,13.194,6.870,0.000
10.991,-7.788,4.799,6.391,-4.829,2.082,13.344,8.877,0.000
9.643,-6.811,1.949,7.981,-6.430,-0.251,13.405,11.078,0.000
8.086,-5.902,-1.449,10.267,-7.094,-2.318,13.135,12.639,0.000
6.492,-5.663,-4.601,12.481,-6.413,-4.157,12.470,12.972,0.000
5.198,-6.536,-6.723,13.891,-4.134,-5.734,11.610,11.928,0.000
4.579,-8.682,-7.260,13.960,-0.192,-6.958,10.861,9.732,0.000
4.800,-11.706,-6.234,12.598,5.073,-7.771,10.367,6.923,0.000
5.731,-14.581,-4.338,10.216,10.829,-8.190,9.983,4.310,0.000
7.050,-16.119,-2.515,7.455,16.046,-8.284,9.408,2.660,0.000
8.383,-15.702,-1.398,4.872,19.870,-8.132,8.423,2.266,0.000
9.363,-13.555,-1.081,2.823,21.727,-7.797,7.016,2.804,0.000
9.701,-10.421,-1.312,1.456,21.366,-7.322,5.348,3.597,0.000
9.260,-7.145,-1.822,0.715,19.025,-6.759,3.708,3.955,0.000
8.060,-4.465,-2.504,0.381,15.449,-6.190,2.487,3.321,0.000
6.216,-2.884,-3.401,0.179,11.592,-5.694,2.052,1.428,0.000
3.942,-2.549,-4.561,-0.121,8.338,-5.285,2.565,-1.405,0.000
1.552,-3.270,-5.942,-0.677,6.416,-4.878,3.935,-4.169,0.000
-0.631,-4.670,-7.399,-1.554,6.257,-4.335,5.906,-5.665,0.000
-2.380,-6.246,-8.653,-2.658,7.669,-3.534,8.093,-5.247,0.000
-3.594,-7.387,-9.287,-3.717,9.742,-2.398,10.004,-3.113,0.000
-4.257,-7.550,-8.925,-4.400,11.363,-0.938,11.193,-0.013,0.000
-4.402,-6.569,-7.560,-4.516,11.982,0.658,11.517,3.114,0.000
-4.078,-4.764,-5.678,-4.079,11.918,1.984,11.216,5.326,0.000
-3.363,-2.697,-3.995,-3.281,11.944,2.587,10.711,5.920,0.000
-2.446,-0.874,-3.092,-2.480,12.574,2.258,10.334,4.797,0.000
-1.680,0.390,-3.258,-2.206,13.707,1.140,10.206,2.530,0.000
-1.441,0.968,-4.474,-2.948,14.816,-0.420,10.284,-0.013,0.000
-1.890,0.895,-6.312,-4.795,15.315,-2.065,10.479,-2.149,0.000
-2.875,0.313,-7.928,-7.310,14.755,-3.510,10.734,-3.560,0.000
-4.083,-0.586,-8.430,-9.796,12.938,-4.584,11.047,-4.194,0.000
-5.252,-1.552,-7.461,-11.683,10.085,-5.240,11.481,-4.066,0.000
-6.276,-2.258,-5.404,-12.682,6.859,-5.524,12.152,-3.122,0.000
-7.142,-2.404,-3.026,-12.787,4.015,-5.506,13.145,-1.282,0.000
-7.787,-1.925,-0.943,-12.303,1.935,-5.208,14.374,1.321,0.000
-7.995,-1.077,0.625,-11.809,0.457,-4.569,15.509,4.220,0.000
-7.496,-0.295,1.786,-11.906,-0.856,-3.528,16.149,6.780,0.000
-6.179,-0.018,2.824,-12.826,-2.291,-2.196,16.092,8.437,0.000
-4.202,-0.616,4.081,-14.299,-3.769,-0.938,15.438,8.785,0.000
-1.956,-2.275,5.802,-15.768,-5.007,-0.171,14.457,7.660,0.000
-0.089,-4.757,7.927,-16.681,-5.867,-0.017,13.387,5.334,0.000
0.469,-7.313,10.024,-16.614,-6.520,-0.151,12.328,2.574,0.000
-1.118,-9.030,11.557,-15.365,-7.297,-0.046,11.267,0.260,0.000
-4.897,-9.355,12.290,-13.128,-8.351,0.619,10.149,-1.171,0.000
-9.857,-8.287,12.449,-10.532,-9.494,1.767,8.938,-1.934,0.000
-14.484,-6.194,12.488,-8.339,-10.358,3.056,7.655,-2.582,0.000
-17.537,-3.594,12.705,-7.017,-10.722,4.096,6.441,-3.502,0.000
-18.356,-1.027,13.051,-6.586,-10.662,4.576,5.586,-4.657,0.000
-16.850,1.071,13.226,-6.766,-10.437,4.382,5.387,-5.711,0.000
-13.549,2.489,12.868,-7.163,-10.269,3.816,5.912,-6.281,0.000
-9.539,3.227,11.656,-7.375,-10.219,3.651,6.913,-6.075,0.000
-5.997,3.385,9.451,-7.048,-10.233,4.713,8.017,-4.988,0.000
-3.609,3.033,6.584,-5.891,-10.270,7.141,9.022,-3.268,0.000
-2.387,2.153,3.959,-3.639,-10.381,10.086,10.026,-1.548,0.000
-1.923,0.713,2.605,-0.134,-10.632,12.239,11.266,-0.522,0.000
-1.720,-1.123,2.961,4.376,-10.917,12.679,12.773,-0.438,0.000
-1.376,-2.883,4.590,9.112,-10.847,11.233,14.197,-0.901,0.000
-0.657,-3.985,6.555,13.107,-9.952,8.319,14.974,-1.207,0.000
0.438,-4.049,7.960,15.722,-8.053,4.756,14.631,-0.866,0.000
1.691,-3.030,8.193,16.844,-5.426,1.620,12.919,0.147,0.000
2.805,-1.166,6.995,16.756,-2.600,-0.129,9.876,1.524,0.000
3.549,1.008,4.532,16.004,-0.059,-0.150,6.024,2.830,0.000
3.807,2.674,1.362,15.297,1.888,1.141,2.441,3.633,0.000
3.552,3.076,-1.844,15.272,3.116,2.970,0.282,3.651,0.000
2.824,2.093,-4.615,16.192,3.648,4.721,0.036,2.958,0.000
1.707,0.455,-6.767,17.861,3.592,6.170,1.246,2.041,0.000
0.321,-0.702,-8.343,19.807,3.097,7.372,2.911,1.509,0.000
-1.110,-0.494,-9.549,21.472,2.378,8.414,4.039,1.669,0.000
-2.218,1.428,-10.688,22.286,1.745,9.257,3.903,2.355,0.000
-2.610,4.911,-12.020,21.815,1.518,9.779,2.174,3.157,0.000
-2.101,9.266,-13.541,20.021,1.878,9.945,-0.834,3.791,0.000
-0.787,13.291,-14.905,17.343,2.811,9.895,-4.135,4.282,0.000
1.030,15.731,-15.626,14.434,4.141,9.869,-6.559,4.843,0.000
2.908,15.923,-15.430,11.853,5.520,10.055,-7.417,5.616,0.000
4.285,13.994,-14.390,9.946,6.424,10.518,-6.751,6.526,0.000
4.699,10.581,-12.825,8.846,6.336,11.219,-5.047,7.329,0.000
4.149,6.557,-11.167,8.469,5.053,12.068,-2.853,7.727,0.000
3.231,2.886,-9.895,8.563,2.790,12.961,-0.573,7.425,0.000
2.781,0.386,-9.382,8.808,0.006,13.827,1.559,6.238,0.000
3.349,-0.577,-9.671,8.900,-2.781,14.683,3.404,4.288,0.000
4.967,-0.141,-10.408,8.564,-5.060,15.640,4.818,2.073,0.000
7.279,1.288,-11.059,7.599,-6.421,16.827,5.683,0.224,0.000
9.695,3.258,-11.193,5.990,-6.656,18.252,6.050,-0.832,0.000
11.482,5.384,-10.589,3.940,-5.759,19.734,6.206,-0.999,0.000
12.010,7.361,-9.207,1.775,-3.893,20.979,6.523,-0.451,0.000
11.123,8.911,-7.151,-0.156,-1.487,21.680,7.223,0.419,0.000
9.239,9.704,-4.626,-1.506,0.721,21.543,8.263,1.036,0.000
7.049,9.450,-1.896,-2.001,1.988,20.390,9.441,0.843,0.000
5.138,8.137,0.664,-1.576,2.069,18.390,10.563,-0.393,0.000
3.825,6.124,2.522,-0.394,1.411,16.137,11.529,-2.496,0.000
3.229,3.945,3.169,1.252,0.809,14.337,12.325,-5.071,0.000
3.396,2.047,2.486,3.030,0.891,13.313,12.963,-7.746,0.000
4.419,0.681,0.877,4.603,1.880,12.807,13.429,-10.269,0.000
6.377,-0.083,-0.984,5.706,3.666,12.248,13.673,-12.493,0.000
9.110,-0.330,-2.497,6.277,5.915,11.198,13.620,-14.275,0.000
12.096,-0.246,-3.286,6.477,8.160,9.569,13.179,-15.381,0.000
14.634,-0.022,-3.207,6.566,9.930,7.576,12.297,-15.570,0.000
16.109,0.248,-2.371,6.727,10.833,5.653,11.073,-14.796,0.000
16.085,0.594,-1.103,6.989,10.553,4.392,9.799,-13.301,0.000
14.387,1.087,0.241,7.280,8.923,4.306,8.809,-11.508,0.000
11.343,1.677,1.482,7.535,6.193,5.444,8.218,-9.915,0.000
7.853,2.118,2.683,7.754,3.141,7.266,7.819,-9.051,0.000
4.974,2.089,3.988,7.972,0.717,8.974,7.243,-9.275,0.000
3.334,1.418,5.315,8.183,-0.490,9.979,6.217,-10.392,0.000
2.916,0.182,6.203,8.295,-0.450,10.086,4.687,-11.513,0.000
3.273,-1.355,6.057,8.201,0.537,9.422,2.740,-11.541,0.000
3.818,-2.790,4.627,7.928,2.199,8.327,0.479,-9.967,0.000
3.973,-3.609,2.218,7.714,4.487,7.265,-2.048,-7.197,0.000
3.313,-3.423,-0.508,7.853,7.444,6.649,-4.819,-4.154,0.000
1.714,-2.408,-2.762,8.418,10.788,6.614,-7.680,-1.671,0.000
-0.621,-1.479,-3.741,9.136,13.682,6.946,-10.257,-0.213,0.000
-3.281,-1.757,-2.901,9.599,15.097,7.267,-12.095,0.128,0.000
-5.695,-3.695,-0.469,9.636,14.492,7.278,-12.918,-0.427,0.000
-7.125,-6.693,2.391,9.479,12.099,6.864,-12.725,-1.446,0.000
-6.910,-9.554,4.225,9.540,8.691,6.081,-11.711,-2.491,0.000
-4.915,-11.168,4.286,9.983,5.334,5.130,-10.173,-3.326,0.000
-1.687,-10.831,2.945,10.521,3.242,4.330,-8.464,-3.976,0.000
1.874,-8.380,1.210,10.645,3.339,3.961,-6.891,-4.581,0.000
4.948,-4.480,-0.015,10.078,5.505,4.017,-5.627,-5.186,0.000
6.965,-0.668,-0.302,8.988,8.320,4.117,-4.707,-5.636,0.000
7.676,1.409,0.312,7.803,9.879,3.769,-4.080,-5.714,0.000
7.292,1.180,1.413,6.890,9.019,2.833,-3.665,-5.416,0.000
6.471,-0.404,2.323,6.375,5.825,1.729,-3.383,-5.090,0.000
5.988,-1.632,2.421,6.173,1.232,1.149,-3.150,-5.214,0.000
6.280,-1.231,1.579,6.066,-3.513,1.581,-2.849,-6.015,0.000
7.274,1.101,0.305,5.769,-7.150,3.090,-2.309,-7.288,0.000
8.589,4.892,-0.641,5.061,-8.763,5.388,-1.401,-8.564,0.000
9.810,9.240,-0.838,3.968,-8.268,7.893,-0.257,-9.361,0.000
10.625,13.040,-0.453,2.816,-6.520,9.789,0.636,-9.303,0.000
10.882,15.383,0.008,2.059,-4.758,10.333,0.715,-8.198,0.000
10.632,16.044,0.143,2.017,-3.910,9.340,-0.167,-6.163,0.000
10.113,15.603,-0.134,2.780,-4.317,7.339,-1.527,-3.645,0.000
9.605,14.949,-0.641,4.248,-5.854,5.201,-2.601,-1.224,0.000
9.258,14.592,-1.079,6.133,-8.115,3.626,-2.908,0.608,0.000
9.018,14.358,-1.126,7.987,-10.543,2.919,-2.512,1.514,0.000
8.691,13.697,-0.556,9.343,-12.629,3.008,-1.842,1.325,0.000
8.028,12.249,0.586,9.922,-14.117,3.436,-1.383,0.130,0.000
6.773,10.123,1.934,9.684,-15.028,3.412,-1.500,-1.725,0.000
4.798,7.724,3.000,8.761,-15.497,2.223,-2.342,-3.761,0.000
2.417,5.409,3.429,7.417,-15.526,-0.094,-3.695,-5.476,0.000
0.511,3.307,3.097,6.020,-14.871,-2.477,-4.965,-6.360,0.000
0.104,1.368,2.077,4.919,-13.247,-3.510,-5.504,-6.004,0.000
1.638,-0.464,0.620,4.274,-10.810,-2.526,-5.103,-4.323,0.000
4.681,-2.132,-0.860,4.010,-8.370,-0.080,-4.192,-1.619,0.000
8.262,-3.520,-1.933,3.923,-6.956,2.579,-3.465,1.583,0.000
11.322,-4.628,-2.322,3.821,-7.053,4.367,-3.293,4.673,0.000
12.913,-5.649,-1.955,3.584,-8.276,4.772,-3.444,6.999,0.000
12.392,-6.844,-0.944,3.140,-9.731,3.828,-3.345,8.028,0.000
9.734,-8.275,0.361,2.385,-10.582,2.013,-2.558,7.610,0.000
5.580,-9.674,1.357,1.129,-10.325,0.114,-1.024,6.048,0.000
0.869,-10.611,1.443,-0.808,-8.848,-1.127,0.978,3.882,0.000
-3.533,-10.799,0.451,-3.365,-6.496,-1.455,2.880,1.648,0.000
-6.961,-10.229,-1.185,-6.124,-4.041,-1.233,3.877,-0.222,0.000
-8.992,-9.083,-2.712,-8.476,-2.289,-1.113,3.279,-1.478,0.000
-9.517,-7.608,-3.432,-9.855,-1.542,-1.557,1.109,-2.181,0.000
-8.692,-6.034,-2.875,-9.812,-1.403,-2.622,-1.682,-2.718,0.000
-6.801,-4.546,-0.902,-8.128,-1.139,-4.052,-3.758,-3.534,0.000
-4.176,-3.303,2.051,-5.084,-0.246,-5.420,-4.226,-4.724,0.000
-1.176,-2.495,4.905,-1.548,1.287,-6.206,-2.974,-5.848,0.000
1.853,-2.310,6.464,1.408,3.119,-5.975,-0.488,-6.214,0.000
4.561,-2.857,6.234,3.029,4.799,-4.625,2.376,-5.328,0.000
6.549,-4.127,4.737,3.060,5.892,-2.472,4.530,-3.104,0.000
7.483,-5.929,3.043,1.659,6.107,-0.074,5.045,0.197,0.000
7.339,-7.679,2.071,-0.650,5.451,1.912,3.701,3.981,0.000
6.498,-8.291,2.266,-3.042,4.248,2.789,1.161,7.346,0.000
5.548,-6.633,3.593,-4.715,2.970,2.043,-1.515,9.410,0.000
5.035,-2.356,5.541,-5.340,2.042,-0.209,-3.515,9.779,0.000
5.370,3.770,7.187,-5.213,1.779,-3.052,-4.546,8.697,0.000
6.758,10.350,7.582,-4.951,2.353,-5.254,-4.744,6.791,0.000
9.047,15.971,6.288,-5.076,3.711,-5.952,-4.509,4.800,0.000
11.699,19.459,3.564,-5.817,5.565,-4.930,-4.383,3.444,0.000
14.053,20.082,0.078,-7.097,7.524,-2.500,-4.831,3.229,0.000
15.689,17.910,-3.402,-8.510,9.234,0.582,-5.974,4.135,0.000
16.554,13.858,-6.151,-9.338,10.419,3.207,-7.505,5.529,0.000
16.828,9.175,-7.655,-8.880,10.921,4.339,-8.922,6.560,0.000
16.726,4.889,-7.878,-6.993,10.780,3.650,-9.833,6.734,0.000
16.383,1.608,-7.304,-4.291,10.248,1.722,-10.087,6.141,0.000
15.856,-0.416,-6.620,-1.753,9.611,-0.454,-9.692,5.204,0.000
15.200,-1.185,-6.294,-0.149,8.944,-2.213,-8.704,4.254,0.000
14.525,-0.818,-6.397,0.199,8.002,-3.534,-7.134,3.305,0.000
13.938,0.523,-6.709,-0.615,6.406,-4.782,-5.028,2.178,0.000
13.416,2.598,-6.888,-2.110,3.989,-6.177,-2.713,0.793,0.000
12.735,5.057,-6.573,-3.482,0.971,-7.503,-0.939,-0.648,0.000
11.603,7.513,-5.530,-3.958,-2.155,-8.278,-0.538,-1.770,0.000
9.899,9.643,-3.885,-3.329,-4.716,-8.134,-1.804,-2.222,0.000
7.780,11.194,-2.206,-2.137,-5.902,-7.012,-4.239,-1.779,0.000
5.555,11.989,-1.166,-1.243,-5.070,-5.136,-6.901,-0.394,0.000
3.475,11.931,-1.024,-1.176,-2.312,-2.974,-8.890,1.686,0.000
1.648,10.983,-1.406,-1.841,1.342,-1.198,-9.570,3.893,0.000
0.074,9.217,-1.633,-2.743,4.472,-0.427,-8.662,5.580,0.000
-1.254,7.030,-1.255,-3.383,6.071,-0.833,-6.399,6.360,0.000
-2.269,5.255,-0.300,-3.469,5.859,-2.021,-3.529,6.218,0.000
-2.883,4.803,0.887,-2.944,4.124,-3.331,-0.960,5.398,0.000
-3.124,6.064,1.944,-2.001,1.520,-4.257,0.670,4.278,0.000
-3.203,8.664,2.662,-1.037,-1.079,-4.635,1.141,3.297,0.000
-3.418,11.835,3.031,-0.459,-2.863,-4.542,0.577,2.834,0.000
-3.991,14.934,3.273,-0.428,-3.409,-4.126,-0.582,3.054,0.000
-4.985,17.696,3.819,-0.772,-2.743,-3.492,-1.631,3.870,0.000
-6.297,20.150,5.077,-1.140,-1.174,-2.686,-1.866,5.016,0.000
-7.601,22.400,7.050,-1.220,0.858,-1.765,-0.988,6.084,0.000
-8.325,24.450,9.192,-0.829,2.853,-0.858,0.763,6.520,0.000
-7.914,26.184,10.753,0.064,4.376,-0.136,2.833,5.816,0.000
-6.288,27.389,11.354,1.314,5.217,0.239,4.618,3.835,0.000
-4.020,27.775,11.223,2.594,5.420,0.143,5.585,0.930,0.000
-1.974,27.097,10.922,3.552,5.207,-0.449,5.375,-2.254,0.000
-0.778,25.372,10.885,4.023,4.932,-1.304,3.971,-4.983,0.000
-0.590,22.950,11.188,4.103,5.062,-1.867,1.719,-6.506,0.000
-1.228,20.309,11.611,4.036,5.995,-1.542,-0.855,-6.252,0.000
-2.370,17.785,11.781,4.056,7.742,-0.170,-3.221,-4.193,0.000
-3.691,15.468,11.268,4.309,9.804,1.770,-4.896,-0.947,0.000
-4.961,13.262,9.758,4.848,11.421,3.483,-5.538,2.573,0.000
-6.097,11.017,7.316,5.621,11.910,4.363,-5.116,5.583,0.000
-7.145,8.616,4.472,6.501,10.797,4.201,-3.940,7.592,0.000
-8.142,6.030,1.907,7.350,7.919,3.125,-2.453,8.417,0.000
-8.888,3.435,-0.003,8.113,3.691,1.496,-0.942,8.227,0.000
-8.840,1.253,-1.370,8.841,-0.804,-0.176,0.577,7.500,0.000
-7.407,-0.058,-2.537,9.582,-4.295,-1.424,2.242,6.782,0.000
-4.534,-0.347,-3.631,10.168,-6.015,-2.053,4.103,6.383,0.000
-0.948,0.098,-4.336,10.107,-5.943,-2.193,5.992,6.273,0.000
2.288,0.768,-4.146,8.849,-4.556,-2.180,7.600,6.227,0.000
4.461,1.262,-2.916,6.293,-2.526,-2.412,8.629,6.068,0.000
5.505,1.432,-1.118,3.018,-0.535,-3.294,8.861,5.790,0.000
5.786,1.321,0.437,-0.040,0.877,-5.108,8.238,5.543,0.000
5.731,1.031,1.086,-2.042,1.457,-7.754,7.037,5.595,0.000
5.606,0.626,0.526,-2.442,1.228,-10.660,5.930,6.305,0.000
5.470,0.129,-1.146,-1.103,0.387,-13.072,5.660,7.935,0.000
5.211,-0.420,-3.346,1.427,-0.750,-14.478,6.513,10.295,0.000
4.600,-0.924,-4.998,3.845,-1.772,-14.766,8.118,12.593,0.000
3.433,-1.311,-5.028,4.725,-2.294,-14.136,9.769,13.840,0.000
1.731,-1.720,-3.151,3.506,-2.151,-12.987,10.922,13.493,0.000
-0.191,-2.595,-0.164,0.877,-1.459,-11.840,11.426,11.719,0.000
-1.909,-4.419,2.622,-1.782,-0.530,-11.163,11.410,9.139,0.000
-3.165,-7.210,4.236,-3.220,0.200,-11.138,11.067,6.476,0.000
-3.972,-10.274,4.411,-2.690,0.211,-11.601,10.501,4.385,0.000
-4.484,-12.566,3.425,-0.037,-0.891,-12.195,9.694,3.296,0.000
-4.771,-13.217,1.820,4.103,-2.943,-12.555,8.523,3.226,0.000
-4.689,-11.768,0.205,8.308,-5.066,-12.389,6.790,3.759,0.000
-3.972,-8.269,-0.950,11.013,-6.155,-11.565,4.346,4.292,0.000
-2.429,-3.604,-1.530,11.444,-5.665,-10.289,1.313,4.319,0.000
-0.049,0.413,-1.802,9.937,-3.939,-9.161,-1.825,3.545,0.000
2.980,1.880,-2.166,7.473,-1.845,-8.880,-4.470,1.917,0.000
6.161,0.181,-2.773,5.042,-0.221,-9.753,-6.294,-0.232,0.000
8.638,-3.477,-3.368,3.332,0.390,-11.514,-7.376,-2.153,0.000
9.595,-6.975,-3.515,2.620,-0.188,-13.560,-7.994,-3.053,0.000
8.953,-8.632,-2.995,2.678,-1.693,-15.294,-8.263,-2.700,0.000
7.645,-7.815,-2.003,2.798,-3.455,-16.284,-7.952,-1.663,0.000
7.016,-4.798,-1.009,2.202,-4.702,-16.303,-6.733,-0.870,0.000
7.871,-0.546,-0.559,0.628,-4.930,-15.357,-4.736,-0.906,0.000
10.062,3.500,-1.167,-1.447,-4.025,-13.650,-2.821,-1.691,0.000
12.837,5.990,-3.136,-3.175,-2.187,-11.448,-2.090,-2.707,0.000
15.400,6.385,-6.192,-3.915,0.075,-8.978,-3.012,-3.414,0.000
17.215,5.167,-9.353,-3.485,1.963,-6.407,-5.037,-3.461,0.000
18.026,3.314,-11.414,-2.084,2.704,-3.859,-7.064,-2.753,0.000
17.784,1.607,-11.677,-0.186,2.041,-1.484,-8.217,-1.489,0.000
16.522,0.317,-10.236,1.555,0.410,0.494,-8.216,-0.131,0.000
14.317,-0.664,-7.716,2.526,-1.410,1.863,-7.298,0.839,0.000
11.402,-1.528,-4.952,2.437,-2.792,2.627,-6.048,1.248,0.000
8.253,-2.351,-2.813,1.399,-3.487,3.074,-5.259,1.347,0.000
5.438,-3.084,-1.946,-0.240,-3.591,3.630,-5.586,1.576,0.000
3.418,-3.617,-2.418,-2.035,-3.479,4.624,-7.050,2.192,0.000
2.478,-3.832,-3.627,-3.512,-3.734,6.189,-8.881,3.097,0.000
2.688,-3.642,-4.699,-4.300,-4.858,8.286,-10.009,3.992,0.000
3.789,-3.022,-5.013,-4.330,-6.813,10.712,-9.819,4.643,0.000
5.165,-2.002,-4.421,-3.883,-8.852,13.118,-8.462,5.015,0.000
6.139,-0.658,-3.157,-3.405,-9.969,15.116,-6.567,5.208,0.000
6.384,0.848,-1.733,-3.239,-9.604,16.392,-4.804,5.285,0.000
6.085,2.234,-0.854,-3.523,-7.952,16.713,-3.649,5.176,0.000
5.710,3.210,-1.123,-4.229,-5.690,15.958,-3.296,4.755,0.000
5.669,3.647,-2.562,-5.225,-3.599,14.224,-3.547,4.024,0.000
6.141,3.654,-4.428,-6.329,-2.366,11.861,-3.831,3.213,0.000
7.060,3.487,-5.641,-7.365,-2.417,9.342,-3.546,2.638,0.000
8.086,3.460,-5.384,-8.210,-3.658,7.132,-2.577,2.444,0.000
8.613,3.893,-3.354,-8.786,-5.437,5.655,-1.507,2.484,0.000
8.081,4.978,0.286,-9.013,-6.883,5.200,-1.197,2.414,0.000
6.496,6.532,4.897,-8.751,-7.352,5.719,-2.088,1.849,0.000
4.635,7.895,9.385,-7.753,-6.591,6.775,-3.888,0.443,0.000
3.587,8.275,12.575,-5.787,-4.655,7.775,-5.863,-1.974,0.000
4.015,7.324,13.682,-2.899,-1.859,8.297,-7.300,-5.112,0.000
5.847,5.365,12.432,0.466,1.283,8.216,-7.740,-8.108,0.000
8.503,3.115,8.982,3.689,4.210,7.624,-7.039,-9.972,0.000
11.211,1.283,3.988,6.286,6.426,6.729,-5.451,-10.303,0.000
13.184,0.378,-1.388,8.029,7.500,5.778,-3.609,-9.560,0.000
13.844,0.611,-5.885,8.877,7.156,4.975,-2.230,-8.644,0.000
13.147,1.710,-8.673,8.867,5.522,4.414,-1.743,-8.216,0.000
11.649,2.901,-9.494,8.023,3.206,4.063,-2.168,-8.380,0.000
10.124,3.298,-8.519,6.394,1.015,3.820,-3.281,-8.817,0.000
9.045,2.471,-6.223,4.268,-0.426,3.548,-4.828,-9.071,0.000
8.373,0.673,-3.291,2.287,-0.823,3.092,-6.640,-8.716,0.000
7.788,-1.447,-0.408,1.201,-0.212,2.316,-8.604,-7.500,0.000
7.107,-3.237,1.909,1.446,0.985,1.155,-10.505,-5.530,0.000
6.502,-4.222,3.335,2.988,1.965,-0.364,-11.916,-3.303,0.000
6.326,-4.195,3.730,5.481,1.924,-2.153,-12.336,-1.446,0.000
6.716,-3.330,3.221,8.455,0.650,-4.066,-11.465,-0.352,0.000
7.402,-2.182,2.213,11.420,-1.250,-5.894,-9.309,-0.053,0.000
7.881,-1.377,1.213,13.991,-2.813,-7.411,-6.156,-0.324,0.000
7.741,-1.182,0.623,15.988,-3.447,-8.418,-2.653,-0.804,0.000
6.812,-1.332,0.661,17.431,-3.255,-8.747,0.162,-1.075,0.000
5.163,-1.319,1.318,18.437,-2.783,-8.281,1.289,-0.793,0.000
3.099,-0.853,2.223,19.088,-2.579,-7.051,0.500,0.120,0.000
1.138,-0.091,2.600,19.377,-2.952,-5.266,-1.393,1.416,0.000
-0.195,0.525,1.662,19.249,-3.933,-3.249,-3.111,2.686,0.000
-0.641,0.573,-0.689,18.711,-5.261,-1.434,-3.773,3.571,0.000
-0.281,-0.210,-3.581,17.882,-6.419,-0.373,-3.278,3.843,0.000
0.601,-1.890,-5.735,16.907,-6.868,-0.551,-2.059,3.459,0.000
1.687,-4.276,-6.370,15.802,-6.358,-2.050,-0.648,2.685,0.000
2.706,-6.930,-5.592,14.385,-5.036,-4.412,0.576,2.129,0.000
3.445,-9.292,-4.072,12.416,-3.279,-6.897,1.412,2.428,0.000
3.735,-10.790,-2.519,9.884,-1.511,-8.778,1.741,3.719,0.000
3.404,-10.836,-1.393,7.147,-0.120,-9.462,1.412,5.430,0.000
2.367,-9.036,-0.858,4.724,0.596,-8.589,0.300,6.634,0.000
0.873,-5.671,-0.827,2.973,0.504,-6.243,-1.471,6.608,0.000
-0.380,-1.885,-1.059,1.946,-0.378,-2.982,-3.407,5.078,0.000
-0.562,0.882,-1.325,1.473,-1.936,0.455,-4.871,2.160,0.000
0.756,1.766,-1.602,1.276,-3.954,3.506,-5.439,-1.653,0.000
3.390,0.828,-2.131,1.062,-6.109,5.915,-5.057,-5.552,0.000
6.746,-1.220,-3.223,0.636,-8.053,7.673,-3.933,-8.713,0.000
10.068,-3.386,-4.905,0.063,-9.503,8.934,-2.404,-10.676,0.000
12.556,-4.603,-6.771,-0.281,-10.250,9.937,-0.846,-11.442,0.000
13.594,-4.079,-8.221,0.054,-10.190,10.893,0.449,-11.271,0.000
13.092,-1.842,-8.863,1.188,-9.406,11.875,1.409,-10.426,0.000
11.576,1.110,-8.679,2.738,-8.197,12.782,2.206,-9.034,0.000
9.828,3.429,-7.922,4.071,-6.962,13.434,3.066,-7.130,0.000
8.427,4.313,-6.965,4.674,-6.082,13.728,3.979,-4.853,0.000
7.556,3.885,-6.209,4.324,-5.883,13.703,4.562,-2.558,0.000
7.111,2.873,-5.939,3.071,-6.524,13.506,4.303,-0.708,0.000
6.889,2.155,-6.115,1.253,-7.758,13.354,3.014,0.325,0.000
6.710,2.506,-6.313,-0.536,-8.837,13.514,1.032,0.330,0.000
6.467,4.384,-5.989,-1.677,-8.894,14.195,-1.023,-0.708,0.000
6.130,7.599,-4.891,-1.843,-7.576,15.355,-2.626,-2.483,0.000
5.727,11.235,-3.235,-1.093,-5.297,16.625,-3.517,-4.335,0.000
5.286,14.142,-1.535,0.274,-2.880,17.508,-3.686,-5.527,0.000
4.785,15.621,-0.366,1.897,-1.009,17.688,-3.333,-5.643,0.000
4.126,15.679,-0.253,3.429,0.030,17.144,-2.804,-4.738,0.000
3.186,14.764,-1.491,4.585,0.327,16.056,-2.424,-3.194,0.000
1.908,13.369,-3.795,5.140,0.301,14.657,-2.275,-1.572,0.000
0.333,11.819,-6.179,4.903,0.615,13.155,-2.133,-0.543,0.000
-1.438,10.253,-7.449,3.798,1.853,11.702,-1.691,-0.687,0.000
-3.286,8.720,-6.969,2.140,4.006,10.430,-0.953,-2.193,0.000
-5.095,7.272,-4.955,0.759,6.276,9.490,-0.417,-4.778,0.000
-6.726,5.997,-2.129,0.621,7.571,9.023,-0.762,-7.881,0.000
-7.954,5.016,0.777,2.200,7.285,9.063,-2.294,-10.852,0.000
-8.408,4.479,3.267,5.214,5.628,9.496,-4.692,-13.012,0.000
-7.747,4.473,5.124,8.892,3.336,10.128,-7.238,-13.773,0.000
-6.012,4.834,6.365,12.285,1.250,10.757,-9.160,-12.804,0.000
-3.781,5.072,7.154,14.420,0.102,11.205,-9.784,-10.048,0.000
-1.879,4.608,7.679,14.605,0.352,11.338,-8.710,-5.669,0.000
-0.960,3.165,8.062,12.942,1.972,11.086,-6.139,-0.174,0.000
-1.331,0.935,8.334,10.476,4.419,10.429,-2.952,5.529,0.000
-2.912,-1.598,8.466,8.560,6.957,9.362,-0.280,10.421,0.000
-5.088,-3.871,8.413,7.908,9.022,7.874,1.085,13.732,0.000
-6.670,-5.340,8.133,8.196,10.355,5.942,0.903,15.047,0.000
-6.457,-5.629,7.601,8.521,10.929,3.565,-0.609,14.281,0.000
-4.155,-4.777,6.837,8.137,10.840,0.896,-2.845,11.788,0.000
-0.730,-3.295,5.919,6.838,10.215,-1.693,-4.877,8.353,0.000
2.279,-1.864,4.946,4.867,9.161,-3.747,-5.837,4.885,0.000
3.844,-0.900,3.991,2.733,7.778,-4.933,-5.482,2.057,0.000
3.915,-0.386,3.093,1.068,6.178,-5.104,-4.391,0.196,0.000
3.115,-0.019,2.262,0.419,4.491,-4.300,-3.525,-0.659,0.000
2.202,0.557,1.519,0.991,2.886,-2.816,-3.587,-0.734,0.000
1.748,1.607,0.912,2.599,1.595,-1.213,-4.735,-0.460,0.000
1.988,3.212,0.498,4.820,0.830,-0.086,-6.701,-0.316,0.000
2.659,5.085,0.283,7.100,0.636,0.268,-8.974,-0.654,0.000
3.004,6.514,0.196,8.783,0.833,-0.032,-10.925,-1.650,0.000
2.204,6.730,0.143,9.287,1.127,-0.630,-12.026,-3.282,0.000
0.051,5.509,0.085,8.384,1.263,-1.205,-12.131,-5.213,0.000
-2.800,3.415,0.076,6.282,1.090,-1.591,-11.548,-6.740,0.000
-5.304,1.381,0.206,3.436,0.583,-1.749,-10.774,-7.093,0.000
-6.785,0.065,0.481,0.345,-0.104,-1.666,-10.143,-5.924,0.000
-7.260,-0.434,0.770,-2.529,-0.622,-1.276,-9.674,-3.491,0.000
-7.202,-0.395,0.911,-4.865,-0.594,-0.485,-9.202,-0.415,0.000
-7.116,-0.124,0.907,-6.601,0.133,0.712,-8.639,2.608,0.000
-7.308,0.247,1.018,-7.939,1.392,2.175,-8.106,4.941,0.000
-7.823,0.754,1.601,-9.162,2.821,3.678,-7.779,6.133,0.000
-8.445,1.461,2.788,-10.370,4.026,4.984,-7.540,6.094,0.000
-8.726,2.367,4.348,-11.357,4.650,5.877,-6.805,5.103,0.000
-8.241,3.393,5.850,-11.770,4.480,6.235,-4.873,3.606,0.000
-6.955,4.400,6.933,-11.397,3.630,6.159,-1.630,2.010,0.000
-5.366,5.206,7.425,-10.293,2.605,6.022,2.139,0.606,0.000
-4.149,5.643,7.313,-8.704,2.043,6.258,5.235,-0.412,0.000
-3.581,5.634,6.688,-6.967,2.340,7.053,6.842,-0.864,0.000
-3.300,5.195,5.684,-5.450,3.509,8.198,6.878,-0.527,0.000
-2.641,4.401,4.445,-4.436,5.285,9.260,5.822,0.754,0.000
-1.248,3.335,3.167,-3.955,7.256,9.808,4.457,2.749,0.000
0.621,2.087,2.138,-3.734,8.934,9.525,3.699,4.701,0.000
2.332,0.758,1.665,-3.375,9.889,8.286,4.284,5.711,0.000
3.274,-0.465,1.924,-2.606,9.914,6.323,6.323,5.380,0.000
3.065,-1.268,2.921,-1.383,9.055,4.271,9.178,4.082,0.000
1.632,-1.349,4.521,0.151,7.504,2.850,11.900,2.627,0.000
-0.635,-0.691,6.459,1.711,5.507,2.394,13.827,1.750,0.000
-2.866,0.326,8.343,2.894,3.328,2.661,14.817,1.867,0.000
-4.109,1.158,9.778,3.321,1.215,3.091,15.054,3.026,0.000
-3.921,1.460,10.535,2.853,-0.585,3.179,14.691,4.842,0.000
-2.587,1.237,10.595,1.658,-1.789,2.660,13.649,6.513,0.000
-0.797,0.730,10.077,0.088,-2.175,1.521,11.763,7.169,0.000
0.785,0.211,9.190,-1.437,-1.792,0.008,9.207,6.361,0.000
1.732,-0.129,8.196,-2.480,-1.048,-1.399,6.712,4.223,0.000
1.882,-0.217,7.326,-2.697,-0.499,-2.217,5.232,1.305,0.000
1.360,-0.124,6.685,-2.023,-0.538,-2.282,5.333,-1.578,0.000
0.525,-0.047,6.221,-0.721,-1.269,-1.859,6.932,-3.407,0.000
-0.170,-0.198,5.800,0.791,-2.538,-1.428,9.456,-3.332,0.000
-0.297,-0.659,5.293,2.147,-3.954,-1.363,11.992,-1.302,0.000
0.520,-1.319,4.627,3.110,-4.914,-1.795,13.385,1.701,0.000
2.521,-1.940,3.770,3.558,-4.880,-2.639,12.630,4.238,0.000
5.580,-2.229,2.712,3.433,-3.841,-3.644,9.529,5.211,0.000
9.111,-1.850,1.448,2.696,-2.487,-4.428,4.898,4.197,0.000
12.342,-0.499,-0.025,1.352,-1.776,-4.621,0.053,1.349,0.000
14.665,1.976,-1.677,-0.388,-2.250,-4.054,-3.858,-2.677,0.000
15.766,5.533,-3.419,-2.026,-3.734,-2.814,-6.107,-6.831,0.000
15.613,9.911,-5.124,-2.963,-5.578,-1.150,-6.418,-10.067,0.000
14.500,14.420,-6.628,-2.800,-7.017,0.619,-5.028,-11.845,0.000
13.015,17.819,-7.725,-1.447,-7.345,2.129,-2.615,-12.267,0.000
11.787,18.832,-8.243,0.892,-6.123,3.058,0.028,-11.790,0.000
11.137,17.050,-8.199,3.635,-3.491,3.222,2.375,-10.853,0.000
10.958,13.275,-7.852,5.806,-0.253,2.593,4.281,-9.692,0.000
10.893,8.966,-7.533,6.455,2.576,1.274,5.868,-8.358,0.000
10.592,5.485,-7.369,5.377,4.393,-0.462,7.351,-6.855,0.000
9.837,3.757,-7.163,3.374,5.247,-2.152,8.924,-5.236,0.000
8.560,4.144,-6.554,1.703,5.594,-3.302,10.679,-3.599,0.000
6.873,6.199,-5.286,1.215,5.912,-3.636,12.493,-2.048,0.000
5.050,8.666,-3.352,1.980,6.493,-3.177,13.987,-0.671,0.000
3.384,10.099,-0.952,3.492,7.401,-2.170,14.712,0.478,0.000
2.007,9.732,1.512,4.999,8.454,-1.041,14.449,1.387,0.000
0.818,7.790,3.453,5.703,9.258,-0.369,13.310,2.075,0.000
-0.401,5.076,4.345,5.034,9.443,-0.681,11.598,2.575,0.000
-1.812,2.369,4.110,3.042,9.043,-2.133,9.599,2.929,0.000
-3.436,0.136,3.257,0.501,8.636,-4.388,7.490,3.186,0.000
-5.182,-1.464,2.502,-1.599,8.973,-6.862,5.345,3.396,0.000
-6.887,-2.442,2.167,-2.794,10.350,-9.017,3.213,3.598,0.000
-8.336,-2.846,1.916,-3.454,12.329,-10.487,1.183,3.819,0.000
-9.312,-2.718,1.088,-4.353,14.079,-11.086,-0.644,4.067,0.000
-9.631,-2.163,-0.675,-5.924,14.923,-10.813,-2.250,4.327,0.000
-9.139,-1.400,-3.122,-7.892,14.590,-9.808,-3.731,4.553,0.000
-7.771,-0.715,-5.594,-9.543,13.163,-8.303,-5.207,4.704,0.000
-5.729,-0.398,-7.354,-10.226,10.991,-6.665,-6.645,4.793,0.000
-3.562,-0.720,-7.750,-9.600,8.594,-5.439,-7.759,4.915,0.000
-1.917,-1.836,-6.421,-7.645,6.457,-5.151,-8.172,5.180,0.000
-1.171,-3.559,-3.671,-4.672,4.804,-5.964,-7.717,5.602,0.000
-1.277,-5.288,-0.579,-1.262,3.545,-7.538,-6.562,6.052,0.000
-1.905,-6.294,1.560,1.970,2.479,-9.279,-5.089,6.318,0.000
-2.614,-6.200,2.060,4.633,1.615,-10.667,-3.724,6.219,0.000
-2.948,-5.159,1.171,6.615,1.324,-11.411,-2.852,5.648,0.000
-2.545,-3.650,-0.307,7.942,2.079,-11.454,-2.703,4.603,0.000
-1.280,-2.186,-1.582,8.541,3.921,-10.995,-3.158,3.261,0.000
0.711,-1.164,-2.149,8.108,6.219,-10.457,-3.692,2.005,0.000
3.138,-0.776,-1.837,6.304,8.002,-10.278,-3.674,1.233,0.000
5.634,-0.879,-0.809,3.213,8.496,-10.635,-2.827,1.040,0.000
7.766,-0.981,0.512,-0.447,7.346,-11.331,-1.425,1.100,0.000
9.147,-0.528,1.655,-3.655,4.600,-11.946,-0.045,0.917,0.000
9.590,0.647,2.359,-5.579,0.728,-12.016,0.795,0.254,0.000
9.148,2.144,2.642,-5.771,-3.418,-11.108,0.804,-0.668,0.000
8.038,3.296,2.691,-4.224,-6.962,-8.970,-0.045,-1.381,0.000
6.595,3.645,2.715,-1.567,-9.472,-5.830,-1.451,-1.538,0.000
5.247,3.151,2.860,0.905,-11.105,-2.505,-2.797,-1.089,0.000
4.382,2.071,3.177,1.845,-12.309,-0.003,-3.419,-0.219,0.000
4.133,0.752,3.556,0.826,-13.375,1.089,-2.997,0.769,0.000
4.310,-0.491,3.723,-1.284,-14.202,0.836,-1.701,1.536,0.000
4.520,-1.454,3.363,-3.001,-14.446,-0.263,-0.020,1.859,0.000
4.303,-2.097,2.344,-3.275,-13.841,-1.566,1.409,1.837,0.000
3.183,-2.525,0.797,-1.961,-12.356,-2.450,1.885,1.968,0.000
0.831,-2.861,-0.968,0.446,-10.182,-2.456,0.863,2.834,0.000
-2.608,-3.063,-2.558,3.288,-7.729,-1.479,-1.640,4.578,0.000
-6.396,-2.846,-3.535,6.026,-5.602,0.216,-4.917,6.686,0.000
-9.569,-1.888,-3.568,8.348,-4.350,2.229,-7.945,8.321,0.000
-11.470,-0.225,-2.727,10.178,-4.068,4.308,-9.886,8.879,0.000
-11.954,1.564,-1.568,11.588,-4.252,6.470,-10.278,8.219,0.000
-11.246,2.692,-0.796,12.653,-4.136,8.863,-9.052,6.555,0.000
-9.774,2.703,-0.697,13.275,-3.196,11.483,-6.638,4.288,0.000
-8.042,1.711,-0.909,13.116,-1.375,14.021,-3.952,1.885,0.000
-6.477,0.167,-0.747,11.809,1.015,16.017,-1.992,-0.255,0.000
-5.294,-1.511,0.231,9.391,3.408,17.146,-1.252,-1.921,0.000
-4.473,-3.130,1.956,6.476,5.055,17.331,-1.527,-3.091,0.000
-3.900,-4.723,4.002,3.910,5.322,16.694,-2.200,-3.844,0.000
-3.545,-6.456,5.867,2.224,4.165,15.502,-2.653,-4.282,0.000
-3.547,-8.544,7.113,1.406,2.292,14.111,-2.472,-4.482,0.000
-4.096,-11.112,7.468,1.118,0.732,12.816,-1.513,-4.508,0.000
-5.162,-13.942,6.934,1.045,0.209,11.642,0.011,-4.466,0.000
-6.370,-16.379,5.784,1.107,0.887,10.281,1.535,-4.527,0.000
-7.182,-17.659,4.406,1.398,2.504,8.335,2.415,-4.839,0.000
-7.204,-17.472,3.149,2.001,4.583,5.734,2.310,-5.322,0.000
-6.306,-16.172,2.279,2.867,6.555,2.929,1.312,-5.583,0.000
-4.555,-14.485,1.969,3.816,7.938,0.581,-0.240,-5.153,0.000
-2.134,-13.076,2.284,4.564,8.518,-0.975,-2.018,-3.911,0.000
0.727,-12.347,3.185,4.731,8.378,-1.955,-3.832,-2.268,0.000
3.768,-12.393,4.519,3.990,7.759,-2.837,-5.610,-0.891,0.000
6.618,-12.937,5.880,2.320,6.936,-3.816,-7.298,-0.245,0.000
8.715,-13.351,6.542,0.091,6.157,-4.527,-8.774,-0.389,0.000
9.524,-12.997,5.779,-2.119,5.600,-4.337,-9.881,-1.059,0.000
8.974,-11.733,3.469,-3.749,5.333,-2.942,-10.525,-1.806,0.000
7.628,-10.120,0.338,-4.333,5.308,-0.652,-10.708,-2.092,0.000
6.372,-9.007,-2.485,-3.599,5.387,1.863,-10.494,-1.521,0.000
5.964,-8.876,-4.122,-1.676,5.334,3.988,-9.948,-0.236,0.000
6.845,-9.550,-4.232,0.849,4.798,5.377,-9.102,0.944,0.000
9.077,-10.440,-2.963,3.204,3.432,5.965,-7.964,0.999,0.000
12.171,-10.951,-0.932,4.786,1.120,5.967,-6.585,-0.522,0.000
15.058,-10.698,0.839,5.281,-1.942,5.809,-5.100,-3.179,0.000
16.566,-9.549,1.356,4.639,-5.367,5.922,-3.678,-6.030,0.000
16.141,-7.659,0.274,3.078,-8.691,6.477,-2.463,-8.230,0.000
14.110,-5.439,-1.886,1.054,-11.410,7.293,-1.547,-9.300,0.000
11.321,-3.343,-4.182,-0.901,-13.089,8.023,-0.964,-9.127,0.000
8.689,-1.627,-5.867,-2.322,-13.525,8.418,-0.673,-7.922,0.000
6.974,-0.273,-6.671,-2.833,-12.771,8.446,-0.561,-6.122,0.000
6.614,0.900,-6.732,-2.193,-11.066,8.250,-0.478,-4.178,0.000
7.478,2.062,-6.459,-0.441,-8.851,8.072,-0.257,-2.344,0.000
8.818,3.283,-6.430,2.068,-6.767,8.206,0.282,-0.622,0.000
9.684,4.563,-7.134,4.810,-5.430,8.870,1.252,1.091,0.000
9.475,5.888,-8.628,7.220,-5.052,9.983,2.521,2.749,0.000
8.151,7.277,-10.409,8.730,-5.319,11.085,3.637,4.031,0.000
6.101,8.757,-11.709,8.892,-5.675,11.577,4.089,4.532,0.000
4.010,10.274,-11.892,7.641,-5.756,11.089,3.741,4.143,0.000
2.775,11.646,-10.615,5.353,-5.588,9.632,3.032,3.217,0.000
3.146,12.647,-7.870,2.604,-5.446,7.503,2.666,2.324,0.000
5.130,13.166,-4.165,-0.136,-5.566,5.189,3.131,1.853,0.000
7.772,13.264,-0.571,-2.619,-5.984,3.315,4.465,1.826,0.000
9.732,13.122,1.723,-4.742,-6.541,2.425,6.349,2.009,0.000
10.145,12.964,2.073,-6.360,-6.901,2.653,8.216,2.098,0.000
8.993,13.015,0.607,-7.151,-6.586,3.616,9.326,1.840,0.000
6.866,13.397,-2.034,-6.769,-5.196,4.680,9.013,1.111,0.000
4.663,13.935,-4.993,-5.194,-2.807,5.295,7.070,0.022,0.000
3.399,14.090,-7.354,-2.893,-0.130,5.139,3.852,-1.050,0.000
3.850,13.258,-8.419,-0.587,1.905,4.131,0.023,-1.658,0.000
5.996,11.315,-8.117,1.079,2.793,2.460,-3.740,-1.541,0.000
8.845,8.842,-7.113,1.683,2.715,0.566,-6.853,-0.722,0.000
11.016,6.741,-6.359,1.110,2.274,-1.055,-8.924,0.596,0.000
11.556,5.621,-6.445,-0.240,2.063,-2.085,-9.877,2.147,0.000
10.264,5.526,-7.330,-1.401,2.453,-2.458,-9.950,3.676,0.000
7.507,6.053,-8.568,-1.313,3.540,-2.264,-9.503,5.033,0.000
3.982,6.537,-9.671,0.429,5.115,-1.639,-8.788,6.316,0.000
0.562,6.165,-10.307,3.290,6.691,-0.690,-7.862,7.905,0.000
-1.992,4.268,-10.360,6.281,7.743,0.494,-6.655,10.234,0.000
-3.364,0.804,-9.960,8.701,8.025,1.753,-5.141,13.363,0.000
-3.753,-3.489,-9.462,10.475,7.676,2.796,-3.432,16.793,0.000
-3.619,-7.493,-9.256,11.942,7.048,3.285,-1.702,19.751,0.000
-3.352,-10.237,-9.526,13.411,6.467,2.993,-0.058,21.620,0.000
-3.131,-11.088,-10.170,14.903,6.114,1.866,1.526,22.116,0.000
-2.960,-9.820,-10.917,16.191,6.052,-0.002,3.144,21.247,0.000
-2.791,-6.820,-11.508,16.975,6.277,-2.318,4.817,19.284,0.000
-2.606,-3.115,-11.767,16.981,6.782,-4.580,6.407,16.691,0.000
-2.436,0.110,-11.635,16.071,7.549,-6.249,7.677,13.963,0.000
-2.351,2.159,-11.213,14.412,8.482,-6.981,8.389,11.480,0.000
-2.447,3.055,-10.760,12.516,9.368,-6.700,8.344,9.478,0.000
-2.774,3.261,-10.549,10.962,9.951,-5.548,7.454,8.058,0.000
-3.209,3.253,-10.644,9.980,10.077,-3.899,5.903,7.143,0.000
-3.396,3.298,-10.809,9.284,9.744,-2.348,4.203,6.483,0.000
-2.939,3.423,-10.694,8.346,9.049,-1.465,2.918,5.773,0.000
-1.743,3.457,-10.149,6.840,8.130,-1.396,2.220,4.809,0.000
-0.158,3.086,-9.366,4.855,7.126,-1.726,1.716,3.553,0.000
1.253,2.034,-8.724,2.773,6.148,-1.786,0.760,2.083,0.000
2.076,0.334,-8.513,1.067,5.266,-1.147,-0.999,0.534,0.000
2.198,-1.570,-8.804,0.188,4.527,0.158,-3.356,-0.927,0.000
1.755,-3.064,-9.448,0.375,3.963,1.756,-5.734,-2.139,0.000
1.054,-3.709,-10.058,1.308,3.603,3.118,-7.454,-2.952,0.000
0.502,-3.383,-10.016,1.985,3.479,3.662,-7.873,-3.207,0.000
0.440,-2.212,-8.778,1.242,3.595,2.989,-6.591,-2.763,0.000
0.892,-0.497,-6.412,-1.386,3.841,1.291,-3.833,-1.565,0.000
1.489,1.335,-3.805,-5.310,3.961,-0.514,-0.568,0.329,0.000
1.760,2.863,-2.127,-9.344,3.693,-1.297,1.982,2.733,0.000
1.624,3.787,-1.952,-12.365,3.029,-0.557,3.052,5.236,0.000
1.596,3.952,-2.881,-13.607,2.324,1.242,2.609,7.140,0.000
2.413,3.338,-3.965,-12.771,2.067,3.136,1.148,7.775,0.000
4.325,2.137,-4.376,-10.219,2.469,4.397,-0.543,7.062,0.000
6.784,0.780,-3.746,-6.970,3.290,4.891,-1.523,5.736,0.000
8.843,-0.207,-2.146,-4.191,4.031,4.922,-0.996,4.848,0.000
9.853,-0.362,-0.027,-2.513,4.268,4.912,1.246,4.976,0.000
9.780,0.661,1.880,-1.781,3.805,5.189,4.706,5.864,0.000
9.003,3.018,2.898,-1.388,2.693,5.889,8.543,6.738,0.000
7.933,6.440,2.878,-0.769,1.261,6.848,12.017,6.824,0.000
6.790,10.148,2.353,0.346,0.101,7.610,14.674,5.620,0.000
5.613,13.169,2.152,1.933,-0.232,7.687,16.342,2.993,0.000
4.409,14.758,2.812,3.719,0.295,6.963,17.099,-0.642,0.000
3.272,14.541,4.320,5.248,1.008,5.849,17.205,-4.305,0.000
2.395,12.527,6.299,6.101,0.945,4.987,16.948,-6.896,0.000
2.039,9.246,8.296,6.217,-0.450,4.789,16.512,-7.835,0.000
2.505,5.779,9.943,5.996,-3.030,5.229,15.921,-7.279,0.000
3.941,3.304,11.035,6.028,-6.154,6.002,15.114,-5.797,0.000
5.928,2.453,11.604,6.671,-8.969,6.779,14.044,-3.928,0.000
7.306,3.081,11.899,7.863,-10.560,7.357,12.740,-1.952,0.000
6.771,4.554,12.229,9.275,-10.251,7.688,11.281,0.075,0.000
3.923,6.113,12.759,10.530,-8.107,7.899,9.761,2.140,0.000
-0.304,7.051,13.424,11.321,-5.084,8.271,8.273,4.138,0.000
-4.272,6.873,14.011,11.455,-2.469,9.111,6.897,5.860,0.000
-6.587,5.491,14.245,10.888,-1.064,10.598,5.699,7.007,0.000
-6.516,3.246,13.838,9.698,-0.870,12.717,4.751,7.197,0.000
-4.033,0.655,12.573,8.049,-1.381,15.277,4.088,6.138,0.000
0.054,-1.855,10.488,6.235,-2.068,17.835,3.614,3.989,0.000
4.135,-4.049,7.926,4.707,-2.645,19.648,3.066,1.499,0.000
6.515,-5.834,5.345,3.890,-3.083,19.991,2.161,-0.369,0.000
6.431,-7.128,3.057,3.829,-3.509,18.706,0.879,-0.991,0.000
4.399,-7.771,1.127,4.053,-4.113,16.409,-0.417,-0.311,0.000
1.638,-7.598,-0.539,3.856,-5.017,14.077,-1.229,1.304,0.000
-0.743,-6.659,-2.023,2.735,-6.104,12.430,-1.346,3.227,0.000
-2.131,-5.313,-3.301,0.583,-6.959,11.656,-1.032,4.669,0.000
-2.409,-4.033,-4.277,-2.387,-7.105,11.550,-0.788,4.956,0.000
-1.887,-3.094,-4.904,-5.727,-6.396,11.742,-0.931,3.940,0.000
-1.190,-2.441,-5.245,-8.820,-5.179,11.856,-1.390,2.119,0.000
-0.948,-1.867,-5.444,-11.132,-4.043,11.621,-1.814,0.306,0.000
-1.418,-1.328,-5.687,-12.591,-3.448,10.951,-1.771,-0.797,0.000
-2.372,-1.126,-6.176,-13.703,-3.555,9.935,-0.863,-0.787,0.000
-3.357,-1.698,-7.050,-15.192,-4.287,8.742,1.132,0.410,0.000
-4.084,-3.193,-8.263,-17.416,-5.424,7.523,3.999,2.427,0.000
-4.606,-5.270,-9.533,-20.102,-6.682,6.388,6.997,4.455,0.000
-5.163,-7.312,-10.475,-22.571,-7.834,5.407,9.216,5.627,0.000
-5.867,-8.778,-10.786,-24.065,-8.829,4.625,10.104,5.591,0.000
-6.542,-9.354,-10.320,-23.896,-9.827,4.091,9.659,4.733,0.000
-6.851,-8.956,-9.082,-21.653,-11.032,3.842,8.263,3.832,0.000
-6.561,-7.711,-7.277,-17.606,-12.409,3.862,6.492,3.568,0.000
-5.677,-5.903,-5.323,-12.822,-13.552,4.064,4.999,4.284,0.000
-4.389,-3.833,-3.659,-8.654,-13.926,4.308,4.318,5.963,0.000
-2.996,-1.682,-2.498,-6.019,-13.293,4.389,4.596,8.153,0.000
-1.862,0.514,-1.729,-5.139,-11.891,4.032,5.521,9.979,0.000
-1.295,2.745,-1.080,-5.698,-10.226,2.989,6.569,10.511,0.000
-1.381,4.806,-0.365,-7.019,-8.740,1.235,7.317,9.327,0.000
-1.943,6.167,0.394,-8.188,-7.649,-0.947,7.566,6.697,0.000
-2.675,6.250,1.004,-8.360,-6.981,-3.108,7.291,3.297,0.000
-3.307,4.955,1.199,-7.147,-6.660,-4.786,6.522,-0.140,0.000
-3.676,2.891,0.690,-4.717,-6.599,-5.573,5.265,-2.991,0.000
-3.728,1.005,-0.679,-1.563,-6.733,-5.243,3.553,-4.857,0.000
-3.531,0.034,-2.607,1.753,-7.012,-4.044,1.633,-5.713,0.000
-3.261,0.261,-4.213,4.702,-7.376,-2.792,0.082,-5.911,0.000
-3.122,1.563,-4.466,6.882,-7.767,-2.440,-0.454,-5.969,0.000
-3.242,3.448,-2.911,8.109,-8.152,-3.382,0.272,-6.331,0.000
-3.642,5.124,0.040,8.397,-8.532,-5.164,1.918,-7.276,0.000
-4.199,5.846,3.485,7.885,-8.931,-6.871,3.814,-8.895,0.000
-4.554,5.418,6.565,6.817,-9.353,-7.727,5.338,-10.998,0.000
-4.057,4.367,8.720,5.523,-9.759,-7.365,6.083,-13.097,0.000
-2.081,3.531,9.736,4.312,-10.088,-5.815,5.880,-14.641,0.000
1.380,3.435,9.789,3.302,-10.285,-3.477,4.806,-15.364,0.000
5.459,4.015,9.384,2.370,-10.316,-1.044,3.126,-15.406,0.000
8.857,4.824,9.087,1.267,-10.180,0.767,1.172,-15.110,0.000
10.474,5.382,9.199,-0.187,-9.937,1.551,-0.748,-14.702,0.000
9.660,5.365,9.645,-2.013,-9.716,1.309,-2.352,-14.128,0.000
6.292,4.644,10.133,-4.108,-9.629,0.317,-3.410,-13.177,0.000
1.016,3.301,10.410,-6.287,-9.627,-0.992,-3.774,-11.744,0.000
-4.700,1.584,10.367,-8.300,-9.436,-2.090,-3.376,-9.975,0.000
-9.172,-0.246,10.023,-9.881,-8.728,-2.526,-2.244,-8.188,0.000
-11.303,-2.087,9.452,-10.767,-7.428,-2.193,-0.621,-6.741,0.000
-10.852,-4.049,8.732,-10.673,-5.858,-1.408,0.983,-5.965,0.000
-8.233,-6.313,7.920,-9.399,-4.517,-0.683,2.011,-6.029,0.000
-4.371,-8.863,7.061,-7.094,-3.747,-0.400,2.209,-6.694,0.000
-0.593,-11.356,6.204,-4.361,-3.580,-0.671,1.754,-7.227,0.000
1.828,-13.293,5.394,-1.984,-3.830,-1.391,1.066,-6.781,0.000
2.289,-14.313,4.636,-0.526,-4.253,-2.322,0.523,-5.038,0.000
1.040,-14.304,3.885,-0.174,-4.647,-3.156,0.330,-2.462,0.000
-1.154,-13.340,3.077,-0.783,-4.890,-3.619,0.542,0.068,0.000
-3.400,-11.587,2.186,-1.891,-4.965,-3.606,1.137,1.826,0.000
-4.850,-9.235,1.254,-2.754,-4.941,-3.215,2.086,2.496,0.000
-4.933,-6.437,0.379,-2.628,-4.927,-2.670,3.373,2.148,0.000
-3.697,-3.302,-0.279,-1.186,-5.043,-2.267,4.939,1.186,0.000
-1.901,0.073,-0.499,1.347,-5.418,-2.355,6.646,0.278,0.000
-0.535,3.517,-0.082,4.413,-6.177,-3.238,8.286,0.042,0.000
-0.133,6.562,0.995,7.375,-7.404,-4.993,9.559,0.616,0.000
-0.490,8.319,2.514,9.628,-9.145,-7.408,10.055,1.499,0.000
-0.956,7.872,4.159,10.721,-11.377,-10.084,9.419,1.930,0.000
-0.922,5.030,5.693,10.556,-13.921,-12.504,7.685,1.468,0.000
-0.062,0.626,7.041,9.404,-16.392,-14.044,5.397,0.243,0.000
1.634,-3.988,8.250,7.715,-18.312,-14.173,3.315,-1.277,0.000
3.814,-7.655,9.410,5.894,-19.272,-12.820,1.969,-2.682,0.000
5.789,-9.712,10.605,4.220,-18.963,-10.497,1.483,-3.820,0.000
6.838,-10.008,11.865,2.816,-17.228,-8.001,1.694,-4.746,0.000
6.646,-8.941,13.102,1.630,-14.224,-6.044,2.337,-5.536,0.000
5.447,-7.388,14.092,0.448,-10.474,-5.101,3.173,-6.178,0.000
3.771,-6.285,14.594,-0.967,-6.647,-5.367,4.068,-6.595,0.000
2.094,-6.091,14.578,-2.676,-3.322,-6.664,5.055,-6.783,0.000
0.685,-6.604,14.304,-4.478,-0.911,-8.444,6.324,-6.887,0.000
-0.385,-7.264,14.150,-6.052,0.368,-10.049,8.038,-7.128,0.000
-1.149,-7.597,14.313,-7.186,0.578,-11.014,9.990,-7.654,0.000
-1.662,-7.426,14.676,-7.869,0.059,-11.172,11.448,-8.471,0.000
-1.927,-6.802,14.936,-8.217,-0.734,-10.579,11.537,-9.474,0.000
-1.803,-5.838,14.814,-8.347,-1.369,-9.437,9.934,-10.495,0.000
-0.978,-4.601,14.164,-8.300,-1.490,-8.044,7.149,-11.340,0.000
0.818,-3.094,12.991,-8.087,-0.872,-6.719,4.166,-11.878,0.000
3.384,-1.328,11.485,-7.821,0.451,-5.792,1.917,-12.194,0.000
5.854,0.624,10.019,-7.795,2.158,-5.619,1.041,-12.633,0.000
7.165,2.616,8.970,-8.335,3.799,-6.468,1.789,-13.578,0.000
6.836,4.396,8.452,-9.515,5.005,-8.222,3.848,-15.052,0.000
5.299,5.577,8.226,-11.024,5.557,-10.267,6.336,-16.543,0.000
3.503,5.805,7.918,-12.361,5.396,-11.792,8.216,-17.331,0.000
2.313,5.056,7.379,-13.136,4.675,-12.252,8.860,-17.053,0.000
2.215,3.748,6.855,-13.196,3.756,-11.551,8.241,-15.944,0.000
3.298,2.470,6.781,-12.565,3.062,-9.929,6.745,-14.554,0.000
5.232,1.584,7.400,-11.339,2.889,-7.824,4.955,-13.266,0.000
7.331,1.047,8.575,-9.596,3.348,-5.788,3.520,-12.055,0.000
8.853,0.588,9.885,-7.366,4.391,-4.302,2.927,-10.611,0.000
9.368,0.020,10.743,-4.656,5.822,-3.560,3.155,-8.627,0.000
8.865,-0.593,10.466,-1.487,7.304,-3.427,3.577,-5.959,0.000
7.610,-1.007,8.549,2.033,8.470,-3.617,3.377,-2.674,0.000
5.980,-0.987,5.178,5.523,9.055,-3.952,2.234,0.886,0.000
4.389,-0.397,1.421,8.229,8.924,-4.478,0.602,4.080,0.000
3.163,0.729,-1.381,9.362,8.076,-5.361,-0.690,6.219,0.000
2.411,2.063,-2.563,8.697,6.703,-6.678,-1.125,6.931,0.000
1.991,2.941,-2.519,6.808,5.206,-8.297,-0.829,6.268,0.000
1.654,2.686,-2.202,4.697,4.034,-9.971,-0.365,4.530,0.000
1.223,1.175,-2.277,3.280,3.446,-11.472,-0.370,2.070,0.000
0.686,-0.945,-2.707,3.158,3.433,-12.658,-1.362,-0.803,0.000
0.169,-2.667,-3.006,4.540,3.818,-13.491,-3.589,-3.826,0.000
-0.095,-3.264,-2.787,7.101,4.392,-14.030,-6.793,-6.640,0.000
0.214,-2.564,-2.076,9.970,4.988,-14.419,-10.155,-8.693,0.000
1.355,-0.823,-1.248,12.171,5.501,-14.781,-12.722,-9.446,0.000
3.234,1.444,-0.858,13.223,5.871,-15.076,-14.032,-8.810,0.000
5.297,3.589,-1.527,13.360,6.061,-15.030,-14.340,-7.312,0.000
6.803,5.039,-3.684,13.206,6.050,-14.282,-14.302,-5.741,0.000
7.242,5.522,-7.094,13.297,5.860,-12.622,-14.481,-4.582,0.000
6.502,5.113,-10.693,13.835,5.575,-10.103,-15.105,-3.767,0.000
4.816,4.060,-13.128,14.698,5.327,-7.032,-16.104,-2.908,0.000
2.757,2.605,-13.559,15.494,5.297,-4.069,-17.206,-1.735,0.000
1.207,0.894,-11.971,15.611,5.717,-2.275,-18.026,-0.338,0.000
0.973,-0.995,-8.913,14.494,6.762,-2.664,-18.231,0.941,0.000
2.147,-2.943,-5.189,12.081,8.321,-5.384,-17.767,1.744,0.000
3.872,-4.716,-1.679,8.963,9.904,-9.404,-16.919,1.824,0.000
4.905,-6.032,0.902,6.004,10.901,-13.150,-16.107,1.117,0.000
4.502,-6.708,2.274,3.792,10.994,-15.451,-15.585,-0.147,0.000
2.810,-6.705,2.630,2.413,10.329,-15.929,-15.308,-1.416,0.000
0.563,-6.115,2.420,1.616,9.309,-14.834,-15.028,-2.075,0.000
-1.369,-5.175,2.135,1.112,8.265,-12.765,-14.440,-1.792,0.000
-2.230,-4.261,2.207,0.743,7.288,-10.468,-13.261,-0.651,0.000
-1.563,-3.732,2.933,0.463,6.299,-8.597,-11.332,1.032,0.000
0.517,-3.666,4.351,0.191,5.228,-7.502,-8.802,2.958,0.000
3.282,-3.772,6.211,-0.290,4.126,-7.210,-6.193,4.956,0.000
5.805,-3.583,8.096,-1.266,3.162,-7.536,-4.135,6.924,0.000
7.496,-2.778,9.512,-2.929,2.580,-8.129,-2.967,8.612,0.000
8.300,-1.313,9.903,-5.296,2.680,-8.501,-2.589,9.489,0.000
8.470,0.639,8.846,-8.206,3.677,-8.193,-2.626,8.961,0.000
8.194,2.779,6.437,-11.247,5.436,-7.057,-2.683,6.833,0.000
7.398,4.725,3.427,-13.723,7.371,-5.355,-2.465,3.505,0.000
5.891,6.115,0.824,-14.940,8.728,-3.573,-1.825,-0.254,0.000
3.763,6.703,-0.702,-14.672,9.012,-2.183,-0.804,-3.552,0.000
1.587,6.363,-1.053,-13.333,8.152,-1.543,0.388,-5.480,0.000
0.133,5.064,-0.534,-11.664,6.379,-1.862,1.521,-5.381,0.000
-0.173,2.911,0.403,-10.312,4.083,-3.145,2.537,-3.326,0.000
0.521,0.156,1.318,-9.635,1.724,-5.209,3.621,-0.263,0.000
1.680,-2.866,1.916,-9.696,-0.309,-7.764,5.023,2.514,0.000
2.662,-5.741,2.173,-10.254,-1.864,-10.425,6.719,4.098,0.000
2.863,-7.951,2.351,-10.812,-3.039,-12.691,8.254,4.262,0.000
1.924,-9.023,2.779,-10.845,-4.018,-14.053,9.014,3.308,0.000
0.079,-8.782,3.523,-10.125,-4.798,-14.178,8.722,1.877,0.000
-1.746,-7.437,4.242,-8.831,-5.070,-12.940,7.648,0.804,0.000
-2.444,-5.435,4.435,-7.349,-4.445,-10.412,6.357,0.787,0.000
-1.525,-3.346,3.852,-6.003,-2.929,-6.961,5.278,1.901,0.000
0.551,-1.800,2.683,-4.925,-1.130,-3.286,4.503,3.431,0.000
2.798,-1.272,1.364,-4.070,0.082,-0.169,3.879,4.341,0.000
4.325,-1.683,0.254,-3.254,0.163,1.837,3.233,3.970,0.000
4.629,-2.266,-0.524,-2.204,-0.851,2.508,2.504,2.320,0.000
3.643,-2.013,-1.043,-0.670,-2.501,1.912,1.727,-0.168,0.000
1.811,-0.398,-1.484,1.384,-4.123,0.445,0.931,-2.940,0.000
0.056,2.320,-2.055,3.713,-4.975,-1.173,0.072,-5.512,0.000
-0.635,5.393,-2.891,5.958,-4.497,-2.173,-0.936,-7.526,0.000
0.197,7.998,-3.906,7.873,-2.708,-2.104,-2.122,-8.706,0.000
2.280,9.450,-4.745,9.421,-0.334,-0.954,-3.396,-8.768,0.000
4.910,9.371,-4.965,10.678,1.598,1.001,-4.593,-7.497,0.000
7.322,7.952,-4.327,11.656,2.324,3.357,-5.548,-5.019,0.000
8.859,5.997,-2.908,12.193,1.556,5.667,-6.131,-1.918,0.000
9.098,4.468,-0.978,12.053,-0.590,7.526,-6.300,0.992,0.000
8.005,3.807,1.142,11.141,-3.655,8.627,-6.211,2.980,0.000
5.956,3.683,3.154,9.606,-6.898,8.741,-6.248,3.501,0.000
3.524,3.375,4.847,7.735,-9.560,7.788,-6.778,2.291,0.000
1.299,2.431,6.155,5.822,-11.160,6.090,-7.711,-0.420,0.000
-0.164,0.989,7.153,4.093,-11.569,4.480,-8.302,-3.859,0.000
-0.474,-0.383,7.998,2.669,-10.918,3.930,-7.584,-7.073,0.000
0.360,-0.974,8.900,1.526,-9.541,4.949,-5.111,-9.396,0.000
1.862,-0.087,10.107,0.503,-7.940,7.336,-1.278,-10.610,0.000
3.350,2.687,11.854,-0.624,-6.631,10.415,3.023,-10.791,0.000
4.285,6.928,14.273,-2.055,-5.979,13.306,6.906,-10.093,0.000
4.397,11.201,17.356,-3.938,-6.163,15.056,9.726,-8.604,0.000
3.639,13.773,20.961,-6.337,-7.169,14.906,11.175,-6.377,0.000
2.102,13.729,24.699,-9.140,-8.695,12.711,11.395,-3.653,0.000
-0.046,11.410,27.883,-12.013,-10.114,9.050,10.944,-0.987,0.000
-2.594,7.938,29.769,-14.539,-10.712,4.861,10.477,0.954,0.000
-5.180,4.565,29.968,-16.391,-10.042,1.037,10.344,1.732,0.000
-7.222,2.350,28.580,-17.390,-8.043,-1.733,10.434,1.277,0.000
-8.118,1.952,26.023,-17.502,-4.966,-3.079,10.377,-0.176,0.000
-7.631,3.395,22.879,-16.885,-1.370,-3.160,9.865,-2.097,0.000
-6.032,6.073,19.809,-15.879,1.888,-2.693,8.805,-3.686,0.000
-3.921,9.101,17.368,-14.857,3.934,-2.543,7.277,-4.140,0.000
-2.029,11.679,15.780,-14.038,4.273,-3.124,5.453,-3.046,0.000
-1.132,13.198,14.882,-13.417,2.903,-4.167,3.537,-0.505,0.000
-1.773,13.267,14.273,-12.857,0.193,-5.066,1.733,3.033,0.000
-3.770,11.775,13.442,-12.226,-3.152,-5.483,0.261,6.863,0.000
-6.042,8.860,11.827,-11.474,-6.124,-5.631,-0.603,10.076,0.000
-7.184,4.851,9.020,-10.623,-7.756,-6.026,-0.645,11.874,0.000
-6.351,0.378,5.173,-9.750,-7.674,-6.978,0.030,12.094,0.000
-3.619,-3.558,1.145,-8.960,-6.262,-8.335,0.887,11.362,0.000
0.292,-5.939,-1.973,-8.331,-4.331,-9.639,1.229,10.644,0.000
4.340,-6.324,-3.604,-7.822,-2.669,-10.437,0.637,10.548,0.000
7.350,-5.060,-3.982,-7.249,-1.850,-10.439,-0.850,11.014,0.000
8.383,-2.975,-3.789,-6.410,-2.142,-9.562,-2.884,11.533,0.000
7.307,-1.018,-3.561,-5.323,-3.382,-7.982,-5.009,11.500,0.000
4.955,-0.093,-3.383,-4.336,-4.973,-6.116,-6.769,10.416,0.000
2.609,-0.815,-3.028,-3.928,-6.194,-4.429,-7.822,8.039,0.000
1.326,-3.124,-2.290,-4.373,-6.605,-3.212,-8.062,4.650,0.000
1.669,-6.177,-1.197,-5.600,-6.188,-2.508,-7.625,1.117,0.000
3.715,-8.837,0.005,-7.282,-5.203,-2.209,-6.738,-1.524,0.000
6.989,-10.334,0.924,-8.947,-3.994,-2.169,-5.553,-2.663,0.000
10.502,-10.526,1.064,-10.040,-2.885,-2.273,-4.072,-2.336,0.000
13.171,-9.732,0.035,-10.133,-2.142,-2.443,-2.285,-1.006,0.000
14.352,-8.508,-2.088,-9.300,-1.984,-2.585,-0.475,0.713,0.000
14.025,-7.503,-4.639,-8.230,-2.634,-2.562,0.624,2.203,0.000
12.627,-7.238,-6.729,-7.803,-4.215,-2.227,0.187,2.943,0.000
10.922,-7.826,-7.781,-8.391,-6.481,-1.521,-2.009,2.583,0.000
9.928,-8.904,-7.743,-9.554,-8.681,-0.505,-5.291,0.912,0.000
10.528,-9.906,-6.917,-10.408,-9.901,0.677,-8.505,-2.103,0.000
12.841,-10.460,-5.728,-10.208,-9.605,1.859,-10.618,-6.061,0.000
15.991,-10.544,-4.571,-8.617,-7.858,2.864,-10.974,-10.006,0.000
18.651,-10.370,-3.701,-5.682,-5.153,3.553,-9.371,-12.810,0.000
19.805,-10.177,-3.103,-1.804,-2.233,3.892,-6.211,-13.747,0.000
19.069,-10.114,-2.487,2.337,0.005,3.960,-2.496,-12.706,0.000
16.618,-10.200,-1.483,6.048,0.817,3.884,0.607,-10.053,0.000
13.144,-10.297,0.050,8.943,0.061,3.759,2.321,-6.548,0.000
9.773,-10.118,1.887,11.024,-1.659,3.606,2.441,-3.278,0.000
7.654,-9.396,3.590,12.527,-3.431,3.418,1.188,-1.282,0.000
7.412,-8.172,4.717,13.732,-4.636,3.235,-0.903,-1.044,0.000
8.989,-6.908,4.908,14.860,-5.204,3.193,-3.070,-2.344,0.000
11.885,-6.189,3.995,16.013,-5.407,3.450,-4.579,-4.555,0.000
15.368,-6.222,2.220,17.111,-5.477,4.036,-5.045,-6.994,0.000
18.585,-6.611,0.302,17.877,-5.388,4.781,-4.515,-9.083,0.000
20.781,-6.654,-0.911,17.985,-4.920,5.424,-3.326,-10.470,0.000
21.561,-5.817,-0.977,17.303,-3.858,5.773,-1.981,-11.162,0.000
20.937,-3.960,-0.078,15.985,-2.112,5.776,-1.079,-11.531,0.000
19.184,-1.273,1.217,14.324,0.249,5.470,-1.115,-12.055,0.000
16.746,1.811,2.263,12.553,2.913,4.888,-2.142,-12.953,0.000
14.185,4.685,2.492,10.753,5.299,4.003,-3.659,-14.028,0.000
12.020,6.756,1.576,8.918,6.798,2.758,-4.902,-14.865,0.000
10.517,7.660,-0.316,7.136,7.138,1.184,-5.250,-15.143,0.000
9.644,7.296,-2.450,5.693,6.507,-0.539,-4.388,-14.779,0.000
9.195,5.751,-3.946,4.933,5.360,-2.140,-2.330,-13.867,0.000
8.940,3.285,-4.412,4.966,4.181,-3.335,0.479,-12.561,0.000
8.699,0.310,-4.191,5.541,3.367,-3.854,3.140,-10.996,0.000
8.365,-2.720,-3.961,6.206,3.180,-3.526,4.691,-9.275,0.000
7.883,-5.404,-4.071,6.558,3.702,-2.472,4.676,-7.518,0.000
7.225,-7.399,-4.206,6.356,4.857,-1.162,3.346,-5.919,0.000
6.356,-8.480,-3.680,5.543,6.463,-0.189,1.331,-4.672,0.000
5.196,-8.683,-1.995,4.289,8.216,0.074,-0.818,-3.818,0.000
3.613,-8.340,0.878,2.976,9.666,-0.395,-2.843,-3.189,0.000
1.510,-7.882,4.566,2.030,10.372,-1.348,-4.722,-2.521,0.000
-0.963,-7.565,8.367,1.685,10.155,-2.364,-6.460,-1.649,0.000
-3.307,-7.363,11.312,1.921,9.192,-2.905,-7.939,-0.603,0.000
-4.897,-7.091,12.542,2.582,7.888,-2.524,-8.936,0.459,0.000
-5.336,-6.646,11.893,3.567,6.739,-1.205,-9.209,1.358,0.000
-4.590,-6.131,10.092,4.923,6.271,0.516,-8.545,1.947,0.000
-2.886,-5.758,8.245,6.768,6.876,1.860,-6.869,2.139,0.000
-0.624,-5.656,7.105,9.078,8.523,2.257,-4.487,1.930,0.000
1.689,-5.768,6.754,11.577,10.661,1.523,-2.184,1.388,0.000
3.561,-5.905,6.797,13.856,12.527,-0.187,-0.871,0.623,0.000
4.639,-5.844,6.702,15.546,13.579,-2.417,-1.011,-0.230,0.000
4.710,-5.373,5.999,16.390,13.665,-4.450,-2.410,-1.002,0.000
3.718,-4.347,4.444,16.269,12.937,-5.589,-4.450,-1.544,0.000
1.894,-2.760,2.254,15.283,11.735,-5.569,-6.398,-1.820,0.000
-0.195,-0.758,0.165,13.749,10.501,-4.683,-7.558,-1.933,0.000
-1.866,1.422,-0.946,12.044,9.594,-3.508,-7.463,-2.073,0.000
-2.609,3.502,-0.629,10.425,9.034,-2.526,-6.176,-2.442,0.000
-2.189,5.159,0.920,8.960,8.428,-1.945,-4.365,-3.215,0.000
-0.608,6.115,3.131,7.637,7.265,-1.758,-2.939,-4.444,0.000
1.893,6.283,5.419,6.548,5.425,-1.864,-2.550,-5.839,0.000
4.855,5.815,7.357,6.004,3.416,-2.162,-3.403,-6.674,0.000
7.765,5.009,8.690,6.373,2.067,-2.576,-5.350,-6.149,0.000
10.206,4.226,9.242,7.731,2.049,-3.011,-7.984,-4.032,0.000
11.884,3.859,8.825,9.718,3.663,-3.316,-10.712,-0.921,0.000
12.662,4.256,7.290,11.730,6.807,-3.314,-12.967,2.162,0.000
12.664,5.605,4.757,13.217,10.838,-2.883,-14.453,4.369,0.000
12.305,7.907,1.727,13.789,14.537,-1.986,-15.207,5.289,0.000
12.068,10.998,-1.137,13.250,16.614,-0.672,-15.445,4.939,0.000
12.194,14.431,-3.323,11.634,16.460,0.894,-15.381,3.752,0.000
12.556,17.429,-4.585,9.176,14.404,2.415,-15.128,2.508,0.000
12.813,19.173,-4.934,6.213,11.289,3.584,-14.724,1.983,0.000
12.682,19.283,-4.637,3.154,7.888,4.261,-14.233,2.447,0.000
12.053,17.992,-4.187,0.503,4.622,4.542,-13.809,3.491,0.000
10.987,15.903,-4.072,-1.252,1.612,4.673,-13.634,4.368,0.000
9.686,13.696,-4.449,-1.798,-1.121,4.951,-13.767,4.483,0.000
8.468,11.990,-5.031,-1.039,-3.479,5.681,-14.086,3.616,0.000
7.664,11.202,-5.351,0.923,-5.291,7.053,-14.353,1.915,0.000
7.502,11.366,-5.209,3.691,-6.409,8.903,-14.327,-0.075,0.000
8.078,12.110,-4.869,6.537,-6.772,10.625,-13.813,-1.429,0.000
9.336,12.897,-4.836,8.693,-6.469,11.486,-12.727,-1.251,0.000
10.927,13.341,-5.436,9.780,-5.923,11.130,-11.240,0.661,0.000
12.144,13.321,-6.625,9.957,-5.964,9.785,-9.822,3.571,0.000
12.244,12.902,-8.083,9.699,-7.433,8.024,-8.960,6.290,0.000
10.974,12.199,-9.382,9.478,-10.496,6.440,-8.678,7.891,0.000
8.790,11.295,-10.077,9.602,-14.362,5.472,-8.346,8.005,0.000
6.533,10.248,-9.843,10.171,-17.764,5.337,-7.099,6.729,0.000
4.970,9.201,-8.694,11.010,-19.684,5.915,-4.599,4.472,0.000
4.591,8.439,-7.032,11.683,-19.652,6.760,-1.378,1.830,0.000
5.546,8.265,-5.407,11.730,-17.710,7.349,1.569,-0.624,0.000
7.509,8.742,-4.192,11.052,-14.408,7.434,3.440,-2.500,0.000
9.680,9.584,-3.460,10.044,-10.727,7.176,3.923,-3.616,0.000
11.170,10.326,-3.077,9.279,-7.675,6.951,3.109,-3.938,0.000
11.561,10.602,-2.865,8.972,-5.773,7.046,1.324,-3.569,0.000
11.102,10.258,-2.693,8.736,-4.897,7.521,-1.027,-2.735,0.000
10.416,9.352,-2.486,7.904,-4.573,8.277,-3.579,-1.756,0.000
10.062,8.178,-2.178,6.112,-4.383,9.204,-6.058,-1.100,0.000
10.326,7.245,-1.672,3.584,-4.178,10.273,-8.248,-1.427,0.000
11.239,7.054,-0.889,0.910,-4.017,11.531,-9.969,-3.318,0.000
12.638,7.739,0.111,-1.309,-3.999,13.035,-11.078,-6.724,0.000
14.230,8.932,1.064,-2.645,-4.161,14.803,-11.448,-10.746,0.000
15.698,10.015,1.666,-2.929,-4.485,16.763,-10.993,-14.129,0.000
16.753,10.468,1.858,-2.376,-4.979,18.639,-9.744,-16.021,0.000
17.128,10.028,1.962,-1.585,-5.730,19.884,-7.877,-16.280,0.000
16.621,8.710,2.461,-1.243,-6.830,19.897,-5.642,-15.276,0.000
15.228,6.899,3.630,-1.712,-8.206,18.379,-3.320,-13.614,0.000
13.185,5.357,5.365,-2.873,-9.520,15.469,-1.222,-11.946,0.000
10.874,4.852,7.282,-4.347,-10.335,11.608,0.376,-10.784,0.000
8.742,5.569,8.847,-5.803,-10.387,7.445,1.320,-10.310,0.000
7.278,6.879,9.452,-7.101,-9.695,3.793,1.591,-10.352,0.000
6.867,7.784,8.650,-8.191,-8.473,1.364,1.291,-10.581,0.000
7.527,7.594,6.600,-8.841,-7.006,0.352,0.691,-10.726,0.000
8.821,6.241,4.216,-8.477,-5.585,0.317,0.241,-10.668,0.000
10.119,4.118,2.670,-6.502,-4.463,0.564,0.379,-10.394,0.000
10.949,1.850,2.605,-2.977,-3.849,0.712,1.185,-9.906,0.000
11.150,0.155,3.828,1.066,-3.943,0.955,2.253,-9.161,0.000
10.805,-0.383,5.644,4.159,-4.878,1.760,2.951,-8.125,0.000
10.162,0.385,7.381,5.245,-6.531,3.283,2.843,-6.928,0.000
9.557,2.104,8.653,4.037,-8.442,5.070,1.860,-5.948,0.000
9.301,4.172,9.373,0.903,-10.010,6.364,0.166,-5.633,0.000
9.533,6.034,9.673,-3.211,-10.773,6.657,-2.061,-6.181,0.000
10.183,7.302,9.810,-6.873,-10.517,5.959,-4.767,-7.414,0.000
11.036,7.814,10.045,-8.693,-9.277,4.661,-7.973,-8.908,0.000
11.770,7.749,10.545,-8.089,-7.414,3.313,-11.563,-10.183,0.000
11.967,7.637,11.375,-5.509,-5.621,2.481,-15.156,-10.772,0.000
11.253,8.053,12.532,-1.943,-4.639,2.554,-18.215,-10.341,0.000
9.568,9.131,13.969,1.712,-4.839,3.438,-20.214,-8.854,0.000
7.258,10.357,15.597,4.942,-6.075,4.481,-20.690,-6.620,0.000
4.877,10.924,17.282,7.560,-7.906,4.830,-19.370,-4.123,0.000
2.945,10.305,18.764,9.512,-9.882,3.969,-16.462,-1.881,0.000
1.849,8.507,19.619,10.703,-11.687,1.938,-12.753,-0.399,0.000
1.802,5.929,19.416,11.016,-13.158,-0.839,-9.224,-0.054,0.000
2.770,3.142,18.044,10.501,-14.263,-3.740,-6.549,-0.873,0.000
4.473,0.771,15.828,9.466,-15.044,-6.041,-4.896,-2.479,0.000
6.508,-0.722,13.321,8.321,-15.558,-7.109,-4.053,-4.303,0.000
8.423,-1.328,11.033,7.336,-15.839,-6.656,-3.589,-5.861,0.000
9.718,-1.579,9.314,6.523,-15.885,-4.784,-2.964,-6.857,0.000
9.905,-2.198,8.327,5.708,-15.690,-1.845,-1.731,-7.175,0.000
8.596,-3.611,8.006,4.669,-15.303,1.631,0.199,-6.868,0.000
5.506,-5.728,8.083,3.213,-14.865,4.964,2.463,-6.114,0.000
0.580,-8.094,8.232,1.273,-14.544,7.512,4.478,-5.108,0.000
-5.572,-10.087,8.235,-0.915,-14.440,8.929,5.736,-3.953,0.000
-11.477,-11.007,8.029,-2.752,-14.547,9.225,5.914,-2.624,0.000
-15.430,-10.317,7.647,-3.564,-14.743,8.654,4.921,-1.054,0.000
-16.481,-8.033,7.117,-3.092,-14.735,7.636,3.031,0.690,0.000
-14.810,-4.853,6.401,-1.683,-14.042,6.709,0.905,2.322,0.000
-11.334,-1.746,5.422,-0.028,-12.202,6.368,-0.711,3.474,0.000
-7.229,0.606,4.144,1.185,-9.183,6.837,-1.418,3.937,0.000
-3.675,2.030,2.613,1.441,-5.549,8.015,-1.329,3.758,0.000
-1.562,2.688,0.941,0.520,-2.142,9.595,-0.877,3.159,0.000
-1.149,2.773,-0.715,-1.262,0.363,11.195,-0.557,2.434,0.000
-2.011,2.324,-2.151,-2.989,1.647,12.411,-0.802,1.886,0.000
-3.392,1.284,-3.178,-3.584,1.710,12.906,-1.894,1.736,0.000
-4.568,-0.262,-3.716,-2.484,0.861,12.543,-3.858,1.979,0.000
-4.999,-1.941,-3.817,0.116,-0.347,11.404,-6.454,2.343,0.000
-4.390,-3.239,-3.635,3.535,-1.322,9.721,-9.314,2.453,0.000
-2.808,-3.750,-3.418,6.958,-1.672,7.849,-12.064,2.070,0.000
-0.688,-3.285,-3.506,9.604,-1.264,6.264,-14.356,1.187,0.000
1.389,-1.915,-4.168,10.906,-0.170,5.400,-15.923,-0.061,0.000
2.942,-0.111,-5.294,10.731,1.369,5.376,-16.688,-1.511,0.000
3.673,1.213,-6.267,9.410,2.962,5.911,-16.779,-3.043,0.000
3.493,1.121,-6.310,7.489,4.211,6.514,-16.444,-4.563,0.000
2.618,-0.651,-5.069,5.478,4.900,6.765,-16.002,-5.918,0.000
1.572,-3.427,-2.867,3.752,5.045,6.427,-15.808,-6.824,0.000
0.939,-6.046,-0.459,2.504,4.812,5.458,-16.145,-6.957,0.000
0.976,-7.540,1.290,1.677,4.415,4.034,-17.000,-6.138,0.000
1.479,-7.416,1.555,0.967,4.066,2.529,-17.992,-4.401,0.000
2.041,-5.664,-0.188,0.019,3.916,1.329,-18.607,-1.973,0.000
2.498,-2.788,-3.691,-1.289,3.993,0.581,-18.567,0.686,0.000
3.137,0.238,-7.773,-2.720,4.179,0.097,-17.983,2.857,0.000
4.479,2.380,-10.904,-3.831,4.281,-0.460,-17.164,3.832,0.000
6.828,3.076,-12.002,-4.206,4.086,-1.286,-16.311,3.351,0.000
10.054,2.410,-10.740,-3.550,3.382,-2.288,-15.352,1.759,0.000
13.683,0.899,-7.452,-1.770,2.019,-3.163,-14.061,-0.253,0.000
16.983,-0.748,-3.139,0.836,0.058,-3.502,-12.317,-1.966,0.000
19.014,-1.738,0.580,3.519,-2.180,-2.858,-10.254,-2.763,0.000
18.962,-1.453,2.093,5.385,-4.256,-0.957,-8.144,-2.244,0.000
16.725,0.163,0.749,5.835,-5.799,1.849,-6.220,-0.390,0.000
13.108,2.483,-2.817,4.715,-6.571,4.406,-4.572,2.411,0.000
9.338,4.654,-7.245,2.249,-6.484,5.337,-3.178,5.565,0.000
6.410,6.271,-11.176,-0.940,-5.666,3.996,-1.976,8.440,0.000
